amostra_id,idade_label,epsilon_t,pred_Ridge,erro_Ridge,pred_Random Forest,erro_Random Forest,pred_Gradient Boosting,erro_Gradient Boosting,pred_Extra Trees,erro_Extra Trees
0,12 h,0.0,32.30452495323388,32.30452495323388,0.21055555555555558,0.21055555555555558,17.272830023472437,17.272830023472437,0.09,0.09
0,1 dia,30.0,37.676166216117224,7.676166216117224,24.40660422910422,5.593395770895778,31.124778238944184,1.1247782389441845,27.441904761904755,2.5580952380952446
0,3 dias,-50.0,41.68071687916168,91.68071687916168,57.1604256854257,107.16042568542571,60.15050402004579,110.15050402004579,59.71738095238093,109.71738095238092
0,7 dias,-180.0,34.22219230597008,214.22219230597008,82.7876226551227,262.78762265512273,79.05798728826115,259.05798728826113,89.34142857142861,269.3414285714286
0,14 dias,-360.0,-83.88418253164734,276.11581746835265,-36.55594155844157,323.4440584415584,-49.41146381401584,310.58853618598414,-35.31642857142857,324.68357142857144
0,28 dias,-590.0,-199.2466352210583,390.75336477894166,-140.49494949494948,449.5050505050505,-165.03315399256564,424.96684600743436,-152.40857142857146,437.59142857142854
0,56 dias,-760.0,-333.0665222479813,426.9334777520187,-328.628373015873,431.371626984127,-297.3641181241818,462.6358818758182,-317.9433333333332,442.0566666666668
1,12 h,0.0,-50.2006896160658,50.2006896160658,-2.5462121212121214,2.5462121212121214,0.6562480272951543,0.6562480272951543,0.0,0.0
1,1 dia,40.0,-35.692494520557034,75.69249452055703,40.82613858363859,0.8261385836385884,19.56402696595585,20.43597303404415,34.53428571428574,5.465714285714263
1,3 dias,80.0,-19.81798751981654,99.81798751981654,90.91757936507938,10.917579365079376,34.22148156002439,45.77851843997561,77.4377777777778,2.5622222222222035
1,7 dias,120.0,-22.2416353888392,142.2416353888392,141.50123376623375,21.501233766233753,8.829508382613263,111.17049161738674,132.74083333333337,12.74083333333337
1,14 dias,-30.0,-146.10532131790208,116.10532131790208,-62.678043623043635,32.678043623043635,-134.53446590618992,104.53446590618992,-17.169523809523813,12.830476190476187
1,28 dias,-250.0,-268.1199545230082,18.119954523008175,-210.77888472638477,39.221115273615226,-265.5221192513062,15.522119251306208,-176.84166666666664,73.15833333333336
1,56 dias,-500.0,-405.933065947349,94.06693405265099,-382.56283910533915,117.43716089466085,-444.0987019321693,55.90129806783068,-347.2994047619046,152.7005952380954
2,12 h,-10.0,-30.237684375156093,20.237684375156093,0.9999603174603178,10.999960317460317,3.612556885463465,13.612556885463466,2.598333333333335,12.598333333333334
2,1 dia,0.0,-15.944973426670913,15.944973426670913,32.02970779220779,32.02970779220779,26.124637157057446,26.124637157057446,10.588333333333335,10.588333333333335
2,3 dias,10.0,-11.507942582370646,21.507942582370646,74.2985678210678,64.2985678210678,53.170820874129134,43.170820874129134,35.673333333333325,25.673333333333325
2,7 dias,30.0,-14.432442044849424,44.432442044849424,103.21017676767678,73.21017676767678,69.89075953564698,39.89075953564698,39.87666666666669,9.876666666666686
2,14 dias,-160.0,-135.3416830106613,24.658316989338687,-74.74369019869017,85.25630980130983,-75.21539812858579,84.78460187141421,-108.82857142857141,51.17142857142859
2,28 dias,-310.0,-252.55584839552307,57.44415160447693,-187.13965367965366,122.86034632034634,-194.05201185821673,115.94798814178327,-210.64833333333337,99.35166666666663
2,56 dias,-420.0,-385.1856180141678,34.8143819858322,-315.12609668109667,104.87390331890333,-317.68094956307436,102.31905043692564,-348.8283333333334,71.17166666666662
3,12 h,0.0,61.98606764356501,61.98606764356501,0.7966666666666665,0.7966666666666665,8.965291922009284,8.965291922009284,0.9666666666666669,0.9666666666666669
3,1 dia,-30.0,67.35770890644835,97.35770890644835,44.177460317460316,74.17746031746032,33.781462176311614,63.781462176311614,39.943333333333335,69.94333333333333
3,3 dias,-60.0,71.3622595694928,131.3622595694928,52.19007936507936,112.19007936507936,61.6011034934881,121.6011034934881,46.25333333333334,106.25333333333333
3,7 dias,-120.0,63.90373499630121,183.9037349963012,68.15228909978907,188.15228909978907,83.89915940414389,203.8991594041439,54.75666666666665,174.75666666666666
3,14 dias,-240.0,-54.20263984131621,185.79736015868377,-51.842932900432885,188.15706709956712,-41.56591432067349,198.4340856793265,-94.92833333333334,145.07166666666666
3,28 dias,-300.0,-169.5650925307272,130.4349074692728,-135.1240567765568,164.8759432234432,-159.69634166478133,140.30365833521867,-173.26309523809527,126.73690476190473
3,56 dias,-410.0,-303.3849795576502,106.61502044234982,-271.85170634920627,138.14829365079373,-298.09080002196663,111.90919997803337,-280.3133333333333,129.68666666666672
4,12 h,0.0,57.69781115611883,57.69781115611883,-0.06,0.06,23.522406421147245,23.522406421147245,0.0,0.0
4,1 dia,30.0,72.20600625162757,42.20600625162757,31.894790209790212,1.8947902097902123,42.43018535980796,12.430185359807957,33.73833333333333,3.7383333333333297
4,3 dias,60.0,88.08051325236812,28.08051325236812,78.60723304473305,18.60723304473305,69.32063939333361,9.320639393333607,76.31333333333333,16.313333333333333
4,7 dias,100.0,85.65686538334546,14.343134616654538,107.97737012987012,7.977370129870124,84.00971298212167,15.99028701787833,103.23333333333333,3.2333333333333343
4,14 dias,-110.0,-38.20682054571745,71.79317945428255,-55.17532828282829,54.82467171717171,-33.12188254884227,76.87811745115772,-64.40809523809524,45.59190476190476
4,28 dias,-290.0,-160.2214537508235,129.7785462491765,-158.42982323232326,131.57017676767674,-152.0477454947569,137.9522545052431,-170.85190476190473,119.14809523809527
4,56 dias,-400.0,-298.03456517516435,101.96543482483565,-307.36138916638924,92.63861083361076,-286.978440009052,113.02155999094799,-309.55000000000024,90.44999999999976
5,12 h,0.0,-40.20631378640141,40.20631378640141,0.0,0.0,-4.281962024180599,4.281962024180599,0.0,0.0
5,1 dia,-40.0,-25.91360283791623,14.08639716208377,-14.798937173937167,25.20106282606283,-25.853118650965527,14.146881349034473,-29.83000000000001,10.169999999999991
5,3 dias,-100.0,-21.47657199361599,78.52342800638401,-34.15197330447329,65.84802669552671,-57.47438911329819,42.52561088670181,-62.845,37.155
5,7 dias,-450.0,-24.40107145609477,425.59892854390523,-72.23984126984128,377.7601587301587,-96.81620144971956,353.18379855028047,-107.18666666666662,342.8133333333334
5,14 dias,-560.0,-145.31031242190664,414.68968757809336,-176.11322954822958,383.8867704517704,-196.8727004586769,363.1272995413231,-184.80333333333337,375.1966666666666
5,28 dias,-870.0,-262.5244778067684,607.4755221932317,-300.83446969696973,569.1655303030302,-298.89393656385397,571.1060634361461,-313.2483333333332,556.7516666666668
5,56 dias,-1000.0,-395.1542474254131,604.8457525745869,-482.98383477633485,517.0161652236652,-421.1226047785696,578.8773952214303,-474.36000000000007,525.6399999999999
6,12 h,0.0,-159.78933012527813,159.78933012527813,0.0,0.0,-29.237000752545246,29.237000752545246,0.0,0.0
6,1 dia,-50.0,-154.4176888623948,104.41768886239481,-54.63735431235434,4.63735431235434,-59.20412758913103,9.204127589131033,-38.780476190476186,11.219523809523814
6,3 dias,-130.0,-150.41313819935036,20.413138199350357,-120.07621212121214,9.923787878787863,-108.66937761539076,21.330622384609242,-85.54666666666661,44.45333333333339
6,7 dias,-290.0,-157.87166277254195,132.12833722745805,-191.06460456210453,98.93539543789547,-151.67059001234165,138.32940998765835,-138.40666666666658,151.59333333333342
6,14 dias,-450.0,-275.9780376101594,174.0219623898406,-285.3791991341992,164.6208008658008,-240.14823891625474,209.85176108374526,-244.3516666666668,205.6483333333332
6,28 dias,-580.0,-391.3404902995704,188.65950970042962,-403.6906998556999,176.3093001443001,-364.36323082239556,215.63676917760444,-351.8516666666666,228.14833333333343
6,56 dias,-760.0,-525.1603773264933,234.8396226735067,-499.87766233766246,260.12233766233754,-564.341436792398,195.65856320760201,-475.025,284.975
7,12 h,0.0,58.61211148101631,58.61211148101631,-1.3876298701298706,1.3876298701298706,22.804489051315784,22.804489051315784,0.41999999999999993,0.41999999999999993
7,1 dia,110.0,73.12030657652508,36.87969342347492,29.968866688866687,80.03113331113332,41.712267989976496,68.2877320100235,29.055476190476178,80.94452380952382
7,3 dias,190.0,88.99481357726557,101.00518642273443,82.39652625152627,107.60347374847373,68.60272202350215,121.39727797649785,72.44841269841271,117.55158730158729
7,7 dias,220.0,86.57116570824297,133.42883429175703,106.63728174603176,113.36271825396824,83.29179561229022,136.70820438770977,93.93785714285714,126.06214285714286
7,14 dias,-40.0,-37.292520220819966,2.7074797791800336,-71.037803030303,31.037803030302996,-33.839799918673734,6.160200081326266,-59.72119047619046,19.721190476190458
7,28 dias,-270.0,-159.30715342592606,110.69284657407394,-150.38599206349204,119.61400793650796,-152.76566286458836,117.23433713541164,-175.73000000000005,94.26999999999995
7,56 dias,-390.0,-297.12026485026684,92.87973514973316,-279.5808513708514,110.4191486291486,-286.978440009052,103.02155999094799,-283.1650000000001,106.83499999999992
8,12 h,0.0,-40.20631378640141,40.20631378640141,0.0,0.0,-4.281962024180599,4.281962024180599,0.0,0.0
8,1 dia,-90.0,-25.91360283791623,64.08639716208377,-14.798937173937167,75.20106282606284,-25.853118650965527,64.14688134903447,-29.83000000000001,60.16999999999999
8,3 dias,-250.0,-21.47657199361599,228.523428006384,-34.15197330447329,215.8480266955267,-57.47438911329819,192.52561088670183,-62.845,187.155
8,7 dias,-370.0,-24.40107145609477,345.59892854390523,-72.23984126984128,297.7601587301587,-96.81620144971956,273.18379855028047,-107.18666666666662,262.8133333333334
8,14 dias,-500.0,-145.31031242190664,354.68968757809336,-176.11322954822958,323.8867704517704,-196.8727004586769,303.1272995413231,-184.80333333333337,315.1966666666666
8,28 dias,-580.0,-262.5244778067684,317.4755221932316,-300.83446969696973,279.16553030303027,-298.89393656385397,281.10606343614603,-313.2483333333332,266.7516666666668
8,56 dias,-740.0,-395.1542474254131,344.8457525745869,-482.98383477633485,257.01616522366515,-421.1226047785696,318.8773952214304,-474.36000000000007,265.63999999999993
9,12 h,0.0,20.831721470677223,20.831721470677223,0.26577922077922084,0.26577922077922084,-5.921184530821937,5.921184530821937,0.08166666666666667,0.08166666666666667
9,1 dia,70.0,26.203362733560596,43.796637266439404,19.189595404595405,50.81040459540459,7.930763684649812,62.06923631535019,35.91583333333334,34.08416666666666
9,3 dias,150.0,30.20791339660508,119.79208660339492,26.047341269841255,123.95265873015875,33.607469518918975,116.39253048108102,79.07285714285716,70.92714285714284
9,7 dias,170.0,22.749388823413454,147.25061117658655,39.75722222222222,130.24277777777777,31.057783669589202,138.9422163304108,112.45333333333333,57.54666666666667
9,14 dias,-60.0,-95.35698601420398,35.35698601420398,-82.69464285714288,22.69464285714288,-125.98142377125407,65.98142377125407,-78.95214285714285,18.952142857142846
9,28 dias,-260.0,-210.71943870361497,49.28056129638503,-266.6743711843712,6.674371184371182,-256.90804607193576,3.0919539280642425,-196.45333333333332,63.54666666666668
9,56 dias,-270.0,-344.53932573053794,74.53932573053794,-407.75166833166827,137.75166833166827,-394.0092692656318,124.00926926563181,-330.11833333333345,60.11833333333345
10,12 h,0.0,-142.57038491067624,142.57038491067624,0.0,0.0,-59.41386068943602,59.41386068943602,0.0,0.0
10,1 dia,-40.0,-128.06218981516747,88.06218981516747,-57.09273809523809,17.09273809523809,-74.76531671952121,34.76531671952121,-51.51666666666666,11.516666666666659
10,3 dias,-120.0,-112.18768281442696,7.812317185573036,-106.14155122655121,13.858448773448785,-99.25425379861281,20.745746201387192,-109.29666666666667,10.703333333333333
10,7 dias,-170.0,-114.61133068344961,55.38866931655039,-150.4246717171717,19.57532828282831,-138.34455552833214,31.655444471667863,-144.83500000000004,25.164999999999964
10,14 dias,-380.0,-238.4750166125125,141.5249833874875,-227.75289682539685,152.24710317460315,-226.24300774608014,153.75699225391986,-216.03500000000003,163.96499999999997
10,28 dias,-550.0,-360.48964981761856,189.51035018238144,-338.0072616272617,211.9927383727383,-330.237562259351,219.76243774064898,-334.51166666666666,215.48833333333334
10,56 dias,-660.0,-498.3027612419594,161.6972387580406,-467.6839898989898,192.3160101010102,-447.52451917295815,212.47548082704185,-474.99000000000024,185.00999999999976
11,12 h,0.0,16.301462920651872,16.301462920651872,0.0,0.0,9.206106750563608,9.206106750563608,0.0,0.0
11,1 dia,10.0,30.594173869137066,20.594173869137066,21.4045929070929,11.404592907092901,39.08263196576225,29.082631965762253,26.88333333333333,16.88333333333333
11,3 dias,20.0,35.031204713437305,15.031204713437305,47.41531884781886,27.41531884781886,66.12881568283382,46.12881568283382,53.50499999999999,33.50499999999999
11,7 dias,50.0,32.10670525095851,17.893294749041488,64.06571567321565,14.06571567321565,87.4054897400132,37.405489740013195,75.91833333333335,25.91833333333335
11,14 dias,-100.0,-88.80253571485338,11.197464285146623,-76.81121933621934,23.188780663780662,-46.9333242325056,53.0666757674944,-81.70500000000001,18.294999999999987
11,28 dias,-220.0,-206.01670109971514,13.983298900284865,-188.9425072150072,31.057492784992803,-172.31020889414745,47.68979110585255,-209.97333333333327,10.026666666666728
11,56 dias,-380.0,-338.64647071835986,41.353529281640135,-332.4638492063492,47.53615079365079,-303.66888153454113,76.33111846545887,-328.9825,51.017499999999984
12,12 h,0.0,-45.90743678415116,45.90743678415116,0.0,0.0,-17.780813255410262,17.780813255410262,0.0,0.0
12,1 dia,-50.0,-40.5357955212678,9.4642044787322,-50.205977633477644,0.20597763347764442,-47.747940091996064,2.252059908003936,-47.98333333333333,2.016666666666673
12,3 dias,-150.0,-36.531244858223346,113.46875514177665,-105.00300505050505,44.99699494949495,-91.82203178391184,58.17796821608816,-107.09666666666669,42.90333333333331
12,7 dias,-270.0,-43.98976943141497,226.01023056858503,-154.36623015873013,115.63376984126987,-134.82324418086273,135.17675581913727,-159.85166666666663,110.14833333333337
12,14 dias,-370.0,-162.09614426903238,207.90385573096762,-242.1776154401154,127.8223845598846,-213.09751905973766,156.90248094026234,-248.09833333333327,121.90166666666673
12,28 dias,-480.0,-277.45859695844337,202.54140304155663,-350.33083694083695,129.66916305916305,-315.1481573433584,164.85184265664162,-355.439761904762,124.56023809523799
12,56 dias,-650.0,-411.27848398536634,238.72151601463366,-485.9799511599511,164.0200488400489,-427.4892596049664,222.51074039503362,-479.9919047619047,170.00809523809528
13,12 h,10.0,-11.829416307902278,21.829416307902278,-0.7672619047619047,10.767261904761904,13.3585267395476,3.3585267395475995,-1.5983333333333332,11.598333333333333
13,1 dia,0.0,2.678778787606518,2.678778787606518,33.067334332334326,33.067334332334326,28.991855953808372,28.991855953808372,11.269047619047617,11.269047619047617
13,3 dias,20.0,18.55328578834701,1.4467142116529885,77.90778998778998,57.90778998778998,52.79957253864436,32.79957253864436,59.94166666666666,39.94166666666666
13,7 dias,20.0,16.12963791932438,3.870362080675619,96.83679584304583,76.83679584304583,67.48864612743239,47.48864612743239,54.99666666666666,34.99666666666666
13,14 dias,-180.0,-107.7340480097385,72.2659519902615,-73.32,106.68,-63.54058082469904,116.45941917530095,-112.96714285714287,67.03285714285713
13,28 dias,-250.0,-229.7486812148446,20.251318785155405,-175.87820568320564,74.12179431679436,-187.20839213130935,62.79160786869065,-216.14738095238098,33.852619047619015
13,56 dias,-370.0,-367.56179263918546,2.4382073608145447,-308.69860028860035,61.301399711399654,-313.6790639263468,56.32093607365317,-346.76,23.24000000000001
14,12 h,0.0,-176.84812595559356,176.84812595559356,0.0,0.0,-25.72981553780437,25.72981553780437,0.0,0.0
14,1 dia,-60.0,-162.55541500710837,102.55541500710837,-53.57007936507935,6.429920634920649,-50.91073687217852,9.089263127821482,-48.02999999999998,11.97000000000002
14,3 dias,-180.0,-158.11838416280813,21.881615837191873,-97.39390692640694,82.60609307359306,-82.53200733451119,97.46799266548881,-93.86,86.14
14,7 dias,-300.0,-161.0428836252869,138.9571163747131,-165.43580447330444,134.56419552669556,-125.9932113879753,174.0067886120247,-170.5533333333334,129.4466666666666
14,14 dias,-400.0,-281.95212459109877,118.04787540890123,-282.414034021534,117.58596597846599,-221.9303186798898,178.0696813201102,-281.9383333333333,118.06166666666672
14,28 dias,-530.0,-399.1662899759605,130.83371002403948,-376.17329365079354,153.82670634920646,-320.2474073522687,209.75259264773132,-377.66833333333324,152.33166666666676
14,56 dias,-630.0,-531.7960595946053,98.20394040539475,-490.5198556998556,139.4801443001444,-442.13728885063495,187.86271114936505,-494.15833333333336,135.84166666666664
15,12 h,0.0,40.06745950001286,40.06745950001286,0.21055555555555558,0.21055555555555558,17.272830023472437,17.272830023472437,0.09,0.09
15,1 dia,30.0,45.4391007628962,15.439100762896203,24.40660422910422,5.593395770895778,31.124778238944184,1.1247782389441845,27.481904761904758,2.518095238095242
15,3 dias,70.0,49.44365142594066,20.556348574059342,57.1604256854257,12.8395743145743,60.15050402004579,9.849495979954213,59.71738095238093,10.282619047619072
15,7 dias,110.0,41.98512685274903,68.01487314725097,82.7876226551227,27.212377344877297,79.05798728826115,30.942012711738855,89.34142857142861,20.658571428571392
15,14 dias,-20.0,-76.12124798486838,56.121247984868376,-36.55594155844157,16.555941558441567,-49.41146381401584,29.41146381401584,-35.683095238095234,15.683095238095234
15,28 dias,-140.0,-191.48370067427936,51.48370067427936,-140.49494949494948,0.4949494949494806,-165.03315399256564,25.033153992565644,-152.40857142857146,12.408571428571463
15,56 dias,-370.0,-325.30358770120233,44.69641229879767,-327.96408730158726,42.035912698412744,-297.3641181241818,72.6358818758182,-317.9433333333332,52.056666666666786
16,12 h,0.0,-78.39743266757235,78.39743266757235,2.4844444444444447,2.4844444444444447,20.986644146883734,20.986644146883734,0.0,0.0
16,1 dia,-60.0,-63.889237572063564,3.889237572063564,-11.867976190476192,48.13202380952381,5.635188116798561,65.63518811679856,-31.84500000000001,28.15499999999999
16,3 dias,-180.0,-48.0147305713231,131.9852694286769,-29.2700308025308,150.7299691974692,-20.525711479713443,159.47428852028656,-131.675,48.32499999999999
16,7 dias,-300.0,-50.43837844034573,249.56162155965427,-60.023196248196236,239.97680375180377,-59.6160132094328,240.3839867905672,-183.2733333333334,116.7266666666666
16,14 dias,-400.0,-174.30206436940858,225.69793563059142,-178.4636904761905,221.5363095238095,-151.28504504662556,248.71495495337444,-183.21000000000006,216.78999999999994
16,28 dias,-530.0,-296.3166975745147,233.6833024254853,-243.8339249639249,286.1660750360751,-255.27959955989633,274.7204004401037,-272.42000000000013,257.57999999999987
16,56 dias,-630.0,-434.12980899885554,195.87019100114446,-387.0186111111112,242.98138888888877,-378.05689321391446,251.94310678608554,-417.2666666666667,212.7333333333333
17,12 h,0.0,11.8733589852486,11.8733589852486,0.8266269841269842,0.8266269841269842,5.754317902446019,5.754317902446019,0.03333333333333333,0.03333333333333333
17,1 dia,20.0,26.166069933733795,6.1660699337337945,62.03312049062051,42.03312049062051,32.12067828683391,12.120678286833908,34.51166666666667,14.51166666666667
17,3 dias,40.0,30.603100778034033,9.396899221965967,108.51998695748696,68.51998695748696,59.16686200390559,19.166862003905592,82.40833333333332,42.40833333333332
17,7 dias,90.0,27.67860131555527,62.32139868444473,133.2679761904762,43.26797619047619,75.88680066542344,14.113199334576564,106.04309523809525,16.043095238095248
17,14 dias,-30.0,-93.2306396502566,63.230639650256606,-52.393473748473745,22.393473748473745,-54.03570388058929,24.03570388058929,-57.01249999999999,27.01249999999999
17,28 dias,-140.0,-210.4448050351184,70.4448050351184,-178.5874062049062,38.58740620490619,-185.2357617313497,45.2357617313497,-191.63999999999996,51.63999999999996
17,56 dias,-360.0,-343.0745746537631,16.92542534623692,-297.78084776334777,62.219152236652235,-308.86469943620733,51.13530056379267,-328.49500000000023,31.504999999999768
18,12 h,0.0,64.57609768638639,64.57609768638639,0.15,0.15,7.299538946195227,7.299538946195227,2.095,2.095
18,1 dia,60.0,69.94773894926976,9.947738949269763,39.020357142857144,20.979642857142856,21.151487161666974,38.84851283833302,41.14428571428572,18.855714285714278
18,3 dias,100.0,73.95228961231422,26.047710387685783,44.31777777777777,55.68222222222223,44.13063592428217,55.86936407571783,56.11499999999998,43.88500000000002
18,7 dias,-20.0,66.49376503912262,86.49376503912262,70.97697691197689,90.97697691197689,61.706873929044875,81.70687392904487,72.58166666666664,92.58166666666664
18,14 dias,-130.0,-51.61260979849483,78.38739020150517,-70.17805555555556,59.82194444444444,-70.58900807061902,59.410991929380984,-53.07714285714285,76.92285714285714
18,28 dias,-240.0,-166.9750624879058,73.0249375120942,-125.14927322677323,114.85072677322677,-186.37342670548793,53.62657329451207,-108.53833333333334,131.46166666666664
18,56 dias,-360.0,-300.7949495148288,59.20505048517123,-262.9841305916306,97.01586940836938,-313.89744553014907,46.10255446985093,-246.04499999999993,113.95500000000007
19,12 h,0.0,47.273464943336194,47.273464943336194,-0.05,0.05,23.522406421147245,23.522406421147245,0.0,0.0
19,1 dia,30.0,61.78166003884502,31.78166003884502,71.53343434343435,41.53343434343435,42.43018535980796,12.430185359807957,55.87166666666667,25.87166666666667
19,3 dias,60.0,77.65616703958545,17.656167039585455,101.67305555555558,41.67305555555558,69.32063939333361,9.320639393333607,87.804126984127,27.804126984126995
19,7 dias,100.0,75.23251917056285,24.767480829437147,129.43189393939392,29.431893939393916,84.00971298212167,15.99028701787833,121.13392857142857,21.13392857142857
19,14 dias,-50.0,-48.63116675850003,1.3688332414999707,-29.849617604617606,20.150382395382394,-33.12188254884227,16.878117451157728,-35.846666666666664,14.153333333333336
19,28 dias,-190.0,-170.64579996360612,19.354200036393877,-147.23531385281387,42.764686147186126,-152.0477454947569,37.952254505243104,-150.81166666666667,39.18833333333333
19,56 dias,-360.0,-308.45891138794696,51.541088612053045,-293.12210317460324,66.87789682539676,-286.978440009052,73.02155999094799,-314.34357142857147,45.656428571428535
20,12 h,0.0,91.17061007097043,91.17061007097043,0.0,0.0,13.367609020324982,13.367609020324982,0.0,0.0
20,1 dia,20.0,105.46332101945562,85.46332101945562,46.0402736152736,26.0402736152736,57.58986538890655,37.58986538890655,48.01119047619048,28.011190476190478
20,3 dias,60.0,109.90035186375586,49.90035186375586,101.84741841491841,41.84741841491841,88.51587961201996,28.51587961201996,99.77821428571431,39.77821428571431
20,7 dias,120.0,106.9758524012771,13.024147598722905,147.07627344877343,27.076273448773435,109.79255366919935,10.20744633080065,145.05134920634924,25.051349206349244
20,14 dias,-20.0,-13.933388564534823,6.066611435465177,-13.370252525252527,6.629747474747473,-22.294608560387413,2.294608560387413,-15.926666666666668,4.073333333333332
20,28 dias,-210.0,-131.14755394939658,78.85244605060342,-88.3370765345765,121.6629234654235,-143.10814373540737,66.89185626459263,-95.74607142857141,114.25392857142859
20,56 dias,-360.0,-263.7773235680413,96.22267643195869,-275.43887806637815,84.56112193362185,-280.6160829857199,79.38391701428009,-302.702619047619,57.29738095238099
21,12 h,0.0,-177.6470764772646,177.6470764772646,0.0,0.0,-21.652941607661806,21.652941607661806,0.0,0.0
21,1 dia,-70.0,-172.27543521438122,102.27543521438122,-64.76067460317464,5.239325396825365,-63.35011316613734,6.649886833862659,-67.71166666666667,2.288333333333327
21,3 dias,-160.0,-168.27088455133674,8.270884551336735,-140.4064213564214,19.59357864357861,-152.36376507684645,7.636234923153552,-118.06833333333333,41.93166666666667
21,7 dias,-290.0,-175.72940912452836,114.27059087547164,-202.53456487956493,87.46543512043507,-236.7511767689929,53.248823231007094,-194.23999999999995,95.76000000000005
21,14 dias,-380.0,-293.8357839621458,86.1642160378542,-292.51862193362194,87.48137806637806,-331.39608315152896,48.603916848471044,-283.57666666666677,96.42333333333323
21,28 dias,-500.0,-409.1982366515567,90.80176334844327,-379.5351984126983,120.46480158730168,-448.6580207336172,51.34197926638279,-364.07166666666666,135.92833333333334
21,56 dias,-620.0,-543.0181236784798,76.98187632152019,-495.8221825396826,124.17781746031739,-554.8760708551606,65.1239291448394,-484.2783333333332,135.7216666666668
22,12 h,0.0,-88.34359127444796,88.34359127444796,0.0,0.0,-27.951973843768954,27.951973843768954,0.0,0.0
22,1 dia,-60.0,-73.83539617893919,13.835396178939192,-44.5078787878788,15.492121212121198,-43.30342987385411,16.696570126145893,-43.48158730158732,16.518412698412682
22,3 dias,-130.0,-57.9608891781987,72.0391108218013,-92.22579365079368,37.774206349206324,-69.46432947036611,60.53567052963389,-85.5546825396825,44.4453174603175
22,7 dias,-250.0,-60.38453704722133,189.61546295277867,-150.54508297258297,99.45491702741703,-108.5546312000855,141.4453687999145,-141.3201190476191,108.6798809523809
22,14 dias,-370.0,-184.24822297628424,185.75177702371576,-213.89023809523817,156.10976190476183,-194.74931507802998,175.25068492197002,-228.55079365079368,141.44920634920632
22,28 dias,-480.0,-306.2628561813903,173.7371438186097,-277.55876678876683,202.44123321123317,-298.74386959130095,181.25613040869905,-306.9307936507937,173.0692063492063
22,56 dias,-590.0,-444.07596760573114,145.92403239426886,-425.6180158730159,164.3819841269841,-421.52116324531903,168.47883675468097,-431.28567460317464,158.71432539682536
23,12 h,0.0,-77.93540084363573,77.93540084363573,0.0,0.0,0.6259402618662875,0.6259402618662875,0.0,0.0
23,1 dia,-20.0,-63.64268989515055,43.64268989515055,-47.05226551226551,27.052265512265507,-15.619708024267183,4.380291975732817,-66.38333333333334,46.38333333333334
23,3 dias,-70.0,-59.205659050850315,10.794340949149685,-67.8128144078144,2.1871855921855996,-47.24097848659974,22.759021513400263,-88.18333333333335,18.18333333333335
23,7 dias,-100.0,-62.130158513329086,37.869841486670914,-108.92025613275614,8.920256132756137,-83.1137970114223,16.886202988577693,-115.34000000000002,15.340000000000018
23,14 dias,-200.0,-183.03939947914097,16.960600520859032,-174.14559523809527,25.854404761904732,-170.74294837527503,29.257051624724966,-100.6,99.4
23,28 dias,-460.0,-300.2535648640028,159.74643513599722,-313.3781204906205,146.62187950937948,-256.7103849186971,203.28961508130288,-260.775,199.22500000000002
23,56 dias,-580.0,-432.8833344826474,147.1166655173526,-392.6762337662338,187.3237662337662,-379.7316842371232,200.2683157628768,-416.1059523809524,163.89404761904763
24,12 h,0.0,-48.29390326021965,48.29390326021965,0.11666666666666665,0.11666666666666665,5.114486791254142,5.114486791254142,-0.9099999999999998,0.9099999999999998
24,1 dia,10.0,-42.92226199733631,52.92226199733631,26.55579365079365,16.55579365079365,18.96643500672589,8.966435006725892,22.52380952380952,12.523809523809518
24,3 dias,20.0,-38.91771133429185,58.91771133429185,60.930952380952384,40.930952380952384,46.394680265937325,26.394680265937325,59.38499999999999,39.38499999999999
24,7 dias,40.0,-46.37623590748346,86.37623590748346,78.6878066378066,38.6878066378066,63.970918270700075,23.970918270700075,88.76904761904763,48.769047619047626
24,14 dias,-120.0,-164.48261074510089,44.482610745100885,-73.48369047619049,46.51630952380951,-68.32496372896385,51.67503627103615,-91.79166666666669,28.208333333333314
24,28 dias,-240.0,-279.84506343451187,39.84506343451187,-191.58647546897546,48.413524531024535,-184.1093823638328,55.89061763616721,-202.1666666666666,37.8333333333334
24,56 dias,-360.0,-413.66495046143484,53.66495046143484,-334.45858003108003,25.541419968919968,-313.98728377606227,46.01271622393773,-333.9866666666668,26.013333333333208
25,12 h,0.0,21.34940475583244,21.34940475583244,-1.3879761904761907,1.3879761904761907,21.770130146733603,21.770130146733603,0.0,0.0
25,1 dia,20.0,35.857599851341206,15.857599851341206,69.5933694083694,49.5933694083694,40.67790908539432,20.67790908539432,75.51,55.510000000000005
25,3 dias,70.0,51.73210685208173,18.267893147918272,89.06805555555555,19.068055555555546,67.56836311891998,2.431636881080024,84.97499999999998,14.97499999999998
25,7 dias,100.0,49.3084589830591,50.6915410169409,122.68370851370851,22.68370851370851,82.25743670770802,17.742563292291976,126.82000000000002,26.82000000000002
25,14 dias,-50.0,-74.5552269460038,24.5552269460038,24.20916666666666,74.20916666666666,-34.87415882325591,15.125841176744089,32.07166666666667,82.07166666666667
25,28 dias,-190.0,-196.5698601511099,6.569860151109907,-168.90732683982688,21.09267316017312,-153.8000217691705,36.19997823082949,-212.31833333333336,22.318333333333356
25,56 dias,-360.0,-334.38297157545077,25.617028424549233,-329.3061310911311,30.69386890886892,-291.2069473065959,68.79305269340409,-364.535,4.535000000000025
26,12 h,0.0,-54.14424495925188,54.14424495925188,0.0,0.0,-44.9442476200321,44.9442476200321,0.0,0.0
26,1 dia,-50.0,-39.851534010766684,10.148465989233316,-52.19851731601732,2.1985173160173233,-70.12516895440625,20.12516895440625,-63.65000000000002,13.65000000000002
26,3 dias,-120.0,-35.414503166466474,84.58549683353353,-110.95935064935064,9.04064935064936,-112.92114930569859,7.0788506943014085,-127.32500000000003,7.325000000000031
26,7 dias,-190.0,-38.339002628945224,151.66099737105478,-166.28494588744587,23.715054112554128,-150.70651357106178,39.29348642893822,-192.91166666666675,2.911666666666747
26,14 dias,-310.0,-159.24824359475713,150.75175640524287,-243.2377849927849,66.7622150072151,-243.45605802764683,66.54394197235317,-214.83000000000007,95.16999999999993
26,28 dias,-430.0,-276.4624089796189,153.53759102038111,-354.3667135642136,75.63328643578637,-339.3825191008429,90.6174808991571,-326.29,103.70999999999998
26,56 dias,-580.0,-409.09217859826356,170.90782140173644,-503.4641197691197,76.53588023088031,-459.0356122490237,120.9643877509763,-484.87999999999965,95.12000000000035
27,12 h,0.0,84.10801392229362,84.10801392229362,1.507564935064935,1.507564935064935,15.312754857718847,15.312754857718847,1.613333333333333,1.613333333333333
27,1 dia,0.0,89.47965518517694,89.47965518517694,13.025821400821401,13.025821400821401,29.164703073190598,29.164703073190598,2.598333333333333,2.598333333333333
27,3 dias,10.0,93.48420584822142,83.48420584822142,61.26412698412697,51.26412698412697,58.19042885429221,48.19042885429221,72.42499999999997,62.42499999999997
27,7 dias,10.0,86.02568127502983,76.02568127502983,68.38603174603173,58.38603174603173,72.51702719396779,62.51702719396779,67.65476190476195,57.654761904761955
27,14 dias,-110.0,-32.08069356258761,77.91930643741239,-103.31571067821068,6.684289321789322,-55.95242390830917,54.04757609169083,-130.34666666666672,20.34666666666672
27,28 dias,-200.0,-147.4431462519986,52.5568537480014,-217.12668831168827,17.12668831168827,-167.48651981022448,32.51348018977552,-244.59833333333333,44.59833333333333
27,56 dias,-350.0,-281.26303327892157,68.73696672107843,-350.76465728715726,0.764657287157263,-296.5088358556656,53.49116414433439,-375.68166666666656,25.68166666666656
28,12 h,0.0,26.128417993959175,26.128417993959175,-0.06,0.06,23.522406421147245,23.522406421147245,-1.2333333333333332,1.2333333333333332
28,1 dia,20.0,40.63661308946797,20.63661308946797,36.11660200910201,16.11660200910201,42.43018535980796,22.430185359807957,26.346190476190475,6.3461904761904755
28,3 dias,50.0,56.51112009020841,6.511120090208408,88.30836219336223,38.30836219336223,69.32063939333361,19.320639393333607,80.99166666666672,30.991666666666717
28,7 dias,80.0,54.087472221185806,25.912527778814194,105.98565295815297,25.98565295815297,84.00971298212167,4.00971298212167,92.10999999999999,12.109999999999985
28,14 dias,-60.0,-69.77621370787708,9.776213707877076,-47.96854256854256,12.03145743145744,-33.12188254884227,26.878117451157728,-49.29642857142858,10.703571428571422
28,28 dias,-200.0,-191.79084691298317,8.20915308701683,-143.9487301587302,56.0512698412698,-152.0477454947569,47.952254505243104,-152.73095238095243,47.26904761904757
28,56 dias,-350.0,-329.603958337324,20.396041662675998,-297.43056166056175,52.56943833943825,-286.978440009052,63.02155999094799,-309.3983333333335,40.60166666666652
29,12 h,0.0,-92.02774141413973,92.02774141413973,0.0,0.0,0.26086895437928365,0.26086895437928365,0.0,0.0
29,1 dia,-100.0,-77.73503046565452,22.264969534345482,-52.98956349206349,47.01043650793651,-15.98477933175418,84.01522066824582,-72.16499999999998,27.835000000000022
29,3 dias,-140.0,-73.29799962135428,66.70200037864572,-93.42664557664557,46.57335442335443,-58.78075968304643,81.21924031695357,-96.01666666666664,43.98333333333336
29,7 dias,-180.0,-76.22249908383307,103.77750091616693,-118.45740259740258,61.54259740259742,-94.65357820786899,85.34642179213101,-116.90333333333336,63.096666666666636
29,14 dias,-310.0,-197.13174004964495,112.86825995035505,-193.6185822510823,116.3814177489177,-182.28272957172175,127.71727042827825,-169.7366666666668,140.2633333333332
29,28 dias,-390.0,-314.34590543450673,75.65409456549327,-389.55895743145754,0.44104256854245705,-276.14399492445386,113.85600507554614,-325.8283333333334,64.17166666666662
29,56 dias,-560.0,-446.97567505315146,113.02432494684854,-444.5717027417028,115.42829725829722,-402.61236272319485,157.38763727680515,-429.50666666666666,130.49333333333334
30,12 h,0.0,43.48679322135524,43.48679322135524,0.0,0.0,19.50768696291937,19.50768696291937,0.15833333333333333,0.15833333333333333
30,1 dia,20.0,48.85843448423856,28.858434484238558,41.8760236985237,21.876023698523703,33.35963517839112,13.359635178391123,51.60583333333334,31.605833333333337
30,3 dias,40.0,52.86298514728304,12.862985147283041,76.28351370851372,36.28351370851372,62.38536095949273,22.38536095949273,82.72666666666666,42.72666666666666
30,7 dias,70.0,45.404460574091416,24.595539425908584,96.57598124098125,26.57598124098125,81.29284422770807,11.292844227708073,107.83619047619044,37.83619047619044
30,14 dias,-100.0,-72.70191426352604,27.298085736473965,-50.59529942279943,49.40470057720057,-49.41146381401584,50.58853618598416,-48.87380952380952,51.12619047619048
30,28 dias,-230.0,-188.06436695293704,41.935633047062964,-177.49476551226556,52.50523448773444,-163.34230635487842,66.65769364512158,-191.18500000000003,38.81499999999997
30,56 dias,-350.0,-321.88425397986,28.115746020140023,-304.2932215007215,45.70677849927853,-294.50415932450653,55.49584067549347,-315.86833333333334,34.13166666666666
31,12 h,0.0,-90.02779000380374,90.02779000380374,0.0,0.0,-27.98099978284625,27.98099978284625,0.0,0.0
31,1 dia,-60.0,-75.51959490829495,15.519594908294948,-29.402717005217,30.597282994783,-43.33245581293141,16.667544187068593,-14.647301587301587,45.352698412698416
31,3 dias,-120.0,-59.645087907554455,60.354912092445545,-59.30418831168832,60.69581168831168,-67.82139289202303,52.17860710797697,-4.489642857142857,115.51035714285715
31,7 dias,-180.0,-62.068735776577114,117.93126422342289,-86.18407647907648,93.81592352092352,-106.91169462174241,73.08830537825759,-30.02595238095239,149.9740476190476
31,14 dias,-270.0,-185.93242170564,84.06757829436,-170.03991896991903,99.96008103008097,-193.10637849968688,76.89362150031312,-133.1376190476191,136.8623809523809
31,28 dias,-380.0,-307.9470549107461,72.05294508925391,-280.11975135975143,99.88024864024857,-297.10093301295785,82.89906698704215,-290.1708333333334,89.8291666666666
31,56 dias,-500.0,-445.76016633508686,54.239833664913135,-435.5659054834057,64.43409451659431,-414.387889926565,85.61211007343502,-445.1972619047619,54.80273809523811
32,12 h,0.0,7.23493908140226,7.23493908140226,-1.0833333333333333,1.0833333333333333,6.0808790990289,6.0808790990289,0.0,0.0
32,1 dia,70.0,21.527650029887454,48.472349970112546,38.71253607503607,31.28746392496393,17.39199237590416,52.60800762409584,48.04166666666667,21.95833333333333
32,3 dias,120.0,25.964680874187692,94.03531912581231,64.20373099123098,55.796269008769016,44.43817609297583,75.56182390702418,73.21,46.790000000000006
32,7 dias,170.0,23.04018141170893,146.95981858829106,97.03237734487733,72.96762265512267,52.00913121059692,117.99086878940308,104.48833333333332,65.51166666666668
32,14 dias,-50.0,-97.86905955410299,47.86905955410299,-98.04623015873018,48.04623015873018,-100.5021826474872,50.5021826474872,-97.99666666666666,47.996666666666655
32,28 dias,-240.0,-215.08322493896475,24.916775061035253,-242.95876262626265,2.9587626262626543,-241.85683170687315,1.8568317068731517,-228.535,11.465000000000003
32,56 dias,-380.0,-347.7129945576095,32.28700544239052,-411.7927777777778,31.792777777777815,-338.30866430705873,41.691335692941266,-357.9166666666668,22.0833333333332
33,12 h,0.0,-86.00284259694678,86.00284259694678,0.0,0.0,-16.131527303838855,16.131527303838855,0.0,0.0
33,1 dia,30.0,-80.63120133406343,110.63120133406343,-50.970609668109674,80.97060966810967,-46.09865414042466,76.09865414042466,-40.16333333333331,70.16333333333331
33,3 dias,70.0,-76.62665067101898,146.62665067101898,-94.36122294372294,164.36122294372294,-85.72364933574417,155.72364933574417,-71.29468253968248,141.29468253968247
33,7 dias,80.0,-84.0851752442106,164.0851752442106,-157.28129245754243,237.28129245754243,-128.72486173269508,208.72486173269508,-132.96988095238098,212.96988095238098
33,14 dias,-90.0,-202.191550081828,112.19155008182801,-224.8366955266954,134.8366955266954,-206.99913661157,116.99913661157001,-208.1379761904761,118.13797619047611
33,28 dias,-280.0,-317.55400277123897,37.55400277123897,-326.7030555555556,46.70305555555558,-309.0497748951907,29.049774895190694,-328.2292857142857,48.22928571428571
33,56 dias,-490.0,-451.373889798162,38.626110201838,-453.0106365856365,36.98936341436348,-423.7447597443672,66.25524025563283,-445.81523809523793,44.18476190476207
34,12 h,0.0,30.148934743223265,30.148934743223265,-0.37857142857142856,0.37857142857142856,21.770130146733603,21.770130146733603,0.0,0.0
34,1 dia,20.0,44.65712983873209,24.65712983873209,31.031025641025636,11.031025641025636,40.67790908539432,20.67790908539432,24.86166666666666,4.861666666666661
34,3 dias,50.0,60.53163683947258,10.531636839472583,74.21965367965369,24.21965367965369,67.56836311891998,17.568363118919976,68.87190476190477,18.871904761904773
34,7 dias,90.0,58.107988970449924,31.892011029550076,101.91450396825398,11.914503968253982,82.25743670770802,7.742563292291976,104.48119047619048,14.481190476190477
34,14 dias,-40.0,-65.75569695861293,25.75569695861293,-61.401329365079356,21.401329365079356,-34.87415882325591,5.125841176744089,-48.03833333333333,8.038333333333327
34,28 dias,-160.0,-187.77033016371905,27.770330163719052,-204.8937626262627,44.89376262626271,-153.8000217691705,6.199978230829487,-222.84833333333336,62.84833333333336
34,56 dias,-350.0,-325.5834415880599,24.416558411940116,-342.9725072150071,7.027492784992887,-291.2069473065959,58.79305269340409,-371.3666666666668,21.366666666666788
35,12 h,0.0,-78.41756724335414,78.41756724335414,0.0,0.0,-23.063501739598067,23.063501739598067,0.0,0.0
35,1 dia,-70.0,-64.12485629486896,5.875143705131038,-44.80320346320346,25.19679653679654,-48.244423073972214,21.755576926027786,-54.86833333333334,15.13166666666666
35,3 dias,-110.0,-59.687825450568724,50.312174549431276,-87.58189033189035,22.41810966810965,-79.86569353630486,30.13430646369514,-100.1290476190476,9.870952380952403
35,7 dias,-170.0,-62.61232491304749,107.38767508695251,-136.60940476190476,33.390595238095244,-117.65105780166816,52.34894219833184,-148.2940476190477,21.70595238095231
35,14 dias,-220.0,-183.52156587885938,36.47843412114062,-217.90860389610395,2.091396103896045,-210.4006022582531,9.599397741746913,-213.75000000000003,6.249999999999972
35,28 dias,-340.0,-300.73573126372116,39.26426873627884,-316.97218975468974,23.027810245310263,-306.32706333144915,33.67293666855085,-309.71166666666664,30.288333333333355
35,56 dias,-490.0,-433.36550088236584,56.634499117634164,-427.8747113997113,62.125288600288684,-425.98015647962995,64.01984352037005,-429.3483333333333,60.6516666666667
36,12 h,0.0,46.77395262103545,46.77395262103545,0.0,0.0,19.50768696291937,19.50768696291937,0.0,0.0
36,1 dia,10.0,52.14559388391882,42.14559388391882,27.221390692640693,17.221390692640693,33.35963517839112,23.359635178391123,24.24166666666667,14.24166666666667
36,3 dias,50.0,56.15014454696325,6.150144546963247,68.6424855699856,18.642485569985595,62.38536095949273,12.38536095949273,60.50666666666667,10.506666666666668
36,7 dias,90.0,48.69161997377165,41.30838002622835,102.47067460317463,12.47067460317463,81.29284422770807,8.707155772291927,100.69833333333332,10.698333333333323
36,14 dias,-50.0,-69.41475486384577,19.414754863845772,-54.190832778332776,4.190832778332776,-49.41146381401584,0.5885361859841609,-43.33595238095238,6.664047619047622
36,28 dias,-180.0,-184.77720755325674,4.777207553256744,-164.0545202020202,15.9454797979798,-163.34230635487842,16.657693645121583,-162.7788095238095,17.221190476190486
36,56 dias,-350.0,-318.5970945801797,31.402905419820286,-319.3689430014429,30.631056998557085,-294.50415932450653,55.49584067549347,-334.2083333333332,15.7916666666668
37,12 h,0.0,-74.5119767890322,74.5119767890322,0.0,0.0,-22.402552411204535,22.402552411204535,0.0,0.0
37,1 dia,90.0,-60.00378169352342,150.00378169352342,-31.321504884004888,121.3215048840049,-37.75400844128972,127.75400844128973,-34.73,124.72999999999999
37,3 dias,30.0,-44.12927469278293,74.12927469278293,-71.49301226551226,101.49301226551226,-54.1932085426734,84.1932085426734,-63.866666666666696,93.8666666666667
37,7 dias,10.0,-46.55292256180559,56.55292256180559,-107.23335497835498,117.23335497835498,-93.28351027239279,103.28351027239279,-109.15166666666666,119.15166666666666
37,14 dias,-150.0,-170.41660849086847,20.41660849086847,-188.03378982128987,38.03378982128987,-193.10637849968688,43.10637849968688,-136.35833333333332,13.64166666666668
37,28 dias,-370.0,-292.43124169597456,77.56875830402544,-278.2595168720169,91.74048312798311,-297.10093301295785,72.89906698704215,-236.74,133.26
37,56 dias,-490.0,-430.2443531203154,59.755646879684605,-415.43118326118315,74.56881673881685,-414.387889926565,75.61211007343502,-363.7566666666667,126.24333333333328
38,12 h,0.0,66.69619239376537,66.69619239376537,0.5766666666666667,0.5766666666666667,12.964043319917346,12.964043319917346,0.0,0.0
38,1 dia,30.0,80.98890334225057,50.988903342250566,39.08900377400377,9.089003774003771,42.840568535116,12.840568535115999,34.95999999999998,4.9599999999999795
38,3 dias,60.0,85.4259341865508,25.425934186550805,78.94143273393274,18.941432733932743,69.88675225218756,9.886752252187563,71.97190476190478,11.971904761904781
38,7 dias,100.0,82.50143472407204,17.49856527592796,109.31538961038959,9.315389610389587,91.16342630936694,8.83657369063306,99.86309523809523,0.1369047619047734
38,14 dias,-150.0,-38.40780624173989,111.59219375826011,-54.5386075036075,95.4613924963925,-43.17538766315185,106.82461233684815,-76.59333333333332,73.40666666666668
38,28 dias,-220.0,-155.62197162660163,64.37802837339837,-179.78660395160398,40.21339604839602,-167.25475752127667,52.74524247872333,-223.14833333333337,3.148333333333369
38,56 dias,-350.0,-288.25174124524636,61.748258754753635,-335.3615223665223,14.638477633477692,-296.37664181148494,53.623358188515056,-338.56916666666666,11.43083333333334
39,12 h,0.0,-129.46612879768628,129.46612879768628,0.0,0.0,-25.900640026961252,25.900640026961252,0.0,0.0
39,1 dia,-90.0,-124.09448753480297,34.094487534802965,-63.90493034743035,26.09506965256965,-55.86776686354704,34.13223313645296,-57.51,32.49
39,3 dias,-120.0,-120.08993687175851,0.0899368717585105,-115.40369047619046,4.596309523809538,-101.539339077353,18.460660922646994,-111.835,8.165000000000006
39,7 dias,-160.0,-127.5484614449501,32.45153855504989,-161.8412301587301,1.8412301587300988,-145.87179673775645,14.128203262243545,-150.7916666666666,9.2083333333334
39,14 dias,-210.0,-245.65483628256754,35.654836282567544,-262.7693217893218,52.76932178932179,-225.7376455745714,15.737645574571388,-262.0349999999999,52.03499999999991
39,28 dias,-360.0,-361.0172889719785,1.0172889719784735,-362.75923160173176,2.7592316017317557,-329.6418599521986,30.358140047801385,-368.23023809523824,8.230238095238235
39,56 dias,-490.0,-494.83717599890144,4.837175998901444,-484.8796681096681,5.120331890331897,-440.6990106564079,49.30098934359211,-502.1869047619047,12.186904761904714
40,12 h,0.0,88.91647573293767,88.91647573293767,-0.06666666666666667,0.06666666666666667,29.159061306547358,29.159061306547358,0.0,0.0
40,1 dia,50.0,103.42467082844644,53.42467082844644,39.096417748917744,10.903582251082256,48.06684024520808,1.933159754791923,37.71281746031745,12.287182539682547
40,3 dias,80.0,119.29917782918693,39.29917782918693,87.88687784437785,7.8868778443778496,74.95729427873371,5.042705721266287,88.35091269841273,8.350912698412728
40,7 dias,130.0,116.87552996016433,13.124470039835671,141.32496906688084,11.32496906688084,89.64636786752177,40.353632132478225,139.37460317460315,9.374603174603152
40,14 dias,-30.0,-6.988155968898553,23.011844031101447,-3.6186034798534816,26.381396520146517,-27.48522766344216,2.51477233655784,-8.516150793650795,21.483849206349205
40,28 dias,-120.0,-129.00278917400465,9.002789174004647,-149.09666916416916,29.096669164169157,-146.41109060935676,26.411090609356762,-155.30801587301588,35.308015873015876
40,56 dias,-340.0,-266.8159005983455,73.18409940165452,-297.43002136752125,42.56997863247875,-283.1442772138261,56.855722786173885,-301.42678571428587,38.57321428571413
41,12 h,0.0,38.203067343364566,38.203067343364566,-0.6599999999999998,0.6599999999999998,14.344499933247196,14.344499933247196,0.27,0.27
41,1 dia,20.0,52.49577829184976,32.49577829184976,27.523210678210685,7.523210678210685,40.710860317635095,20.710860317635095,24.701666666666668,4.701666666666668
41,3 dias,60.0,56.93280913615003,3.067190863849973,29.77156898656899,30.22843101343101,67.75704403470675,7.757044034706752,28.140000000000004,31.859999999999996
41,7 dias,90.0,54.008309673671235,35.991690326328765,46.718672161172165,43.281327838827835,78.80114290812382,11.198857091876178,31.18499999999999,58.81500000000001
41,14 dias,-20.0,-66.90093129214065,46.900931292140655,-130.03607142857146,110.03607142857146,-55.14786647438383,35.14786647438383,-148.13523809523807,128.13523809523807
41,28 dias,-150.0,-184.1150966770024,34.11509667700241,-230.3513095238096,80.35130952380959,-187.4410371208099,37.44103712080991,-217.93166666666664,67.93166666666664
41,56 dias,-340.0,-316.74486629564717,23.25513370435283,-414.40861111111104,74.40861111111104,-308.6992591141027,31.300740885897312,-376.9066666666667,36.906666666666695
42,12 h,0.0,-77.57470936465302,77.57470936465302,0.0,0.0,-16.131527303838855,16.131527303838855,0.0,0.0
42,1 dia,40.0,-72.20306810176967,112.20306810176967,-29.43512987012987,69.43512987012987,-41.15354675690986,81.15354675690986,-28.769999999999985,68.76999999999998
42,3 dias,100.0,-68.19851743872519,168.1985174387252,-59.401507936507954,159.40150793650795,-80.77854195222936,180.77854195222938,-62.26468253968251,162.2646825396825
42,7 dias,110.0,-75.65704201191683,185.65704201191681,-113.57207070707072,223.57207070707074,-123.77975434918021,233.77975434918022,-103.30654761904759,213.3065476190476
42,14 dias,-60.0,-193.76341684953422,133.76341684953422,-191.46550505050502,131.46550505050502,-202.0540292280552,142.0540292280552,-190.14464285714283,130.14464285714283
42,28 dias,-390.0,-309.12586953894527,80.87413046105473,-329.2028607503607,60.797139249639315,-304.104667511676,85.89533248832402,-330.635,59.36500000000001
42,56 dias,-480.0,-442.94575656586824,37.05424343413176,-439.4843667443667,40.515633255633304,-418.79965236085235,61.20034763914765,-447.88666666666654,32.11333333333346
43,12 h,0.0,48.46825712983548,48.46825712983548,7.070238095238095,7.070238095238095,13.212948273152627,13.212948273152627,0.0,0.0
43,1 dia,10.0,62.97645222534419,52.97645222534419,54.94375180375181,44.94375180375181,32.12072721181333,22.120727211813332,50.45666666666667,40.45666666666667
43,3 dias,40.0,78.85095922608474,38.85095922608474,96.94941558441562,56.94941558441562,57.33921872791861,17.339218727918613,91.04333333333332,51.04333333333332
43,7 dias,70.0,76.42731135706214,6.427311357062138,154.8801551226551,84.88015512265511,72.02829231670668,2.0282923167066826,99.58999999999997,29.589999999999975
43,14 dias,-70.0,-47.4363745720008,22.5636254279992,15.37026695526696,85.37026695526696,-46.80707155406075,23.192928445939252,-92.79666666666668,22.79666666666668
43,28 dias,-210.0,-169.4510077771069,40.548992222893105,-84.1236038961039,125.8763961038961,-165.7329344999753,44.2670655000247,-103.83833333333334,106.16166666666666
43,56 dias,-340.0,-307.2641192014477,32.73588079855227,-269.6427561327562,70.35724386724382,-306.15396575468134,33.84603424531866,-304.4433333333333,35.55666666666667
44,12 h,0.0,-110.22533069067646,110.22533069067646,15.166626984126983,15.166626984126983,5.766985180310581,5.766985180310581,0.0,0.0
44,1 dia,10.0,-95.93261974219125,105.93261974219125,39.934087301587304,29.934087301587304,26.251805323175763,16.251805323175763,62.86666666666662,52.86666666666662
44,3 dias,-10.0,-91.49558889789101,81.49558889789101,27.72849927849927,37.72849927849927,-5.369465139156768,4.630534860843232,78.925,88.925
44,7 dias,-60.0,-94.42008836036979,34.42008836036979,-14.551738816738814,45.44826118326119,-44.270936504008155,15.729063495991845,55.6,115.6
44,14 dias,-200.0,-215.32932932618166,15.329329326181664,-113.08706349206346,86.91293650793654,-185.8997321383818,14.100267861618192,-102.42000000000002,97.57999999999998
44,28 dias,-400.0,-332.5434947110434,67.45650528895658,-241.45722222222219,158.54277777777781,-290.39837255373646,109.60162744626354,-244.25,155.75
44,56 dias,-480.0,-465.1732643296881,14.826735670311905,-334.1784887334888,145.8215112665112,-408.0699171175375,71.9300828824625,-326.475,153.52499999999998
45,12 h,0.0,88.78929893029135,88.78929893029135,0.05,0.05,14.541313673967082,14.541313673967082,0.07,0.07
45,1 dia,160.0,94.16094019317472,65.83905980682528,52.7279501054501,107.2720498945499,53.681603380127,106.318396619873,43.36166666666666,116.63833333333335
45,3 dias,140.0,98.16549085621918,41.83450914378082,102.90399350649352,37.09600649350648,82.70732916122859,57.292670838771414,145.54857142857136,5.548571428571364
45,7 dias,110.0,90.70696628302758,19.293033716972417,140.8529978354979,30.852997835497888,101.61481242944392,8.385187570556084,179.29999999999995,69.29999999999995
45,14 dias,-30.0,-27.39940855458987,2.6005914454101315,-6.819519647019647,23.180480352980354,-48.11166625789024,18.111666257890242,49.66499999999999,79.66499999999999
45,28 dias,-220.0,-142.76186124400084,77.23813875599916,-82.14920634920632,137.85079365079366,-162.24958949467805,57.75041050532195,-99.75333333333332,120.24666666666668
45,56 dias,-330.0,-276.5817482709238,53.41825172907619,-165.20396825396824,164.79603174603176,-286.9174352339877,43.0825647660123,-162.70833333333334,167.29166666666666
46,12 h,0.0,-69.99635921755848,69.99635921755848,0.0,0.0,-27.98099978284625,27.98099978284625,0.0,0.0
46,1 dia,-50.0,-55.48816412204968,5.488164122049682,-58.94544011544012,8.945440115440121,-43.33245581293141,6.667544187068593,-77.19166666666665,27.19166666666665
46,3 dias,-100.0,-39.61365712130919,60.38634287869081,-102.55959706959707,2.559597069597075,-67.82139289202303,32.17860710797697,-117.59666666666664,17.596666666666636
46,7 dias,-160.0,-42.03730499033185,117.96269500966815,-153.58250027750034,6.417499722499656,-106.91169462174241,53.08830537825759,-177.30999999999997,17.309999999999974
46,14 dias,-250.0,-165.90099091939473,84.09900908060527,-204.34805749805756,45.65194250194244,-193.10637849968688,56.89362150031312,-231.8266666666666,18.173333333333403
46,28 dias,-350.0,-287.9156241245008,62.08437587549918,-271.506984959485,78.49301504051499,-297.10093301295785,52.89906698704215,-274.8988095238096,75.10119047619042
46,56 dias,-480.0,-425.72873554884166,54.271264451158345,-407.91557720057733,72.08442279942267,-414.387889926565,65.61211007343502,-407.9596031746034,72.04039682539661
47,12 h,0.0,60.28014581933702,60.28014581933702,0.0,0.0,17.56235499120214,17.56235499120214,0.0,0.0
47,1 dia,40.0,74.57285676782222,34.572856767822216,36.80679958929958,3.1932004107004204,43.92871537559008,3.9287153755900803,46.14452380952382,6.144523809523818
47,3 dias,80.0,79.00988761212245,0.9901123878775451,82.34439393939395,2.344393939393953,70.97489909266167,9.025100907338327,103.95154761904762,23.951547619047616
47,7 dias,110.0,76.08538814964372,33.91461185035628,108.14092324342322,1.8590767565767834,89.60738349472034,20.392616505279662,120.22833333333335,10.228333333333353
47,14 dias,-50.0,-44.823852816168184,5.176147183831816,-36.44188311688312,13.558116883116881,-35.194727958560236,14.805272041439764,-54.35916666666666,4.35916666666666
47,28 dias,-140.0,-162.03801820102996,22.038018201029956,-171.91641414141412,31.916414141414123,-166.39478580932064,26.394785809320638,-206.01166666666668,66.01166666666668
47,56 dias,-330.0,-294.6677878196747,35.332212180325314,-306.1364033189033,23.86359668109668,-294.6022098145531,35.39779018544692,-295.70619047619044,34.29380952380956
48,12 h,0.0,-79.94926736405466,79.94926736405466,0.0,0.0,-16.131527303838855,16.131527303838855,0.0,0.0
48,1 dia,-120.0,-74.57762610117133,45.42237389882867,-59.20930375180375,60.79069624819625,-46.09865414042466,73.90134585957534,-62.221666666666664,57.778333333333336
48,3 dias,-150.0,-70.57307543812686,79.42692456187314,-100.08341269841269,49.91658730158731,-85.72364933574417,64.27635066425583,-108.17666666666669,41.82333333333331
48,7 dias,-180.0,-78.03160001131849,101.96839998868151,-151.65761724386724,28.342382756132764,-128.72486173269508,51.275138267304925,-154.42119047619042,25.578809523809582
48,14 dias,-250.0,-196.13797484893593,53.862025151064074,-213.9954329004329,36.00456709956711,-206.99913661157,43.00086338842999,-207.0409523809523,42.95904761904771
48,28 dias,-300.0,-311.5004275383469,11.500427538346912,-307.13366161616165,7.133661616161646,-309.0497748951907,9.049774895190694,-309.9749999999999,9.974999999999909
48,56 dias,-470.0,-445.3203145652699,24.679685434730118,-433.8615800865801,36.13841991341991,-423.7447597443672,46.25524025563283,-418.3833333333334,51.61666666666662
49,12 h,0.0,68.73924595365821,68.73924595365821,8.352857142857141,8.352857142857141,23.551432360224542,23.551432360224542,0.0,0.0
49,1 dia,30.0,83.24744104916704,53.24744104916704,63.717839105339095,33.717839105339095,42.45921129888526,12.459211298885258,48.43999999999999,18.43999999999999
49,3 dias,60.0,99.12194804990753,39.12194804990753,115.71681623931623,55.71681623931623,67.67770281499052,7.677702814990525,95.42690476190475,35.42690476190475
49,7 dias,90.0,96.69830018088493,6.698300180884928,153.57120851370848,63.571208513708484,82.36677640377859,7.633223596221413,121.82726190476188,31.827261904761883
49,14 dias,-30.0,-27.16538574817801,2.8346142518219892,45.58927128427127,75.58927128427126,-34.76481912718536,4.764819127185362,12.528333333333334,42.528333333333336
49,28 dias,-160.0,-149.1800189532841,10.819981046715895,-101.3089135864136,58.691086413586405,-153.6906820731,6.3093179269000075,-131.13166666666666,28.86833333333334
49,56 dias,-330.0,-286.99313037762494,43.00686962237506,-284.0831823731824,45.91681762681759,-294.11171332780606,35.88828667219394,-289.5361904761905,40.463809523809516
50,12 h,0.0,-23.801275899224976,23.801275899224976,0.0,0.0,-13.257091829991255,13.257091829991255,0.0,0.0
50,1 dia,-120.0,-9.508564950739796,110.4914350492602,-56.013865023865016,63.986134976134984,-36.04655170025832,83.95344829974168,-59.125,60.875
50,3 dias,-150.0,-5.071534106439557,144.92846589356043,-92.98677905427908,57.01322094572092,-67.66782216259097,82.33217783740903,-92.98166666666668,57.01833333333332
50,7 dias,-180.0,-7.996033568918321,172.00396643108166,-131.3137987012987,48.68620129870129,-103.54064068741346,76.45935931258654,-110.93166666666667,69.06833333333333
50,14 dias,-250.0,-128.9052745347302,121.09472546526979,-186.85456654456655,63.14543345543345,-191.16979205126626,58.830207948733744,-92.51999999999998,157.48000000000002
50,28 dias,-300.0,-246.11943991959203,53.880560080407975,-293.818301975802,6.181698024197999,-283.7335426004815,16.266457399518515,-250.52499999999992,49.47500000000008
50,56 dias,-470.0,-378.74920953823664,91.25079046176336,-430.6272817460318,39.37271825396817,-407.965122049037,62.03487795096299,-423.12166666666667,46.87833333333333
51,12 h,0.0,79.51098581523163,79.51098581523163,0.0,0.0,18.227737948659453,18.227737948659453,-0.16166666666666668,0.16166666666666668
51,1 dia,40.0,84.88262707811498,44.88262707811498,37.39475108225109,2.6052489177489093,32.0796861641312,7.920313835868797,38.06,1.9399999999999977
51,3 dias,90.0,88.88717774115943,1.1128222588405663,72.84370129870129,17.15629870129871,59.507931423342654,30.492068576657346,79.95666666666666,10.043333333333337
51,7 dias,130.0,81.42865316796781,48.57134683203219,110.36130952380954,19.63869047619046,77.08416942810534,52.91583057189466,118.47,11.530000000000001
51,14 dias,-60.0,-36.6777216696496,23.3222783303504,-46.91234126984128,13.087658730158722,-55.211712571558536,4.788287428441464,-39.12666666666666,20.873333333333342
51,28 dias,-190.0,-152.0401743590606,37.959825640939414,-172.22296009546008,17.77703990453992,-171.86749761145032,18.132502388549682,-157.2216666666667,32.77833333333331
51,56 dias,-330.0,-285.86006138598356,44.139938614016444,-305.7265115440115,24.273488455988513,-301.7453990236799,28.25460097632009,-286.365,43.63499999999999
52,12 h,0.0,-112.08752512881557,112.08752512881557,0.0,0.0,-51.053151263357115,51.053151263357115,0.0,0.0
52,1 dia,-60.0,-97.5793300333068,37.5793300333068,-54.59230769230769,5.407692307692308,-66.40460729344228,6.404607293442282,-50.27333333333333,9.726666666666667
52,3 dias,-120.0,-81.70482303256631,38.29517696743369,-110.07232323232326,9.927676767676743,-90.8935443725339,29.106455627466104,-105.14333333333332,14.856666666666683
52,7 dias,-170.0,-84.12847090158894,85.87152909841106,-168.37436868686862,1.6256313131313789,-129.98384610225327,40.01615389774673,-165.61,4.389999999999986
52,14 dias,-280.0,-207.99215683065182,72.00784316934818,-241.36400793650807,38.635992063491926,-217.88229832000118,62.11770167999882,-257.4833333333334,22.516666666666595
52,28 dias,-350.0,-330.0067900357579,19.993209964242112,-373.1074816849817,23.10748168498168,-321.8768528332721,28.123147166727904,-386.0850000000001,36.08500000000009
52,56 dias,-470.0,-467.8199014600987,2.18009853990128,-489.43082611832614,19.430826118326138,-439.1638097468792,30.836190253120776,-497.30833333333334,27.308333333333337
53,12 h,0.0,60.14643567823235,60.14643567823235,1.375,1.375,12.05510257694589,12.05510257694589,0.0,0.0
53,1 dia,20.0,74.43914662671754,54.439146626717545,64.07142857142856,44.071428571428555,41.93162779214454,21.93162779214454,57.403333333333336,37.403333333333336
53,3 dias,60.0,78.87617747101781,18.87617747101781,101.93782245532246,41.93782245532246,68.97781150921611,8.97781150921611,95.34476190476191,35.34476190476191
53,7 dias,100.0,75.95167800853902,24.04832199146098,131.29621933621928,31.29621933621928,90.25448556639549,9.745514433604512,135.51833333333332,35.51833333333332
53,14 dias,-40.0,-44.957562957272856,4.957562957272856,-34.46801587301589,5.5319841269841135,-44.08432840612331,4.084328406123312,-20.975476190476183,19.024523809523817
53,28 dias,-130.0,-162.17172834213463,32.17172834213463,-153.48924464424465,23.48924464424465,-168.16369826424813,38.163698264248126,-141.81833333333338,11.818333333333385
53,56 dias,-330.0,-294.8014979607794,35.198502039220614,-289.50566017316015,40.49433982683985,-297.28558255445637,32.71441744554363,-298.81999999999994,31.180000000000064
54,12 h,0.0,-319.30910056450136,319.30910056450136,0.0,0.0,-56.493357218874316,56.493357218874316,0.0,0.0
54,1 dia,0.0,-313.937459301618,313.937459301618,-54.937619047619044,54.937619047619044,-88.23662728905082,88.23662728905082,-57.90166666666667,57.90166666666667
54,3 dias,10.0,-309.93290863857356,319.93290863857356,-140.6865367965368,150.6865367965368,-172.3557411103689,182.3557411103689,-209.42833333333328,219.42833333333328
54,7 dias,20.0,-317.39143321176516,337.39143321176516,-398.78488816738815,418.78488816738815,-337.1566793849671,357.1566793849671,-340.7988095238096,360.7988095238096
54,14 dias,-140.0,-435.49780804938257,295.49780804938257,-443.30531385281387,303.30531385281387,-498.6785554362163,358.6785554362163,-496.8742857142858,356.8742857142858
54,28 dias,-290.0,-550.8602607387936,260.8602607387936,-734.0433946608947,444.0433946608947,-727.5778769187117,437.5778769187117,-690.6049999999996,400.60499999999956
54,56 dias,-470.0,-684.6801477657166,214.68014776571658,-759.588712121212,289.588712121212,-845.861975846413,375.861975846413,-834.6635714285711,364.6635714285711
55,12 h,0.0,90.6006744622934,90.6006744622934,0.33333333333333337,0.33333333333333337,29.188087245624654,29.188087245624654,-0.8366666666666667,0.8366666666666667
55,1 dia,30.0,105.10886955780217,75.10886955780217,36.411025086025084,6.411025086025084,48.09586618428538,18.095866184285377,36.53869047619048,6.538690476190482
55,3 dias,60.0,120.98337655854272,60.983376558542716,97.54583333333332,37.54583333333332,73.31435770039064,13.314357700390644,92.34777777777782,32.34777777777782
55,7 dias,100.0,118.55972868952006,18.559728689520057,146.7505844155844,46.7505844155844,88.0034312891787,11.996568710821293,141.6161904761904,41.61619047619041
55,14 dias,-60.0,-5.303957239542768,54.69604276045723,-6.52443833943834,53.47556166056166,-29.12816424178525,30.87183575821475,-23.73521645021645,36.26478354978355
55,28 dias,-180.0,-127.31859044464888,52.681409555351124,-138.19586524586532,41.80413475413468,-148.05402718769986,31.94597281230014,-138.34182539682536,41.65817460317464
55,56 dias,-330.0,-265.1317018689897,64.8682981310103,-311.2745082695083,18.725491730491683,-290.27755053258016,39.722449467419835,-288.724007936508,41.275992063492026
56,12 h,0.0,-100.21381257440233,100.21381257440233,0.0,0.0,-30.486022217969342,30.486022217969342,0.0,0.0
56,1 dia,-50.0,-85.92110162591713,35.92110162591713,-63.58857142857144,13.588571428571441,-55.666943552343504,5.666943552343504,-62.29999999999998,12.299999999999983
56,3 dias,-100.0,-81.48407078161686,18.515929218383135,-123.81240981240978,23.812409812409783,-98.46292390363581,1.5370760963641885,-125.95000000000007,25.950000000000074
56,7 dias,-160.0,-84.40857024409564,75.59142975590436,-174.01768759018756,14.017687590187563,-136.24828816899904,23.75171183100096,-191.1000000000001,31.100000000000108
56,14 dias,-250.0,-205.31781120990755,44.682188790092454,-278.165248917749,28.16524891774901,-228.99783262558407,21.002167374415933,-275.10166666666674,25.101666666666745
56,28 dias,-360.0,-322.53197659476933,37.46802340523067,-404.7519769119771,44.751976911977124,-315.5077706958962,44.49222930410377,-397.5035714285714,37.50357142857138
56,56 dias,-470.0,-455.161746213414,14.838253786585994,-517.0486868686867,47.04868686868667,-437.3976521942625,32.60234780573751,-515.7016666666661,45.70166666666614
57,12 h,0.0,64.86506714453753,64.86506714453753,0.0,0.0,21.173439938733424,21.173439938733424,-0.18166666666666667,0.18166666666666667
57,1 dia,30.0,70.23670840742088,40.23670840742088,49.102698690198714,19.102698690198714,45.98961019303575,15.989610193035752,40.72714285714287,10.727142857142873
57,3 dias,70.0,74.24125907046539,4.241259070465389,105.93650793650795,35.93650793650795,79.85582852869868,9.85582852869868,91.62107142857141,21.621071428571412
57,7 dias,110.0,66.78273449727376,43.217265502726235,145.0640362415363,35.064036241536286,103.48512970280707,6.514870297192928,133.66809523809528,23.668095238095276
57,14 dias,-20.0,-51.3236403403437,31.3236403403437,0.6816594516594521,20.681659451659453,-20.38837006407031,0.3883700640703083,-9.705595238095237,10.294404761904763
57,28 dias,-190.0,-166.68609302975466,23.31390697024534,-119.46063519813524,70.53936480186476,-136.66522131417182,53.334778685828184,-136.99750000000003,53.00249999999997
57,56 dias,-330.0,-300.50598005667763,29.49401994332237,-281.52402597402596,48.47597402597404,-278.6975138163241,51.30248618367591,-314.39357142857136,15.606428571428637
58,12 h,0.0,-18.01825519216996,18.01825519216996,0.7233333333333334,0.7233333333333334,16.01043574010265,16.01043574010265,0.1,0.1
58,1 dia,30.0,-3.5100600966611637,33.510060096661164,32.75396936396937,2.753969363969368,34.91821467876337,4.91821467876337,48.06,18.060000000000002
58,3 dias,70.0,12.364446904079301,57.6355530959207,60.32166361416363,9.678336385836367,61.80866871228904,8.191331287710959,94.47666666666666,24.47666666666666
58,7 dias,120.0,9.94079903505667,110.05920096494333,76.50181096681095,43.49818903318905,76.49774230107712,43.502257698922875,123.05166666666665,3.051666666666648
58,14 dias,-90.0,-113.92288689400621,23.92288689400621,-66.68285714285713,23.31714285714287,-42.33762156969032,47.66237843030968,-16.075238095238095,73.92476190476191
58,28 dias,-200.0,-235.9375200991123,35.937520099112305,-197.95099927849932,2.0490007215006756,-161.26348451560494,38.736515484395056,-159.20238095238102,40.79761904761898
58,56 dias,-320.0,-373.75063152345314,53.75063152345314,-323.0051479076479,3.0051479076478813,-296.19417902990006,23.805820970099944,-308.3300000000001,11.669999999999902
59,12 h,0.0,-79.5989606047336,79.5989606047336,0.0,0.0,-15.951288358410775,15.951288358410775,0.0,0.0
59,1 dia,40.0,-65.3062496562484,105.3062496562484,-17.60137584637585,57.601375846375845,-37.52244498519572,77.52244498519572,-28.811666666666643,68.81166666666664
59,3 dias,90.0,-60.86921881194816,150.86921881194814,-35.58080808080808,125.58080808080808,-69.1437154475284,159.1437154475284,-57.00833333333332,147.00833333333333
59,7 dias,110.0,-63.793718274426936,173.79371827442694,-81.9024458874459,191.90244588744588,-106.92907971289168,216.92907971289168,-104.18833333333326,214.18833333333328
59,14 dias,-80.0,-184.70295924023884,104.70295924023884,-189.5856709956709,109.58567099567091,-200.51756617064189,120.51756617064189,-194.69690476190476,114.69690476190476
59,28 dias,-360.0,-301.9171246251006,58.0828753748994,-327.6120593295592,32.3879406704408,-299.26423624092854,60.73576375907146,-309.3492857142856,50.6507142857144
59,56 dias,-460.0,-434.54689424374527,25.45310575625473,-452.914220779221,7.0857792207789885,-418.91732938910934,41.08267061089066,-448.0984523809524,11.90154761904762
60,12 h,0.0,-88.94224566568735,88.94224566568735,0.0,0.0,-16.131527303838855,16.131527303838855,0.0,0.0
60,1 dia,-60.0,-83.57060440280401,23.57060440280401,-55.45325036075035,4.546749639249647,-46.09865414042466,13.901345859575343,-40.229999999999976,19.770000000000024
60,3 dias,-120.0,-79.56605373975955,40.43394626024045,-95.27638888888887,24.723611111111126,-85.72364933574417,34.27635066425583,-71.29468253968248,48.70531746031752
60,7 dias,-170.0,-87.02457831295118,82.97542168704882,-156.20863733488733,13.791362665112672,-128.72486173269508,41.275138267304925,-132.96988095238098,37.030119047619024
60,14 dias,-210.0,-205.1309531505686,4.869046849431413,-224.8366955266954,14.836695526695394,-206.99913661157,3.000863388429991,-211.99130952380946,1.9913095238094627
60,28 dias,-340.0,-320.4934058399796,19.506594160020427,-323.23242063492063,16.76757936507937,-309.0497748951907,30.950225104809306,-328.7709523809524,11.229047619047606
60,56 dias,-460.0,-454.31329286690254,5.686707133097457,-448.941588966589,11.058411033411005,-423.7447597443672,36.25524025563283,-448.38666666666654,11.613333333333458
61,12 h,0.0,-96.65793030164237,96.65793030164237,0.0,0.0,-32.80132389420668,32.80132389420668,0.0,0.0
61,1 dia,-40.0,-82.14973520613357,42.14973520613357,-56.487738095238086,16.487738095238086,-48.152779924291856,8.152779924291856,-62.64166666666665,22.64166666666665
61,3 dias,-80.0,-66.27522820539309,13.724771794606909,-90.38042568542572,10.38042568542572,-72.64171700338346,7.358282996616538,-80.90499999999999,0.9049999999999869
61,7 dias,-160.0,-68.69887607441575,91.30112392558425,-133.21622655122653,26.783773448773474,-111.73201873310285,48.26798126689715,-142.08500000000015,17.91499999999985
61,14 dias,-230.0,-192.5625620034786,37.437437996521396,-204.6876154401154,25.312384559884606,-199.6304709508508,30.369529049149207,-206.93500000000003,23.06499999999997
61,28 dias,-340.0,-314.5771952085847,25.422804791415274,-309.6226695526696,30.377330447330394,-303.62502546412173,36.374974535878266,-308.7466666666667,31.253333333333273
61,56 dias,-460.0,-452.39030663292556,7.609693367074442,-430.11906926406925,29.880930735930747,-420.91198237772886,39.08801762227114,-442.5800000000001,17.419999999999902
62,12 h,0.0,44.29839178431932,44.29839178431932,1.5833333333333335,1.5833333333333335,5.892140506623797,5.892140506623797,0.0,0.0
62,1 dia,50.0,58.591102732804515,8.591102732804515,107.84380952380954,57.84380952380954,79.04294573495469,29.042945734954685,110.01666666666668,60.01666666666668
62,3 dias,50.0,63.028133577104754,13.028133577104754,126.83102591852595,76.83102591852595,106.08912945202627,56.08912945202627,119.04833333333335,69.04833333333335
62,7 dias,10.0,60.10363411462599,50.10363411462599,142.01961038961036,132.01961038961036,121.69296101405607,111.69296101405607,153.39833333333334,143.39833333333334
62,14 dias,-130.0,-60.8056068511859,69.1943931488141,-5.9822366522366535,124.01776334776335,-24.041125216287817,105.95887478371219,92.28500000000003,222.28500000000003
62,28 dias,-280.0,-178.01977223604766,101.98022776395234,-93.04448412698413,186.95551587301588,-160.05538494055216,119.94461505944784,-32.86166666666666,247.13833333333335
62,56 dias,-320.0,-310.64954185469236,9.350458145307641,-204.75299450549448,115.24700549450552,-284.7809537330656,35.21904626693441,-133.23166666666668,186.76833333333332
63,12 h,0.0,81.35929941149837,81.35929941149837,0.34896825396825404,0.34896825396825404,18.93858299928649,18.93858299928649,0.8416666666666666,0.8416666666666666
63,1 dia,30.0,86.73094067438174,56.73094067438174,31.62490509490509,1.6249050949050883,43.75475325358881,13.75475325358881,27.77738095238096,2.222619047619041
63,3 dias,80.0,90.73549133742617,10.735491337426168,95.9433333333333,15.9433333333333,77.62097158925175,2.379028410748248,70.20821428571429,9.791785714285709
63,7 dias,140.0,83.27696676423457,56.72303323576543,132.77090132090132,7.2290986790986835,101.25027276336016,38.74972723663984,92.83690476190478,47.163095238095224
63,14 dias,-30.0,-34.829408073382865,4.829408073382865,-42.35430513930513,12.354305139305133,-20.38837006407031,9.611629935929692,-61.59630952380953,31.59630952380953
63,28 dias,-130.0,-150.19186076279385,20.19186076279385,-156.71979742479746,26.719797424797463,-136.66522131417182,6.665221314171816,-165.86289682539692,35.862896825396916
63,56 dias,-320.0,-284.0117477897168,35.98825221028318,-318.5870454545455,1.412954545454511,-278.6975138163241,41.30248618367591,-360.88571428571436,40.88571428571436
64,12 h,0.0,-78.68630412446385,78.68630412446385,0.0,0.0,-27.951973843768954,27.951973843768954,0.0,0.0
64,1 dia,-90.0,-64.17810902895505,25.82189097104495,-49.75081779331779,40.24918220668221,-43.30342987385411,46.69657012614589,-52.67833333333333,37.32166666666667
64,3 dias,-140.0,-48.303602028214584,91.69639797178542,-100.39833694083696,39.601663059163045,-69.46432947036611,70.53567052963389,-76.21333333333332,63.786666666666676
64,7 dias,-180.0,-50.72724989723724,129.27275010276276,-153.44835497835493,26.551645021645072,-108.5546312000855,71.4453687999145,-144.9766666666668,35.0233333333332
64,14 dias,-240.0,-174.5909358263001,65.4090641736999,-235.8873845598846,4.112615440115405,-194.74931507802998,45.25068492197002,-231.5816666666667,8.418333333333294
64,28 dias,-330.0,-296.60556903140616,33.39443096859384,-373.0760026085025,43.076002608502506,-298.74386959130095,31.25613040869905,-365.15833333333336,35.15833333333336
64,56 dias,-450.0,-434.418680455747,15.581319544253006,-477.89439754689766,27.894397546897665,-421.52116324531903,28.47883675468097,-497.21,47.20999999999998
65,12 h,0.0,47.40985361545914,47.40985361545914,-0.6599999999999998,0.6599999999999998,14.344499933247196,14.344499933247196,0.27,0.27
65,1 dia,30.0,61.702564563944335,31.702564563944335,27.523210678210685,2.4767893217893153,40.710860317635095,10.710860317635095,24.701666666666668,5.298333333333332
65,3 dias,60.0,66.13959540824457,6.139595408244574,29.77156898656899,30.22843101343101,67.75704403470675,7.757044034706752,28.140000000000004,31.859999999999996
65,7 dias,110.0,63.21509594576581,46.78490405423419,46.718672161172165,63.281327838827835,78.80114290812382,31.198857091876178,31.18499999999999,78.81500000000001
65,14 dias,-10.0,-57.69414502004608,47.69414502004608,-130.03607142857146,120.03607142857146,-55.14786647438383,45.14786647438383,-148.13523809523807,138.13523809523807
65,28 dias,-100.0,-174.9083104049078,74.90831040490781,-230.3513095238096,130.3513095238096,-187.4410371208099,87.44103712080991,-217.93166666666664,117.93166666666664
65,56 dias,-320.0,-307.5380800235526,12.461919976447405,-414.40861111111104,94.40861111111104,-308.6992591141027,11.300740885897312,-376.9066666666667,56.906666666666695
66,12 h,0.0,49.91708769932043,49.91708769932043,0.65,0.65,15.788702655057703,15.788702655057703,1.2500000000000002,1.2500000000000002
66,1 dia,40.0,55.288728962203805,15.288728962203805,38.91126984126984,1.0887301587301579,29.640650870529456,10.359349129470544,67.46666666666665,27.466666666666654
66,3 dias,80.0,59.29327962524826,20.70672037475174,72.95666666666665,7.043333333333351,57.0688961297409,22.9311038702591,75.70666666666665,4.293333333333351
66,7 dias,120.0,51.834755052056664,68.16524494794334,103.29527611277612,16.704723887223878,74.6451341345036,45.35486586549639,119.53333333333336,0.46666666666664014
66,14 dias,-40.0,-66.27161978556079,26.271619785560787,-64.82353174603173,24.823531746031733,-57.65074786516029,17.65074786516029,-46.99666666666666,6.996666666666663
66,28 dias,-160.0,-181.6340724749718,21.634072474971788,-172.14005605505608,12.140056055056078,-174.30653290505205,14.306532905052052,-168.09166666666664,8.09166666666664
66,56 dias,-320.0,-315.45395950189476,4.546040498105242,-304.1339249639249,15.866075036075074,-304.1844343172816,15.815565682718386,-313.9449999999999,6.0550000000001205
67,12 h,0.0,-137.31443234999756,137.31443234999756,0.0,0.0,-35.49297046389082,35.49297046389082,0.0,0.0
67,1 dia,-50.0,-122.80623725448878,72.80623725448878,-45.84615079365081,4.153849206349193,-50.844426493975995,0.8444264939759947,-42.24500000000001,7.754999999999988
67,3 dias,-100.0,-106.9317302537483,6.931730253748299,-92.38740620490621,7.612593795093787,-75.3333635730676,24.6666364269324,-74.49166666666665,25.508333333333354
67,7 dias,-170.0,-109.35537812277094,60.644621877229056,-133.79561688311685,36.20438311688315,-114.42366530278699,55.576334697213014,-130.38500000000002,39.61499999999998
67,14 dias,-260.0,-233.2190640518338,26.78093594816619,-212.66704906204907,47.332950937950926,-202.32211752053493,57.67788247946507,-222.6766666666667,37.323333333333295
67,28 dias,-370.0,-355.2336972569399,14.766302743060123,-336.3921750471751,33.6078249528249,-306.3166720338059,63.6833279661941,-343.5916666666668,26.40833333333319
67,56 dias,-450.0,-493.04680868128077,43.046808681280766,-448.22114357864353,1.7788564213564655,-423.60362894741303,26.39637105258697,-479.9600000000001,29.960000000000093
68,12 h,0.0,44.41603586086079,44.41603586086079,0.0,0.0,6.465384367161349,6.465384367161349,0.0,0.0
68,1 dia,20.0,58.70874680934598,38.70874680934598,27.668018925518922,7.668018925518922,34.767066687722846,14.767066687722846,18.12333333333334,1.8766666666666616
68,3 dias,60.0,63.14577765364622,3.1457776536462205,67.47215062715064,7.47215062715064,61.81325040479445,1.8132504047944522,61.795000000000016,1.795000000000016
68,7 dias,100.0,60.22127819116746,39.77872180883254,99.22156204906204,0.7784379509379562,80.44573480685314,19.55426519314686,94.36333333333332,5.6366666666666845
68,14 dias,-30.0,-60.68796277464444,30.68796277464444,-31.09346681096682,1.0934668109668202,-46.12849641781292,16.12849641781292,-42.337142857142865,12.337142857142865
68,28 dias,-160.0,-177.90212815950622,17.90212815950622,-182.93762265512268,22.93762265512268,-170.20786627593776,10.20786627593776,-186.56333333333333,26.563333333333333
68,56 dias,-320.0,-310.53189777815095,9.468102221849051,-351.46529942279943,31.465299422799433,-313.0808270912156,6.91917290878439,-348.30833333333334,28.308333333333337
69,12 h,0.0,-77.76320085883818,77.76320085883818,0.0,0.0,-14.167444038615683,14.167444038615683,0.0,0.0
69,1 dia,-50.0,-72.39155959595485,22.391559595954845,-45.13966450216449,4.860335497835507,-44.13457087520147,5.865429124798531,-34.63,15.369999999999997
69,3 dias,-110.0,-68.38700893291036,41.61299106708964,-87.7019841269841,22.2980158730159,-83.759566070521,26.240433929478996,-78.0,32.0
69,7 dias,-160.0,-75.84553350610199,84.15446649389801,-120.26849317349316,39.731506826506845,-126.7607784674718,33.239221532528205,-117.26000000000002,42.73999999999998
69,14 dias,-260.0,-193.9519083437194,66.0480916562806,-204.81652236652238,55.18347763347762,-205.03505334634676,54.96494665365324,-199.74833333333333,60.251666666666665
69,28 dias,-350.0,-309.31436103313035,40.68563896686965,-293.77170634920634,56.22829365079366,-307.9570580349905,42.042941965009504,-298.26499999999993,51.73500000000007
69,56 dias,-450.0,-443.1342480600534,6.86575193994662,-413.9250505050506,36.07494949494941,-422.65204288416686,27.34795711583314,-409.13666666666666,40.863333333333344
70,12 h,0.0,12.661289565801695,12.661289565801695,-0.3181818181818182,0.3181818181818182,14.81181796180998,14.81181796180998,-0.11666666666666668,0.11666666666666668
70,1 dia,20.0,27.16948466131049,7.1694846613104914,45.624531024531024,25.624531024531024,33.7195969004707,13.719596900470698,46.74833333333333,26.748333333333328
70,3 dias,40.0,43.043991662050985,3.043991662050985,67.04698773448773,27.04698773448773,60.61005093399637,20.61005093399637,74.74833333333335,34.74833333333335
70,7 dias,90.0,40.620343793028326,49.379656206971674,84.21768759018761,5.782312409812391,75.29912452278445,14.700875477215547,94.48444444444445,4.484444444444449
70,14 dias,-40.0,-83.24334213603454,43.24334213603454,-55.80862914862912,15.808629148629123,-43.53623934798299,3.536239347982992,-50.963571428571434,10.963571428571434
70,28 dias,-180.0,-205.25797534114065,25.25797534114065,-165.75552308802307,14.244476911976932,-162.46210229389763,17.53789770610237,-123.74666666666663,56.25333333333337
70,56 dias,-320.0,-343.0710867654815,23.071086765481482,-307.7693722943723,12.230627705627683,-297.3927968081927,22.607203191807287,-294.02500000000003,25.974999999999966
71,12 h,0.0,-148.5268859702092,148.5268859702092,0.0,0.0,-24.342715366566622,24.342715366566622,0.0,0.0
71,1 dia,-50.0,-134.234175021724,84.23417502172401,-53.86297619047618,3.862976190476182,-49.52363670094078,0.4763632990592228,-47.82166666666666,2.1783333333333417
71,3 dias,-110.0,-129.79714417742377,19.797144177423775,-86.74247835497836,23.25752164502164,-81.14490716327344,28.855092836726556,-93.3157142857143,16.684285714285707
71,7 dias,-190.0,-132.72164363990254,57.27835636009746,-144.21458874458872,45.785411255411276,-118.93027142863674,71.06972857136326,-145.125,44.875
71,14 dias,-260.0,-253.6308846057144,6.369115394285586,-249.83158730158732,10.16841269841268,-211.67981588522164,48.32018411477836,-254.11499999999995,5.885000000000048
71,28 dias,-330.0,-370.84504999057623,40.84504999057623,-362.359272949273,32.35927294927302,-308.90379176193477,21.09620823806523,-350.3019047619046,20.30190476190461
71,56 dias,-450.0,-503.47481960922084,53.474819609220845,-459.3544408369408,9.354440836940796,-427.3466047799863,22.653395220013692,-455.51976190476194,5.5197619047619355
72,12 h,0.0,43.05877118010818,43.05877118010818,0.0,0.0,19.50768696291937,19.50768696291937,0.15666666666666668,0.15666666666666668
72,1 dia,60.0,48.430412442991496,11.569587557008504,41.237606421356425,18.762393578643575,33.35963517839112,26.640364821608877,50.98166666666667,9.01833333333333
72,3 dias,80.0,52.43496310603598,27.56503689396402,75.28585497835498,4.714145021645024,62.38536095949273,17.61463904050727,75.82571428571428,4.174285714285716
72,7 dias,120.0,44.97643853284433,75.02356146715567,92.9585064935065,27.041493506493495,81.29284422770807,38.70715577229193,104.40476190476191,15.595238095238088
72,14 dias,80.0,-73.12993630477311,153.1299363047731,-41.442958152958155,121.44295815295816,-49.41146381401584,129.41146381401583,-44.47142857142856,124.47142857142856
72,28 dias,-220.0,-188.4923889941841,31.507611005815903,-172.91507936507935,47.08492063492065,-163.34230635487842,56.65769364512158,-192.32642857142855,27.67357142857145
72,56 dias,-310.0,-322.3122760211071,12.312276021107095,-295.0816738816739,14.918326118326092,-294.50415932450653,15.495840675493469,-285.25500000000005,24.744999999999948
73,12 h,0.0,-98.4052837122043,98.4052837122043,0.0,0.0,-32.77229795512938,32.77229795512938,0.0,0.0
73,1 dia,-30.0,-83.89708861669551,53.89708861669551,-50.22645271395271,20.22645271395271,-48.123753985214556,18.123753985214556,-48.00666666666666,18.00666666666666
73,3 dias,-80.0,-68.022581615955,11.977418384044995,-97.62294011544013,17.62294011544013,-74.28465358172654,5.715346418273455,-83.01,3.010000000000005
73,7 dias,-110.0,-70.44622948497766,39.553770515022336,-145.5446356421356,35.5446356421356,-113.37495531144593,3.3749553114459303,-141.69833333333335,31.698333333333352
73,14 dias,-200.0,-194.30991541404055,5.690084585959454,-221.98607503607505,21.98607503607505,-201.2734075291939,1.2734075291938893,-216.7316666666667,16.73166666666671
73,28 dias,-320.0,-316.3245486191466,3.675451380853417,-367.0092168942168,47.00921689421682,-305.26796204246483,14.73203795753517,-344.0400000000001,24.040000000000077
73,56 dias,-450.0,-454.1376600434874,4.137660043487415,-462.5467784992785,12.546778499278503,-428.0452556964829,21.95474430351709,-456.71833333333336,6.718333333333362
74,12 h,0.0,27.066587650170348,27.066587650170348,0.0,0.0,4.706987900292875,4.706987900292875,0.0,0.0
74,1 dia,80.0,41.35929859865551,38.64070140134449,47.41857142857144,32.58142857142856,31.073348284680762,48.92665171531924,76.69333333333333,3.306666666666672
74,3 dias,120.0,45.79632944295575,74.20367055704425,91.62841991341993,28.371580086580067,58.11953200175245,61.88046799824755,109.47666666666663,10.523333333333369
74,7 dias,150.0,42.87182998047699,107.12817001952301,119.37285714285716,30.627142857142843,69.16363087516949,80.83636912483051,121.61666666666667,28.383333333333326
74,14 dias,-50.0,-78.03741098533487,28.037410985334873,-57.52150793650792,7.521507936507923,-63.9464365061729,13.946436506172901,-67.29249999999999,17.29249999999999
74,28 dias,-170.0,-195.2515763701967,25.251576370196688,-192.84704906204905,22.847049062049052,-197.53712195611598,27.537121956115982,-194.94166666666663,24.941666666666634
74,56 dias,-310.0,-327.88134598884136,17.88134598884136,-339.6439538239538,29.64395382395378,-323.4028480111591,13.402848011159108,-279.29333333333363,30.706666666666365
75,12 h,0.0,6.067032729847853,6.067032729847853,-0.1026984126984127,0.1026984126984127,11.280931149231458,11.280931149231458,-0.5183333333333333,0.5183333333333333
75,1 dia,10.0,11.438673992731196,1.4386739927311964,25.564531024531025,15.564531024531025,25.132879364703204,15.132879364703204,36.58166666666667,26.58166666666667
75,3 dias,30.0,15.44322465577568,14.55677534422432,92.63813492063493,62.638134920634926,44.21489145331056,14.214891453310557,64.84166666666661,34.84166666666661
75,7 dias,70.0,7.984700082584055,62.015299917415945,121.33222222222223,51.33222222222223,61.79112945807325,8.20887054192675,96.37333333333332,26.37333333333332
75,14 dias,-150.0,-110.12167475503338,39.87832524496662,-30.46376984126984,119.53623015873016,-68.26989560214373,81.73010439785627,-17.820000000000004,132.18
75,28 dias,-230.0,-225.48412744444434,4.51587255555566,-167.5790170940171,62.420982905982896,-183.36810708695583,46.63189291304417,-122.46333333333332,107.53666666666668
75,56 dias,-310.0,-359.3040144713673,49.30401447136728,-338.6922222222222,28.6922222222222,-307.1354287757025,2.8645712242974923,-304.51500000000004,5.484999999999957
76,12 h,0.0,-91.42241029116568,91.42241029116568,-0.525,0.525,-27.98099978284625,27.98099978284625,0.0,0.0
76,1 dia,-60.0,-76.91421519565691,16.914215195656908,-37.42433538683538,22.57566461316462,-43.33245581293141,16.667544187068593,-27.301587301587293,32.69841269841271
76,3 dias,-100.0,-61.039708194916415,38.960291805083585,-77.97660894660896,22.023391053391038,-67.82139289202303,32.17860710797697,-84.21277777777777,15.787222222222226
76,7 dias,-150.0,-63.463356063939045,86.53664393606095,-137.37645743145742,12.623542568542575,-106.91169462174241,43.08830537825759,-139.67535714285717,10.324642857142834
76,14 dias,-210.0,-187.32704199300193,22.672958006998073,-190.4078771228772,19.59212287712279,-193.10637849968688,16.893621500313117,-205.29353174603185,4.706468253968154
76,28 dias,-300.0,-309.341675198108,9.341675198108021,-265.4034348984349,34.59656510156509,-297.10093301295785,2.899066987042147,-250.75865079365087,49.24134920634913
76,56 dias,-450.0,-447.15478662244885,2.845213377551147,-395.3028535353536,54.69714646464638,-414.387889926565,35.61211007343502,-367.27472222222224,82.72527777777776
77,12 h,0.0,68.80382600160344,68.80382600160344,0.0,0.0,-28.69757504806204,28.69757504806204,0.0,0.0
77,1 dia,30.0,83.09653695008863,53.096536950088634,53.43253246753247,23.432532467532468,4.4547211675265945,25.545278832473407,33.084999999999994,3.0849999999999937
77,3 dias,-50.0,87.53356779438887,137.5335677943889,48.12880591630591,98.12880591630591,-0.6733804613321557,49.32661953866784,37.27333333333334,87.27333333333334
77,7 dias,-90.0,84.60906833191011,174.60906833191012,58.690032467532454,148.69003246753246,20.603293595847248,110.60329359584725,21.236666666666668,111.23666666666666
77,14 dias,-150.0,-36.30017263390178,113.69982736609822,-51.2932115107115,98.7067884892885,-111.48386863373958,38.516131366260424,-115.43666666666668,34.56333333333332
77,28 dias,-200.0,-153.51433801876357,46.48566198123643,-163.48795093795098,36.512049062049016,-232.2974038087595,32.2974038087595,-191.60999999999996,8.390000000000043
77,56 dias,-310.0,-286.14410763740824,23.85589236259176,-295.0677056277058,14.932294372294223,-340.16193198664683,30.161931986646835,-313.8733333333332,3.873333333333221
78,12 h,0.0,98.93890523002005,98.93890523002005,-0.04857142857142857,0.04857142857142857,19.50768696291937,19.50768696291937,0.30999999999999994,0.30999999999999994
78,1 dia,60.0,104.31054649290343,44.31054649290343,47.49044025419026,12.509559745809739,33.35963517839112,26.640364821608877,50.720000000000006,9.279999999999994
78,3 dias,90.0,108.31509715594785,18.315097155947853,81.01613997113999,8.983860028860008,62.38536095949273,27.61463904050727,73.82166666666667,16.178333333333327
78,7 dias,120.0,100.85657258275629,19.143427417243714,95.19434343434342,24.805656565656577,81.29284422770807,38.70715577229193,96.13214285714287,23.867857142857133
78,14 dias,-30.0,-17.249802254861166,12.750197745138834,-79.00060245310246,49.00060245310246,-49.41146381401584,19.41146381401584,-94.37357142857145,64.37357142857145
78,28 dias,-140.0,-132.61225494427214,7.387745055727862,-166.94256132756135,26.94256132756135,-163.34230635487842,23.342306354878417,-131.06000000000003,8.93999999999997
78,56 dias,-310.0,-266.4321419711951,43.56785802880489,-275.94727633477635,34.05272366522365,-294.50415932450653,15.495840675493469,-289.4533333333335,20.54666666666651
79,12 h,0.0,-68.71434393441467,68.71434393441467,3.667777777777778,3.667777777777778,20.986644146883734,20.986644146883734,0.0,0.0
79,1 dia,-70.0,-54.206148838905904,15.793851161094096,-23.537976190476193,46.46202380952381,5.635188116798561,75.63518811679856,-84.27500000000002,14.27500000000002
79,3 dias,-90.0,-38.33164183816541,51.66835816183459,-31.46473137973138,58.535268620268624,-20.525711479713443,69.47428852028656,-78.39333333333333,11.60666666666667
79,7 dias,-130.0,-40.75528970718807,89.24471029281193,-79.74853174603174,50.251468253968255,-59.6160132094328,70.3839867905672,-138.6633333333335,8.663333333333497
79,14 dias,-200.0,-164.61897563625092,35.38102436374908,-205.4977922077922,5.497792207792202,-151.28504504662556,48.714954953374445,-233.7199999999999,33.719999999999914
79,28 dias,-320.0,-286.63360884135705,33.366391158642955,-302.38187590187596,17.618124098124042,-255.27959955989633,64.72040044010367,-320.5128571428572,0.5128571428571718
79,56 dias,-440.0,-424.4467202656979,15.553279734302123,-413.6844083694084,26.315591630591598,-378.05689321391446,61.943106786085536,-452.1833333333333,12.18333333333328
80,12 h,0.0,70.91519369945023,70.91519369945023,0.0,0.0,5.754317902446019,5.754317902446019,0.18333333333333335,0.18333333333333335
80,1 dia,60.0,85.20790464793542,25.207904647935422,73.09063492063493,13.090634920634926,32.12067828683391,27.879321713166092,55.275,4.725000000000001
80,3 dias,80.0,89.64493549223566,9.64493549223566,99.0187445887446,19.018744588744596,59.16686200390559,20.833137996094408,98.13333333333334,18.13333333333334
80,7 dias,120.0,86.7204360297569,33.2795639702431,107.31502136752137,12.684978632478632,75.88680066542344,44.113199334576564,93.20833333333337,26.79166666666663
80,14 dias,80.0,-34.18880493605498,114.18880493605498,-12.621525974025975,92.62152597402597,-54.03570388058929,134.0357038805893,-67.67857142857143,147.67857142857144
80,28 dias,-220.0,-151.40297032091678,68.59702967908322,-171.15017316017315,48.84982683982685,-185.2357617313497,34.7642382686503,-192.26333333333332,27.73666666666668
80,56 dias,-310.0,-284.03273993956145,25.967260060438548,-289.2439285714286,20.756071428571374,-308.86469943620733,1.1353005637926685,-288.5866666666668,21.413333333333185
81,12 h,0.0,50.60728977545767,50.60728977545767,0.1923015873015873,0.1923015873015873,17.272830023472437,17.272830023472437,0.8233333333333333,0.8233333333333333
81,1 dia,40.0,55.978931038341045,15.978931038341045,25.254984459984456,14.745015540015544,31.124778238944184,8.875221761055816,12.960952380952383,27.039047619047615
81,3 dias,90.0,59.98348170138547,30.01651829861453,58.80476190476191,31.19523809523809,60.15050402004579,29.849495979954213,57.46523809523809,32.53476190476191
81,7 dias,120.0,52.52495712819385,67.47504287180615,86.98757936507934,33.01242063492066,79.05798728826115,40.942012711738855,77.00357142857143,42.99642857142857
81,14 dias,-50.0,-65.58141770942356,15.581417709423562,-80.93237373737374,30.932373737373737,-49.41146381401584,0.5885361859841609,-98.70166666666668,48.70166666666668
81,28 dias,-130.0,-180.94387039883458,50.94387039883458,-198.08498556998558,68.08498556998558,-163.34230635487842,33.34230635487842,-225.39499999999992,95.39499999999992
81,56 dias,-310.0,-314.76375742575755,4.763757425757547,-335.5421500721501,25.542150072150093,-294.50415932450653,15.495840675493469,-373.90833333333336,63.90833333333336
82,12 h,0.0,-147.9446737733808,147.9446737733808,3.2670959595959594,3.2670959595959594,-24.69791111809281,24.69791111809281,0.0,0.0
82,1 dia,-90.0,-133.436478677872,43.436478677872,-6.415999278499278,83.58400072150073,-40.04936714817797,49.95063285182203,-53.69166666666665,36.30833333333335
82,3 dias,-140.0,-117.56197167713152,22.438028322868476,22.853920246420245,162.85392024642024,-64.53830422726963,75.46169577273037,-79.23500000000001,60.764999999999986
82,7 dias,-210.0,-119.98561954615417,90.01438045384583,-26.413452380952386,183.58654761904762,-103.62860595698902,106.37139404301098,-130.50833333333344,79.49166666666656
82,14 dias,-270.0,-243.84930547521705,26.15069452478295,-139.35019841269843,130.64980158730157,-223.67186455677447,46.328135443225534,-213.56833333333333,56.43166666666667
82,28 dias,-320.0,-365.86393868032314,45.863938680323145,-337.78630952380956,17.786309523809564,-327.6664190700454,7.666419070045379,-354.88833333333343,34.888333333333435
82,56 dias,-440.0,-503.6770501046639,63.67705010466392,-459.86908730158723,19.86908730158723,-453.12165962583686,13.121659625836855,-516.3883333333333,76.38833333333332
83,12 h,0.0,130.44299480351702,130.44299480351702,0.0,0.0,13.367609020324982,13.367609020324982,0.0,0.0
83,1 dia,30.0,144.73570575200222,114.73570575200222,66.58906565656567,36.589065656565666,57.58986538890655,27.589865388906553,59.309920634920644,29.309920634920644
83,3 dias,90.0,149.17273659630246,59.17273659630246,111.58246753246756,21.58246753246756,88.51587961201996,1.4841203879800418,106.9240476190476,16.9240476190476
83,7 dias,150.0,146.2482371338237,3.751762866176307,154.61225441225443,4.61225441225443,109.79255366919935,40.20744633080065,171.04476190476205,21.044761904762055
83,14 dias,10.0,25.338996168011747,15.338996168011747,-1.6339574314574314,11.633957431457432,-22.294608560387413,32.29460856038742,-2.8347222222222217,12.834722222222222
83,28 dias,-180.0,-91.87516921685,88.12483078315,-109.00397408147408,70.99602591852592,-143.10814373540737,36.89185626459263,-132.4892857142857,47.5107142857143
83,56 dias,-310.0,-224.50493883549473,85.49506116450527,-274.1704617604618,35.82953823953818,-280.6160829857199,29.383917014280087,-286.4036904761905,23.59630952380951
84,12 h,0.0,65.8441141114792,65.8441141114792,0.0,0.0,12.982606519280068,12.982606519280068,4.138333333333333,4.138333333333333
84,1 dia,30.0,71.21575537436257,41.21575537436257,55.30832251082252,25.30832251082252,26.834554734751816,3.1654452652481844,46.49309523809526,16.493095238095258
84,3 dias,70.0,75.22030603740706,5.220306037407056,80.00341269841272,10.003412698412717,51.411184019257185,18.588815980742815,62.17333333333332,7.826666666666682
84,7 dias,120.0,67.76178146421546,52.23821853578454,117.74888888888889,2.251111111111115,70.31866728747252,49.68133271252748,73.11000000000003,46.88999999999997
84,14 dias,-50.0,-50.344593373402006,0.3445933734020059,-56.36712842712842,6.367128427128421,-60.385640754251384,10.385640754251384,-48.19999999999999,1.8000000000000114
84,28 dias,-150.0,-165.707046062813,15.707046062812992,-116.15407120657119,33.84592879342881,-174.31648329511393,24.316483295113926,-107.55166666666666,42.44833333333334
84,56 dias,-310.0,-299.52693308973596,10.473066910264038,-264.9747294372295,45.025270562770515,-303.1244536771737,6.875546322826324,-257.30833333333334,52.69166666666666
85,12 h,0.0,-91.39093144529848,91.39093144529848,0.0,0.0,-27.98099978284625,27.98099978284625,0.0,0.0
85,1 dia,-40.0,-76.8827363497897,36.882736349789695,-49.54192918192919,9.541929181929191,-43.33245581293141,3.332455812931407,-49.655,9.655000000000001
85,3 dias,-90.0,-61.0082293490492,28.991770650950798,-95.75731601731604,5.757316017316043,-67.82139289202303,22.178607107976973,-107.78000000000002,17.780000000000015
85,7 dias,-140.0,-63.43187721807186,76.56812278192814,-134.9985064935065,5.001493506493489,-106.91169462174241,33.08830537825759,-163.15666666666672,23.156666666666723
85,14 dias,-220.0,-187.29556314713474,32.70443685286526,-206.92083333333335,13.079166666666652,-193.10637849968688,26.893621500313117,-213.22333333333333,6.776666666666671
85,28 dias,-300.0,-309.31019635224084,9.310196352240837,-304.48468614718615,4.484686147186153,-297.10093301295785,2.899066987042147,-325.5066666666668,25.506666666666774
85,56 dias,-440.0,-447.12330777658167,7.123307776581669,-425.4403463203463,14.559653679653707,-414.387889926565,25.61211007343502,-457.62833333333333,17.62833333333333
86,12 h,0.0,29.38958486207487,29.38958486207487,-0.6066666666666666,0.6066666666666666,13.505557932081917,13.505557932081917,0.27,0.27
86,1 dia,40.0,43.682295810560035,3.682295810560035,26.89209956709957,13.10790043290043,39.87191831646982,0.12808168353018345,24.701666666666668,15.298333333333332
86,3 dias,70.0,48.119326654860274,21.880673345139726,28.160735653235662,41.83926434676434,66.91810203354147,3.081897966458527,28.140000000000004,41.86
86,7 dias,90.0,45.19482719238151,44.80517280761849,45.65144993894994,44.34855006105006,77.96220090695854,12.037799093041457,31.18499999999999,58.81500000000001
86,14 dias,-30.0,-75.71441377343037,45.714413773430365,-132.6194047619048,102.6194047619048,-55.14786647438383,25.147866474383832,-148.13523809523807,118.13523809523807
86,28 dias,-150.0,-192.9285791582921,42.92857915829211,-230.3513095238096,80.35130952380959,-187.4410371208099,37.44103712080991,-217.93166666666664,67.93166666666664
86,56 dias,-310.0,-325.55834877693684,15.558348776936839,-416.62091269841267,106.62091269841267,-311.0699748256676,1.0699748256676003,-376.9066666666667,66.9066666666667
87,12 h,0.0,95.99123441937095,95.99123441937095,0.0,0.0,21.173439938733424,21.173439938733424,0.0,0.0
87,1 dia,40.0,101.3628756822543,61.3628756822543,43.291596010198944,3.291596010198944,45.98961019303575,5.989610193035752,40.694880952380984,0.6948809523809842
87,3 dias,110.0,105.36742634529872,4.632573654701275,99.31000360750359,10.689996392496411,79.85582852869868,30.14417147130132,97.97630952380952,12.023690476190481
87,7 dias,150.0,97.90890177210713,52.09109822789287,149.29436341436343,0.7056365856365687,103.48512970280707,46.51487029719293,150.65511904761914,0.655119047619138
87,14 dias,0.0,-20.19747306551028,20.19747306551028,-6.591794316794317,6.591794316794317,-20.38837006407031,20.38837006407031,-8.857420634920635,8.857420634920635
87,28 dias,-90.0,-135.55992575492127,45.55992575492127,-129.092842990343,39.092842990343,-136.66522131417182,46.665221314171816,-127.11047619047618,37.11047619047618
87,56 dias,-300.0,-269.37981278184424,30.620187218155763,-280.97879509379504,19.021204906204957,-278.6975138163241,21.30248618367591,-283.9852380952382,16.014761904761826
88,12 h,0.0,-90.02779000380374,90.02779000380374,0.0,0.0,-27.98099978284625,27.98099978284625,0.0,0.0
88,1 dia,-50.0,-75.51959490829495,25.51959490829495,-29.402717005217,20.597282994783,-43.33245581293141,6.667544187068593,-14.647301587301587,35.352698412698416
88,3 dias,-90.0,-59.645087907554455,30.354912092445545,-59.30418831168832,30.69581168831168,-67.82139289202303,22.178607107976973,-4.489642857142857,85.51035714285715
88,7 dias,-160.0,-62.068735776577114,97.93126422342289,-86.18407647907648,73.81592352092352,-106.91169462174241,53.08830537825759,-30.02595238095239,129.9740476190476
88,14 dias,-200.0,-185.93242170564,14.067578294360004,-170.03991896991903,29.96008103008097,-193.10637849968688,6.893621500313117,-133.1376190476191,66.8623809523809
88,28 dias,-310.0,-307.9470549107461,2.0529450892539103,-280.11975135975143,29.880248640248567,-297.10093301295785,12.899066987042147,-290.1708333333334,19.829166666666595
88,56 dias,-440.0,-445.76016633508686,5.760166335086865,-435.5659054834057,4.434094516594314,-414.387889926565,25.61211007343502,-445.1972619047619,5.197261904761888
89,12 h,0.0,93.94332006190528,93.94332006190528,0.0,0.0,13.367609020324982,13.367609020324982,0.0,0.0
89,1 dia,40.0,108.23603101039045,68.23603101039045,42.797304639804636,2.7973046398046364,57.58986538890655,17.589865388906553,41.802063492063496,1.8020634920634961
89,3 dias,100.0,112.67306185469069,12.673061854690687,96.50718031968034,3.4928196803196556,88.51587961201996,11.484120387980042,100.04103174603175,0.04103174603174864
89,7 dias,150.0,109.7485623922119,40.251437607788105,147.70204267954264,2.297957320457357,109.79255366919935,40.20744633080065,148.2973015873016,1.7026984126983962
89,14 dias,-10.0,-11.16067857359998,1.1606785735999807,-12.176244588744591,2.1762445887445914,-22.294608560387413,12.294608560387413,-12.656984126984126,2.656984126984126
89,28 dias,-130.0,-128.37484395846172,1.6251560415382755,-95.47115662115658,34.52884337884342,-143.10814373540737,13.108143735407367,-113.3072619047619,16.6927380952381
89,56 dias,-300.0,-261.00461357710645,38.995386422893546,-277.7201082251082,22.27989177489178,-280.6160829857199,19.383917014280087,-275.2570238095238,24.742976190476213
90,12 h,0.0,-103.15275840474587,103.15275840474587,0.0,0.0,-18.36638424328579,18.36638424328579,0.0,0.0
90,1 dia,-30.0,-97.7811171418625,67.7811171418625,-55.67157287157287,25.67157287157287,-48.3335110798716,18.3335110798716,-53.54380952380952,23.54380952380952
90,3 dias,-70.0,-93.77656647881808,23.776566478818083,-103.5607756132756,33.560775613275595,-87.95850627519108,17.958506275191084,-96.5033333333333,26.503333333333302
90,7 dias,-120.0,-101.2350910520097,18.764908947990307,-158.3272582972583,38.32725829725831,-130.95971867214197,10.959718672141975,-171.30499999999995,51.30499999999995
90,14 dias,-190.0,-219.3414658896271,29.341465889627102,-215.87596681096682,25.875966810966816,-206.99913661157,16.99913661157001,-235.94500000000008,45.94500000000008
90,28 dias,-260.0,-334.70391857903815,74.70391857903815,-282.44686507936507,22.446865079365068,-309.0497748951907,49.049774895190694,-310.4733333333332,50.47333333333319
90,56 dias,-440.0,-468.5238056059611,28.523805605961115,-407.0062301587301,32.99376984126991,-423.7447597443672,16.255240255632827,-446.1166666666666,6.116666666666617
91,12 h,0.0,59.750914351945,59.750914351945,-2.6476190476190475,2.6476190476190475,22.804489051315784,22.804489051315784,-0.09166666666666667,0.09166666666666667
91,1 dia,30.0,74.25910944745374,44.25910944745374,31.629144466644462,1.6291444666444619,41.712267989976496,11.712267989976496,28.899285714285707,1.100714285714293
91,3 dias,80.0,90.13361644819429,10.133616448194289,80.63708180708181,0.6370818070818132,68.60272202350215,11.397277976497847,71.35746031746032,8.642539682539677
91,7 dias,110.0,87.70996857917169,22.290031420828313,104.65561507936509,5.3443849206349086,83.29179561229022,26.708204387709785,94.76285714285714,15.237142857142857
91,14 dias,-50.0,-36.15371734989128,13.84628265010872,-70.21839826839823,20.218398268398232,-33.839799918673734,16.160200081326266,-61.94119047619047,11.94119047619047
91,28 dias,-160.0,-158.16835055499737,1.8316494450026255,-145.54456349206347,14.455436507936525,-152.76566286458836,7.234337135411636,-175.80500000000004,15.805000000000035
91,56 dias,-300.0,-295.9814619793382,4.018538020661822,-280.22870851370857,19.77129148629143,-286.978440009052,13.021559990947992,-283.5816666666667,16.418333333333294
92,12 h,0.0,-94.22939311792176,94.22939311792176,0.0,0.0,-11.859199327030739,11.859199327030739,0.0,0.0
92,1 dia,-30.0,-79.93668216943657,49.936682169436565,-17.390841935841934,12.609158064158066,-33.43035595381568,3.4303559538156776,-30.20500000000001,0.20500000000000895
92,3 dias,-100.0,-75.49965132513633,24.500348674863673,-37.462568542568526,62.537431457431474,-65.05162641614832,34.94837358385168,-63.37,36.63
92,7 dias,-150.0,-78.4241507876151,71.5758492123849,-74.10055555555556,75.89944444444444,-108.51283046961242,41.487169530387575,-107.89333333333329,42.10666666666671
92,14 dias,-210.0,-199.333391753427,10.666608246572991,-176.47989621489623,33.52010378510377,-204.44993776152702,5.550062238472975,-185.87000000000003,24.129999999999967
92,28 dias,-290.0,-316.54755713828877,26.547557138288767,-289.89590548340544,0.10409451659455726,-301.46951163038875,11.469511630388752,-310.3399999999999,20.339999999999918
92,56 dias,-440.0,-449.17732675693344,9.17732675693344,-449.7256782106783,9.725678210678325,-421.1226047785696,18.87739522143039,-454.395,14.394999999999982
93,12 h,0.0,74.23880285739597,74.23880285739597,0.0,0.0,19.50768696291937,19.50768696291937,0.1,0.1
93,1 dia,30.0,79.61044412027928,49.61044412027928,34.29986208236208,4.299862082362083,33.35963517839112,3.359635178391123,42.9475,12.947499999999998
93,3 dias,70.0,83.61499478332377,13.614994783323766,65.04110750360752,4.95889249639248,62.38536095949273,7.614639040507271,67.105,2.894999999999996
93,7 dias,100.0,76.15647021013214,23.84352978986786,86.09230158730159,13.907698412698409,81.29284422770807,18.707155772291927,93.18380952380954,6.816190476190457
93,14 dias,-70.0,-41.94990462748531,28.05009537251469,-81.9885101010101,11.988510101010107,-49.41146381401584,20.58853618598416,-97.71833333333332,27.71833333333332
93,28 dias,-170.0,-157.3123573168963,12.68764268310369,-192.8756998556999,22.875699855699906,-163.34230635487842,6.657693645121583,-214.84833333333327,44.84833333333327
93,56 dias,-300.0,-291.13224434381925,8.867755656180748,-306.9501781551781,6.950178155178094,-294.50415932450653,5.4958406754934686,-361.9566666666667,61.956666666666706
94,12 h,0.0,-123.32398124300133,123.32398124300133,3.2670959595959594,3.2670959595959594,4.56686941304498,4.56686941304498,0.0,0.0
94,1 dia,-50.0,-108.81578614749255,58.815786147492545,0.37261183261183367,50.37261183261183,-10.78458661704019,39.21541338295981,-22.710000000000004,27.289999999999996
94,3 dias,-100.0,-92.94127914675205,7.058720853247948,28.055604950604952,128.05560495060496,-35.273523696131846,64.72647630386815,-53.80333333333333,46.19666666666667
94,7 dias,-160.0,-95.36492701577471,64.63507298422529,-17.407579365079364,142.59242063492064,-74.36382542585122,85.63617457414878,-115.46000000000008,44.53999999999992
94,14 dias,-260.0,-219.22861294483758,40.77138705516242,-124.6855303030303,135.3144696969697,-194.40708402563666,65.59291597436334,-190.43666666666667,69.56333333333333
94,28 dias,-340.0,-341.2432461499436,1.2432461499436158,-320.93915945165946,19.060840548340536,-298.4016385389076,41.598361461092395,-337.5121825396826,2.4878174603173875
94,56 dias,-440.0,-479.0563575742845,39.056357574284505,-425.2412301587301,14.758769841269896,-423.8568790946991,16.14312090530092,-448.96857142857124,8.968571428571238
95,12 h,0.0,54.475078904456026,54.475078904456026,-0.175,0.175,8.686886027558147,8.686886027558147,0.0,0.0
95,1 dia,20.0,68.76778985294122,48.76778985294122,50.81693306693306,30.81693306693306,51.33429950150253,31.334299501502528,38.453809523809525,18.453809523809525
95,3 dias,80.0,73.20482069724146,6.795179302758541,93.63262987012988,13.632629870129875,82.26031372461595,2.260313724615955,81.90714285714279,1.9071428571427873
95,7 dias,120.0,70.2803212347627,49.719678765237305,135.2016233766234,15.201623376623388,100.89279812667466,19.107201873325337,121.10833333333333,1.1083333333333343
95,14 dias,-20.0,-50.628919731049194,30.628919731049194,12.566825396825397,32.566825396825394,-23.429781355059337,3.429781355059337,12.311666666666667,32.31166666666667
95,28 dias,-120.0,-167.84308511591098,47.84308511591098,-122.36838605838604,2.3683860583860366,-144.24331653007928,24.243316530079284,-155.3670238095238,35.3670238095238
95,56 dias,-300.0,-300.4728547345557,0.47285473455571037,-317.29150072150077,17.291500721500768,-291.43275505703815,8.56724494296185,-341.6016666666666,41.601666666666574
96,12 h,0.0,49.625017751733225,49.625017751733225,0.0,0.0,21.471770228142546,21.471770228142546,-0.03333333333333334,0.03333333333333334
96,1 dia,90.0,54.99665901461657,35.00334098538343,59.24593795093795,30.75406204906205,35.323718443614304,54.676281556385696,71.56166666666674,18.43833333333326
96,3 dias,140.0,59.00120967766105,80.99879032233895,97.2056746031746,42.7943253968254,64.34944422471591,75.65055577528409,112.78999999999998,27.210000000000022
96,7 dias,160.0,51.54268510446943,108.45731489553057,134.16835858585858,25.831641414141416,83.25692749293124,76.74307250706876,128.17999999999998,31.82000000000002
96,14 dias,-50.0,-66.56368973314801,16.56368973314801,-41.73886724386725,8.261132756132753,-47.44738054879265,2.552619451207349,-48.02666666666667,1.9733333333333292
96,28 dias,-160.0,-181.926142422559,21.926142422558996,-147.2535894660895,12.746410533910506,-162.24958949467805,2.249589494678048,-161.8383333333334,1.838333333333395
96,56 dias,-290.0,-315.74602944948197,25.746029449481966,-289.2931818181817,0.7068181818182779,-293.4114424643062,3.4114424643062193,-278.5883333333333,11.41166666666669
97,12 h,0.0,1.1755476739037363,1.1755476739037363,5.022896825396826,5.022896825396826,-10.56269822135099,10.56269822135099,1.1400000000000003,1.1400000000000003
97,1 dia,80.0,15.683742769412504,64.3162572305875,27.22573953823953,52.77426046176047,8.345080717309715,71.65491928269029,35.92666666666667,44.07333333333333
97,3 dias,-50.0,31.558249770153026,81.55824977015303,51.38840187590189,101.38840187590189,35.23553475083539,85.2355347508354,24.60000000000001,74.60000000000001
97,7 dias,-100.0,29.134601901130395,129.1346019011304,83.884145021645,183.884145021645,49.92460833962348,149.9246083396235,30.14999999999999,130.14999999999998
97,14 dias,-170.0,-94.72908402793254,75.27091597206746,24.637546897546905,194.6375468975469,-68.91075553114398,101.08924446885602,-125.47500000000004,44.52499999999996
97,28 dias,-230.0,-216.74371723303864,13.256282766961363,-90.92996392496394,139.07003607503606,-187.8366184770586,42.16338152294139,-184.37333333333336,45.62666666666664
97,56 dias,-290.0,-354.5568286573794,64.55682865737941,-277.6957034632035,12.304296536796528,-322.76731299135366,32.76731299135366,-331.212619047619,41.212619047619
98,12 h,0.0,-94.08868016705432,94.08868016705432,0.0,0.0,-30.486022217969342,30.486022217969342,0.0,0.0
98,1 dia,-50.0,-79.79596921856911,29.795969218569113,-64.44848124098125,14.448481240981252,-55.666943552343504,5.666943552343504,-64.16666666666666,14.166666666666657
98,3 dias,-120.0,-75.35893837426887,44.641061625731126,-124.48870129870129,4.488701298701287,-98.46292390363581,21.53707609636419,-129.75500000000005,9.755000000000052
98,7 dias,-180.0,-78.28343783674765,101.71656216325235,-172.05972582972586,7.940274170274137,-136.24828816899904,43.75171183100096,-196.72500000000008,16.72500000000008
98,14 dias,-220.0,-199.19267880255956,20.807321197440444,-262.41314574314583,42.41314574314583,-228.99783262558407,8.997832625584067,-261.9400000000001,41.94000000000011
98,28 dias,-350.0,-316.4068441874213,33.593155812578686,-363.68134920634935,13.681349206349353,-324.92429369878005,25.075706301219952,-362.49690476190483,12.49690476190483
98,56 dias,-440.0,-449.03661380606604,9.036613806066043,-484.3605916305916,44.360591630591614,-444.57738684696085,4.577386846960849,-503.79999999999956,63.79999999999956
99,12 h,0.0,114.61384415335613,114.61384415335613,-0.6348160173160172,0.6348160173160172,17.92940765925033,17.92940765925033,-0.6750000000000003,0.6750000000000003
99,1 dia,40.0,119.98548541623944,79.98548541623944,51.65937451437452,11.65937451437452,42.745577913552665,2.7455779135526654,48.59690476190475,8.596904761904753
99,3 dias,80.0,123.99003607928393,43.990036079283925,87.64620851370852,7.646208513708515,75.0143157273254,4.985684272674604,78.58142857142853,1.4185714285714681
99,7 dias,130.0,116.53151150609233,13.468488493907671,122.78965728715728,7.210342712842717,97.31237163798117,32.68762836201883,140.30380952380952,10.30380952380952
99,14 dias,-60.0,-1.5748633315251084,58.42513666847489,-37.454622599622596,22.545377400377404,-28.1527020868362,31.8472979131638,-17.53857142857143,42.46142857142857
99,28 dias,-170.0,-116.9373160209361,53.062683979063905,-166.50772311022317,3.492276889776832,-146.43422986809674,23.565770131903264,-147.55198412698408,22.44801587301592
99,56 dias,-290.0,-250.75720304785904,39.242796952140964,-298.44956709956716,8.449567099567162,-287.18257081285043,2.817429187149571,-262.88690476190476,27.11309523809524
100,12 h,0.0,-106.63488759202589,106.63488759202589,0.0,0.0,-36.691588242183485,36.691588242183485,0.0,0.0
100,1 dia,-40.0,-92.12669249651712,52.12669249651712,-46.134642857142865,6.134642857142865,-52.04304427226866,12.04304427226866,-45.50833333333334,5.50833333333334
100,3 dias,-70.0,-76.25218549577662,6.252185495776615,-91.35035714285713,21.350357142857135,-76.53198135136027,6.5319813513602725,-83.01,13.010000000000005
100,7 dias,-120.0,-78.67583336479927,41.324166635200726,-143.06604617604614,23.066046176046143,-115.62228308107966,4.377716918920342,-136.38166666666658,16.381666666666575
100,14 dias,-210.0,-202.53951929386216,7.460480706137844,-221.96849206349208,11.968492063492079,-203.52073529882762,6.479264701172383,-215.83000000000007,5.830000000000069
100,28 dias,-330.0,-324.5541524989682,5.445847501031778,-341.3587515262515,11.358751526251524,-307.51528981209856,22.48471018790144,-347.995,17.995000000000005
100,56 dias,-440.0,-462.3672639233091,22.36726392330911,-426.9730591630591,13.026940836940923,-424.8022467257057,15.197753274294314,-465.2749999999999,25.27499999999992
101,12 h,0.0,93.94332006190528,93.94332006190528,0.0,0.0,13.367609020324982,13.367609020324982,0.0,0.0
101,1 dia,50.0,108.23603101039045,58.23603101039045,42.797304639804636,7.202695360195364,57.58986538890655,7.589865388906553,41.802063492063496,8.197936507936504
101,3 dias,100.0,112.67306185469069,12.673061854690687,96.50718031968034,3.4928196803196556,88.51587961201996,11.484120387980042,100.04103174603175,0.04103174603174864
101,7 dias,160.0,109.7485623922119,50.251437607788105,147.70204267954264,12.297957320457357,109.79255366919935,50.20744633080065,148.2973015873016,11.702698412698396
101,14 dias,10.0,-11.16067857359998,21.16067857359998,-12.176244588744591,22.17624458874459,-22.294608560387413,32.29460856038742,-12.656984126984126,22.656984126984128
101,28 dias,-130.0,-128.37484395846172,1.6251560415382755,-95.47115662115658,34.52884337884342,-143.10814373540737,13.108143735407367,-113.3072619047619,16.6927380952381
101,56 dias,-290.0,-261.00461357710645,28.995386422893546,-277.7201082251082,12.27989177489178,-280.6160829857199,9.383917014280087,-275.2570238095238,14.742976190476213
102,12 h,0.0,80.22969387796596,80.22969387796596,-0.42,0.42,16.297645446665527,16.297645446665527,-0.5650000000000002,0.5650000000000002
102,1 dia,60.0,85.6013351408493,25.6013351408493,50.25889194139195,9.741108058608049,41.11381570096786,18.886184299032138,45.68750000000001,14.312499999999993
102,3 dias,110.0,89.60588580389376,20.394114196106244,110.85930569430573,0.859305694305732,74.9800340366308,35.0199659633692,102.47452380952382,7.5254761904761835
102,7 dias,160.0,82.14736123070216,77.85263876929784,152.49289682539683,7.507103174603174,98.60933521073919,61.39066478926081,141.4572619047619,18.542738095238093
102,14 dias,10.0,-35.95901360691526,45.95901360691526,-14.600263347763349,24.60026334776335,-25.264164556138205,35.264164556138205,-18.994642857142857,28.994642857142857
102,28 dias,-140.0,-151.32146629632626,11.321466296326264,-132.1162315462316,7.883768453768397,-141.54101580623967,1.5410158062396704,-148.8404761904762,8.84047619047621
102,56 dias,-290.0,-285.1413533232492,4.858646676750823,-303.25409951159946,13.254099511599463,-283.57330830839203,6.426691691607971,-307.30821428571437,17.30821428571437
103,12 h,0.0,-112.35969252629364,112.35969252629364,0.8136111111111112,0.8136111111111112,-40.8370240402713,40.8370240402713,0.0,0.0
103,1 dia,-60.0,-97.85149743078486,37.85149743078486,-21.950992063492063,38.049007936507934,-56.18848007035647,3.8115199296435307,-26.56000000000001,33.43999999999999
103,3 dias,-120.0,-81.97699043004437,38.02300956995563,-40.873880008880015,79.12611999111999,-82.34937966686844,37.650620333131556,-60.54000000000003,59.45999999999997
103,7 dias,-160.0,-84.40063829906703,75.59936170093297,-117.25398989898991,42.746010101010086,-121.43968139658783,38.56031860341217,-103.99999999999999,56.000000000000014
103,14 dias,-260.0,-208.2643242281299,51.73567577187009,-242.00137806637812,17.998621933621877,-229.99441912880727,30.005580871192734,-258.675,1.3249999999999886
103,28 dias,-350.0,-330.278957433236,19.721042566764027,-390.7874531024529,40.7874531024529,-333.9889736420782,16.01102635792182,-408.0366666666667,58.03666666666669
103,56 dias,-430.0,-468.0920688575768,38.092068857576805,-510.5929004329004,80.59290043290042,-456.76626729609626,26.76626729609626,-524.5483333333334,94.5483333333334
104,12 h,0.0,86.4652691364942,86.4652691364942,0.4766269841269841,0.4766269841269841,8.101082245682091,8.101082245682091,0.0,0.0
104,1 dia,50.0,100.75798008497934,50.75798008497934,65.45182622932623,15.45182622932623,52.32333861426366,2.323338614263662,57.82777777777779,7.82777777777779
104,3 dias,80.0,105.19501092927963,25.195010929279633,68.38767316017316,11.612326839826835,65.01137017747114,14.988629822528864,90.87904761904761,10.879047619047611
104,7 dias,110.0,102.27051146680081,7.729488533199188,99.82928571428569,10.170714285714311,86.28804423465053,23.711955765349472,158.26142857142878,48.26142857142878
104,14 dias,-30.0,-18.638729499011063,11.361270500988937,-33.00787851037851,3.007878510378511,-45.799117994936246,15.799117994936246,-20.080079365079367,9.919920634920633
104,28 dias,-150.0,-135.85289488387284,14.147105116127165,-117.24926406926406,32.75073593073594,-158.71626636337922,8.71626636337922,-150.90976190476195,0.9097619047619503
104,56 dias,-290.0,-268.4826645025176,21.517335497482406,-253.71035714285713,36.289642857142866,-280.6160829857199,9.383917014280087,-282.00249999999994,7.997500000000059
105,12 h,0.0,81.0897527427224,81.0897527427224,0.0,0.0,21.471770228142546,21.471770228142546,0.0,0.0
105,1 dia,30.0,86.46139400560577,56.46139400560577,51.637759740259725,21.637759740259725,35.323718443614304,5.323718443614304,42.40880952380952,12.408809523809524
105,3 dias,90.0,90.46594466865025,0.46594466865025197,90.47712121212123,0.47712121212123293,64.34944422471591,25.65055577528409,91.50333333333337,1.503333333333373
105,7 dias,110.0,83.00742009545866,26.992579904541344,126.7538455988456,16.7538455988456,83.25692749293124,26.74307250706876,124.0866666666667,14.086666666666702
105,14 dias,-30.0,-35.09895474215881,5.09895474215881,-31.80685786435787,1.8068578643578697,-47.44738054879265,17.44738054879265,-35.85333333333333,5.853333333333332
105,28 dias,-130.0,-150.4614074315698,20.461407431569796,-151.67586580086578,21.67586580086578,-162.24958949467805,32.24958949467805,-151.31166666666667,21.311666666666667
105,56 dias,-290.0,-284.28129445849277,5.718705541507234,-283.0630627705627,6.936937229437319,-293.4114424643062,3.4114424643062193,-276.7416666666667,13.258333333333326
106,12 h,0.0,-42.37321985215942,42.37321985215942,4.451111111111111,4.451111111111111,23.715629068650028,23.715629068650028,0.0,0.0
106,1 dia,-50.0,-27.865024756650655,22.134975243349345,3.645027472527474,53.645027472527474,8.36417303856486,58.36417303856486,6.773333333333335,56.77333333333333
106,3 dias,-90.0,-11.990517755910162,78.00948224408984,11.789978632478633,101.78997863247864,-7.551573331190118,82.44842666880989,12.678333333333331,102.67833333333333
106,7 dias,-170.0,-14.41416562493282,155.58583437506718,-5.8551709401709395,164.14482905982905,-46.64187506090949,123.35812493909052,-3.208333333333332,166.79166666666666
106,14 dias,-240.0,-138.27785155399567,101.72214844600433,-141.62513708513706,98.37486291486294,-138.31090689810222,101.68909310189778,-115.7752380952381,124.2247619047619
106,28 dias,-360.0,-260.29248475910174,99.70751524089826,-232.9137698412698,127.08623015873019,-242.30546141137296,117.69453858862704,-223.2583333333333,136.7416666666667
106,56 dias,-430.0,-398.1055961834426,31.89440381655743,-360.9570093795095,69.04299062049051,-366.30358246283316,63.69641753716684,-328.0816666666666,101.91833333333341
107,12 h,0.0,13.479271747365246,13.479271747365246,-0.6599999999999998,0.6599999999999998,18.781619229956878,18.781619229956878,0.22,0.22
107,1 dia,20.0,27.77198269585044,7.77198269585044,24.932655122655127,4.932655122655127,33.702497214421314,13.702497214421314,23.35166666666666,3.3516666666666595
107,3 dias,50.0,32.20901354015071,17.790986459849293,29.848791208791212,20.151208791208788,60.748680931493006,10.748680931493006,32.605000000000004,17.394999999999996
107,7 dias,80.0,29.284514077671915,50.715485922328085,46.91367216117217,33.08632783882783,68.31963604911411,11.68036395088589,43.02333333333333,36.97666666666667
107,14 dias,-50.0,-91.62472688813997,41.624726888139975,-131.3272619047619,81.32726190476191,-85.03061981013529,35.03061981013529,-140.97000000000003,90.97000000000003
107,28 dias,-150.0,-208.8388922730017,58.838892273001704,-255.1291666666667,105.12916666666669,-226.3852688695213,76.3852688695213,-236.76333333333335,86.76333333333335
107,56 dias,-360.0,-341.46866189164643,18.531338108353566,-415.5227958152958,55.52279581529581,-322.83710146970685,37.16289853029315,-378.505,18.504999999999995
108,12 h,0.0,116.6070450356732,116.6070450356732,-0.42,0.42,23.1375232039566,23.1375232039566,-0.075,0.075
108,1 dia,60.0,121.97868629855657,61.97868629855657,50.51126984126984,9.488730158730156,47.95369345825894,12.04630654174106,48.344166666666666,11.655833333333334
108,3 dias,110.0,125.98323696160105,15.983236961601051,108.93263902763906,1.0673609723609445,81.81991179392185,28.180088206078153,93.05,16.950000000000003
108,7 dias,160.0,118.5247123884094,41.4752876115906,158.54071428571427,1.459285714285727,105.44921296803024,54.55078703196976,150.54,9.460000000000008
108,14 dias,10.0,0.4183375507919891,9.581662449208011,-3.595501443001443,13.595501443001442,-18.42428679884713,28.42428679884713,-15.023333333333333,25.023333333333333
108,28 dias,-140.0,-114.944115138619,25.055884861381003,-127.8446550671551,12.155344932844898,-135.57250445397145,4.4274955460285526,-162.10976190476188,22.109761904761882
108,56 dias,-290.0,-248.76400216554197,41.23599783445803,-304.44240398490393,14.442403984903933,-277.6047969561239,12.395203043876108,-308.99285714285713,18.992857142857133
109,12 h,0.0,-70.0695239851656,70.0695239851656,0.0,0.0,-27.98099978284625,27.98099978284625,0.0,0.0
109,1 dia,-70.0,-55.56132888965681,14.438671110343194,-59.505082972582976,10.494917027417024,-43.33245581293141,26.667544187068593,-77.19166666666665,7.191666666666649
109,3 dias,-110.0,-39.68682188891631,70.31317811108369,-103.8668192918193,6.133180708180703,-67.82139289202303,42.17860710797697,-117.53666666666665,7.5366666666666475
109,7 dias,-180.0,-42.11046975793897,137.88953024206103,-155.5209923409924,24.479007659007607,-106.91169462174241,73.08830537825759,-176.84333333333328,3.156666666666723
109,14 dias,-260.0,-165.97415568700185,94.02584431299815,-207.01050338550348,52.98949661449652,-193.10637849968688,66.89362150031312,-231.7866666666666,28.213333333333395
109,28 dias,-340.0,-287.98878889210795,52.01121110789205,-271.99365162615163,68.00634837384837,-297.10093301295785,42.89906698704215,-274.8721428571429,65.12785714285712
109,56 dias,-430.0,-425.8019003164487,4.198099683551277,-405.79168831168835,24.208311688311653,-414.387889926565,15.61211007343502,-408.1367460317462,21.863253968253787
110,12 h,0.0,4.665789266075549,4.665789266075549,-0.6066666666666666,0.6066666666666666,17.942677228791595,17.942677228791595,0.22,0.22
110,1 dia,10.0,18.958500214560715,8.958500214560715,24.30154401154402,14.30154401154402,32.863555213256035,22.863555213256035,23.35166666666666,13.35166666666666
110,3 dias,30.0,23.395531058860954,6.6044689411390465,28.237957875457884,1.7620421245421163,59.90973893032773,29.909738930327727,32.605000000000004,2.605000000000004
110,7 dias,60.0,20.47103159638219,39.52896840361781,45.84644993894994,14.153550061050062,67.48069404794883,7.48069404794883,43.02333333333333,16.976666666666667
110,14 dias,-50.0,-100.43820936942969,50.438209369429686,-133.91059523809525,83.91059523809525,-85.03061981013529,35.03061981013529,-140.97000000000003,90.97000000000003
110,28 dias,-170.0,-217.65237475429143,47.65237475429143,-255.21250000000003,85.21250000000003,-226.3852688695213,56.3852688695213,-236.76333333333335,66.76333333333335
110,56 dias,-390.0,-350.28214437293616,39.71785562706384,-418.1303354978356,28.130335497835574,-325.20781718127176,64.79218281872824,-378.505,11.495000000000005
111,12 h,0.0,103.91803166973466,103.91803166973466,0.0,0.0,19.50768696291937,19.50768696291937,0.195,0.195
111,1 dia,50.0,109.28967293261803,59.28967293261803,32.2579557942058,17.7420442057942,33.35963517839112,16.640364821608877,39.60642857142858,10.39357142857142
111,3 dias,90.0,113.29422359566246,23.29422359566246,71.97741702741703,18.022582972582967,62.38536095949273,27.61463904050727,87.03928571428574,2.9607142857142605
111,7 dias,120.0,105.83569902247086,14.164300977529138,100.95235209235209,19.047647907647914,81.29284422770807,38.70715577229193,126.2283333333333,6.228333333333296
111,14 dias,-20.0,-12.270675815146575,7.729324184853425,-62.51793595293595,42.51793595293595,-49.41146381401584,29.41146381401584,-64.00545454545457,44.00545454545457
111,28 dias,-120.0,-127.63312850455753,7.633128504557533,-175.06898268398265,55.068982683982654,-163.34230635487842,43.34230635487842,-168.76333333333332,48.76333333333332
111,56 dias,-290.0,-261.45301553148056,28.54698446851944,-295.80148629148624,5.801486291486242,-294.50415932450653,4.5041593245065314,-263.05499999999984,26.945000000000164
112,12 h,0.0,-52.35859223472136,52.35859223472136,0.0,0.0,-27.98099978284625,27.98099978284625,0.0,0.0
112,1 dia,-50.0,-37.85039713921259,12.149602860787411,-36.87485347985349,13.125146520146508,-43.33245581293141,6.667544187068593,-44.73166666666667,5.268333333333331
112,3 dias,-100.0,-21.975890138472096,78.0241098615279,-72.28541125541125,27.714588744588752,-67.82139289202303,32.17860710797697,-76.82333333333332,23.176666666666677
112,7 dias,-140.0,-24.399538007494755,115.60046199250525,-123.58514069264069,16.414859307359308,-106.91169462174241,33.08830537825759,-137.5016666666668,2.4983333333331927
112,14 dias,-200.0,-148.2632239365576,51.73677606344239,-191.53591103341103,8.464088966588974,-193.10637849968688,6.893621500313117,-194.58571428571423,5.414285714285768
112,28 dias,-280.0,-270.27785714166373,9.72214285833627,-279.7670818070818,0.23291819291819138,-297.10093301295785,17.100933012957853,-286.81527777777785,6.815277777777851
112,56 dias,-430.0,-408.09096856600456,21.909031433995438,-411.24952741702737,18.750472582972634,-414.387889926565,15.61211007343502,-430.26333333333326,0.26333333333326436
113,12 h,0.0,99.60905739867273,99.60905739867273,1.375,1.375,13.367609020324982,13.367609020324982,0.0,0.0
113,1 dia,60.0,113.90176834715793,53.901768347157926,51.42262570762569,8.577374292374309,57.58986538890655,2.410134611093447,51.55023809523809,8.449761904761907
113,3 dias,110.0,118.33879919145816,8.338799191458165,96.70253746253748,13.297462537462522,88.51587961201996,21.48412038798004,98.20746031746029,11.792539682539712
113,7 dias,160.0,115.4142997289794,44.5857002710206,147.24324037074035,12.756759629259648,109.79255366919935,50.20744633080065,148.77119047619044,11.22880952380956
113,14 dias,0.0,-5.494941236832503,5.494941236832503,-6.039123376623374,6.039123376623374,-22.294608560387413,22.294608560387413,-40.24833333333333,40.24833333333333
113,28 dias,-180.0,-122.70910662169427,57.290893378305725,-90.86667249417249,89.13332750582751,-143.10814373540737,36.89185626459263,-128.9939285714286,51.0060714285714
113,56 dias,-290.0,-255.33887624033895,34.66112375966105,-269.7568686868688,20.243131313131187,-280.6160829857199,9.383917014280087,-269.53940476190473,20.460595238095266
114,12 h,0.0,-69.89821366288814,69.89821366288814,0.0,0.0,-19.375559583321948,19.375559583321948,0.0,0.0
114,1 dia,-40.0,-64.5265724000048,24.526572400004795,-48.756746031746026,8.756746031746026,-49.34268641990774,9.342686419907743,-50.15999999999998,10.159999999999982
114,3 dias,-80.0,-60.52202173696031,19.477978263039688,-95.66895021645024,15.668950216450241,-90.56516213711745,10.565162137117454,-105.51,25.510000000000005
114,7 dias,-150.0,-67.98054631015194,82.01945368984806,-146.50857142857143,3.491428571428571,-134.89761979752095,15.102380202479054,-155.31666666666658,5.316666666666578
114,14 dias,-230.0,-186.08692114776935,43.913078852230655,-207.5046109446109,22.495389055389097,-214.76346863433588,15.23653136566412,-202.7563095238095,27.243690476190494
114,28 dias,-310.0,-301.44937383718036,8.55062616281964,-309.56709595959603,0.4329040404039688,-318.81878344911564,8.818783449115642,-309.5400000000001,0.4599999999999227
114,56 dias,-430.0,-435.26926086410333,5.26926086410333,-425.7008838383838,4.299116161616212,-432.2298167408934,2.2298167408933978,-429.3166666666667,0.6833333333332803
115,12 h,0.0,113.20278887867329,113.20278887867329,0.0,0.0,29.159061306547358,29.159061306547358,0.0,0.0
115,1 dia,60.0,127.710983974182,67.710983974182,56.075988455988444,3.924011544011556,48.06684024520808,11.933159754791923,52.971190476190486,7.028809523809514
115,3 dias,120.0,143.5854909749225,23.585490974922493,105.61103535353536,14.388964646464643,74.95729427873371,45.04270572126629,104.70039682539682,15.299603174603178
115,7 dias,150.0,141.16184310589995,8.838156894100052,153.9838852813853,3.9838852813853123,89.64636786752177,60.353632132478225,154.9101984126984,4.910198412698406
115,14 dias,-10.0,17.29815717683701,27.29815717683701,12.257844100344105,22.257844100344105,-27.48522766344216,17.48522766344216,14.335396825396824,24.335396825396824
115,28 dias,-130.0,-104.71647602826908,25.283523971730915,-132.01467171717167,2.014671717171666,-146.41109060935676,16.411090609356762,-132.09563492063495,2.09563492063495
115,56 dias,-290.0,-242.52958745260992,47.47041254739008,-284.58780663780664,5.4121933621933636,-283.1442772138261,6.855722786173885,-289.90702380952376,0.09297619047623584
116,12 h,0.0,-91.48514690808967,91.48514690808967,0.0,0.0,-22.67366745464028,22.67366745464028,0.0,0.0
116,1 dia,-40.0,-77.19243595960448,37.19243595960448,-43.56686147186146,3.5668614718614577,-47.85458878901443,7.854588789014429,-50.97690476190476,10.976904761904763
116,3 dias,-90.0,-72.75540511530424,17.244594884695758,-83.81252164502162,6.187478354978381,-79.47585925134709,10.524140748652911,-92.5888095238095,2.588809523809502
116,7 dias,-130.0,-75.679904577783,54.320095422216994,-136.35722582972582,6.35722582972582,-117.26122351671039,12.738776483289612,-145.72166666666666,15.721666666666664
116,14 dias,-190.0,-196.58914554359492,6.589145543594924,-204.46067765567773,14.460677655677728,-210.01076797329532,20.010767973295316,-202.295,12.294999999999987
116,28 dias,-300.0,-313.80331092845665,13.803310928456654,-286.85353590853595,13.146464091464054,-305.93722904649144,5.937229046491439,-279.3390476190475,20.660952380952494
116,56 dias,-430.0,-446.4330805471014,16.433080547101383,-420.5687841325341,9.43121586746588,-425.59032219467224,4.40967780532776,-413.5383333333333,16.4616666666667
117,12 h,0.0,51.34556930428815,51.34556930428815,0.0,0.0,19.50768696291937,19.50768696291937,-0.05333333333333334,0.05333333333333334
117,1 dia,20.0,56.71721056717152,36.71721056717152,44.768791486291505,24.768791486291505,33.35963517839112,13.359635178391123,29.767380952380947,9.767380952380947
117,3 dias,60.0,60.72176123021595,0.7217612302159466,77.66567821067821,17.66567821067821,62.38536095949273,2.385360959492729,83.17166666666668,23.17166666666668
117,7 dias,110.0,53.26323665702435,56.73676334297565,110.83126984126984,0.8312698412698438,81.29284422770807,28.707155772291927,118.35297619047613,8.352976190476127
117,14 dias,-20.0,-64.84313818059309,44.84313818059309,-65.88507215007216,45.88507215007216,-49.41146381401584,29.41146381401584,-65.79285714285713,45.79285714285713
117,28 dias,-130.0,-180.20559087000407,50.20559087000407,-169.90617243867243,39.90617243867243,-163.34230635487842,33.34230635487842,-180.65047619047616,50.650476190476155
117,56 dias,-290.0,-314.02547789692704,24.025477896927043,-305.84062049062044,15.840620490620438,-294.50415932450653,4.5041593245065314,-293.0628571428572,3.062857142857183
118,12 h,0.0,-65.74147685806815,65.74147685806815,0.0,0.0,-27.98099978284625,27.98099978284625,0.0,0.0
118,1 dia,-40.0,-51.233281762559386,11.233281762559386,-39.44800421800422,0.5519957819957781,-43.33245581293141,3.332455812931407,-43.12944444444446,3.1294444444444594
118,3 dias,-80.0,-35.35877476181889,44.64122523818111,-82.42410284160283,2.4241028416028314,-67.82139289202303,12.178607107976973,-93.96420634920636,13.964206349206364
118,7 dias,-140.0,-37.78242263084152,102.21757736915848,-139.9650793650794,0.03492063492060993,-106.91169462174241,33.08830537825759,-155.8553571428572,15.855357142857201
118,14 dias,-220.0,-161.6461085599044,58.353891440095595,-199.21800338550344,20.781996614496563,-193.10637849968688,26.893621500313117,-215.77686507936514,4.2231349206348625
118,28 dias,-300.0,-283.6607417650105,16.339258234989472,-293.8785145410146,6.121485458985376,-297.10093301295785,2.899066987042147,-316.44178571428574,16.441785714285743
118,56 dias,-430.0,-421.4738531893513,8.526146810648697,-408.996406926407,21.00359307359298,-414.387889926565,15.61211007343502,-468.5679761904761,38.56797619047609
119,12 h,0.0,76.58832163136005,76.58832163136005,0.8266269841269842,0.8266269841269842,35.00056181140256,35.00056181140256,0.0,0.0
119,1 dia,50.0,90.88103257984524,40.88103257984524,49.34504745254745,0.6549525474525524,71.4208986107348,21.420898610734795,32.074999999999996,17.925000000000004
119,3 dias,80.0,95.31806342414545,15.31806342414545,95.2588888888889,15.258888888888904,98.46708232780638,18.46708232780638,78.77833333333334,1.221666666666664
119,7 dias,120.0,92.39356396166669,27.606436038333314,126.2920634920635,6.292063492063505,117.09956672986509,2.9004332701349114,123.16833333333332,3.1683333333333223
119,14 dias,20.0,-28.51567700414519,48.51567700414519,-33.51830891330891,53.51830891330891,-9.474664494800912,29.474664494800912,48.49666666666667,28.49666666666667
119,28 dias,-110.0,-145.72984238900696,35.72984238900696,-153.89541847041846,43.89541847041846,-137.67175815353332,27.671758153533318,-109.94666666666666,0.05333333333334167
119,56 dias,-280.0,-278.35961200765166,1.6403879923483373,-283.4275541125541,3.4275541125541054,-267.74708170067197,12.25291829932803,-223.81833333333333,56.18166666666667
120,12 h,0.0,15.465851791180285,15.465851791180285,0.04916666666666667,0.04916666666666667,-8.156041470268876,8.156041470268876,0.02,0.02
120,1 dia,10.0,20.83749305406363,10.837493054063629,3.373718226218226,6.626281773781773,5.695906745202878,4.304093254797122,12.29357142857143,2.293571428571431
120,3 dias,40.0,24.842043717108083,15.157956282891917,-8.008286435786436,48.00828643578644,31.37261257947204,8.62738742052796,31.105714285714257,8.894285714285743
120,7 dias,90.0,17.383519143916487,72.61648085608351,-0.6955122655122652,90.69551226551226,28.822926730142267,61.17707326985773,30.003095238095263,59.99690476190474
120,14 dias,-70.0,-100.72285569370094,30.722855693700936,-84.67185064935067,14.671850649350674,-125.98142377125407,55.98142377125407,-141.45976190476193,71.45976190476193
120,28 dias,-180.0,-216.0853083831119,36.08530838311191,-237.99536324786325,57.99536324786325,-258.59889370962304,78.59889370962304,-228.36523809523806,48.365238095238055
120,56 dias,-310.0,-349.90519541003493,39.905195410034935,-416.6186993561993,106.61869935619927,-396.8692280653072,86.8692280653072,-399.4583333333334,89.45833333333343
121,12 h,0.0,-85.77240017533231,85.77240017533231,0.0,0.0,-27.98099978284625,27.98099978284625,0.0,0.0
121,1 dia,-50.0,-71.26420507982351,21.264205079823512,-41.38768037518038,8.61231962481962,-43.33245581293141,6.667544187068593,-43.84325396825398,6.156746031746017
121,3 dias,-100.0,-55.38969807908305,44.61030192091695,-83.04785714285714,16.95214285714286,-67.82139289202303,32.17860710797697,-92.37968253968255,7.620317460317452
121,7 dias,-140.0,-57.81334594810568,82.18665405189432,-144.76782106782105,4.767821067821046,-106.91169462174241,33.08830537825759,-146.519880952381,6.519880952380987
121,14 dias,-220.0,-181.67703187716856,38.32296812283144,-195.74956543456557,24.250434565434432,-193.10637849968688,26.893621500313117,-217.4071031746032,2.5928968253967923
121,28 dias,-300.0,-303.69166508227465,3.6916650822746533,-272.01389721389734,27.986102786102663,-297.10093301295785,2.899066987042147,-273.51976190476194,26.480238095238064
121,56 dias,-430.0,-441.5047765066155,11.504776506615485,-410.2750541125541,19.724945887445926,-414.387889926565,15.61211007343502,-405.7950793650795,24.204920634920484
122,12 h,0.0,-93.08439417267878,93.08439417267878,0.0,0.0,-30.486022217969342,30.486022217969342,0.0,0.0
122,1 dia,-40.0,-78.79168322419358,38.79168322419358,-66.82072510822512,26.82072510822512,-55.666943552343504,15.666943552343504,-64.33666666666667,24.336666666666673
122,3 dias,-80.0,-74.35465237989334,5.645347620106662,-127.14572510822512,47.14572510822512,-98.46292390363581,18.46292390363581,-129.75500000000005,49.75500000000005
122,7 dias,-120.0,-77.27915184237212,42.720848157627884,-181.10428932178928,61.10428932178928,-136.24828816899904,16.24828816899904,-198.63833333333343,78.63833333333343
122,14 dias,-200.0,-198.188392808184,1.8116071918159946,-272.09607142857146,72.09607142857146,-228.99783262558407,28.997832625584067,-263.43166666666673,63.43166666666673
122,28 dias,-290.0,-315.40255819304576,25.402558193045763,-386.7,96.69999999999999,-324.92429369878005,34.92429369878005,-373.7069047619048,83.70690476190481
122,56 dias,-420.0,-448.03232781169044,28.032327811690436,-491.6891233766232,71.68912337662317,-444.57738684696085,24.57738684696085,-510.2016666666662,90.2016666666662
123,12 h,0.0,73.81078081614885,73.81078081614885,0.0,0.0,19.50768696291937,19.50768696291937,0.13166666666666668,0.13166666666666668
123,1 dia,140.0,79.18242207903222,60.81757792096778,33.68787337662337,106.31212662337663,33.35963517839112,106.64036482160887,45.35166666666666,94.64833333333334
123,3 dias,150.0,83.18697274207668,66.81302725792332,66.32380591630593,83.67619408369407,62.38536095949273,87.61463904050727,66.79738095238096,83.20261904761904
123,7 dias,150.0,75.72844816888505,74.27155183111495,83.88489538239537,66.11510461760463,81.29284422770807,68.70715577229193,93.28571428571429,56.71428571428571
123,14 dias,60.0,-42.377926668732385,102.37792666873239,-70.32140692640692,130.32140692640692,-49.41146381401584,109.41146381401583,-85.53857142857143,145.53857142857143
123,28 dias,-170.0,-157.74037935814337,12.259620641856628,-187.57093434343437,17.570934343434374,-163.34230635487842,6.657693645121583,-217.35642857142855,47.35642857142855
123,56 dias,-280.0,-291.56026638506637,11.56026638506637,-297.9913564213564,17.991356421356386,-294.50415932450653,14.504159324506531,-330.6100000000001,50.61000000000013
124,12 h,0.0,-45.0341467403334,45.0341467403334,-0.374512987012987,0.374512987012987,-20.503740041290047,20.503740041290047,0.0,0.0
124,1 dia,-10.0,-30.5259516448246,20.5259516448246,-14.504751082251083,4.504751082251083,-35.85519607137521,25.85519607137521,-8.376666666666667,1.623333333333333
124,3 dias,-30.0,-14.651444644084137,15.348555355915863,-25.65594877344877,4.34405122655123,-60.34413315046683,30.34413315046683,-48.27833333333332,18.27833333333332
124,7 dias,-50.0,-17.075092513106767,32.92490748689323,-45.32079004329003,4.679209956709968,-99.43443488018622,49.43443488018622,-73.17333333333339,23.17333333333339
124,14 dias,-140.0,-140.93877844216965,0.9387784421696495,-158.15898268398266,18.158982683982657,-185.62911875813072,45.629118758130716,-145.60166666666674,5.601666666666745
124,28 dias,-270.0,-262.95341164727574,7.046588352724257,-258.0355952380952,11.964404761904802,-289.6236732714017,19.623673271401685,-245.19833333333335,24.801666666666648
124,56 dias,-410.0,-400.7665230716166,9.233476928383425,-394.35933982683986,15.640660173160143,-417.70885767755067,7.708857677550668,-368.9549999999999,41.04500000000007
125,12 h,0.0,25.01761954771716,25.01761954771716,0.0,0.0,5.754317902446019,5.754317902446019,0.0,0.0
125,1 dia,60.0,39.310330496202326,20.689669503797674,33.45722222222222,26.54277777777778,32.12067828683391,27.879321713166092,22.29333333333333,37.70666666666667
125,3 dias,110.0,43.747361340502565,66.25263865949744,72.1823498723499,37.8176501276501,59.16686200390559,50.83313799609441,53.40500000000003,56.59499999999997
125,7 dias,140.0,40.82286187802383,99.17713812197617,94.46553391053389,45.53446608946611,75.88680066542344,64.11319933457656,71.88809523809522,68.11190476190478
125,14 dias,20.0,-80.08637908778807,100.08637908778807,-54.2673556998557,74.2673556998557,-54.03570388058929,74.0357038805893,-70.29333333333331,90.29333333333331
125,28 dias,-150.0,-197.30054447264985,47.30054447264985,-187.69793290043287,37.697932900432875,-185.2357617313497,35.2357617313497,-219.3816666666667,69.38166666666669
125,56 dias,-280.0,-329.9303140912946,49.930314091294576,-325.91468253968253,45.91468253968253,-308.86469943620733,28.86469943620733,-337.71833333333336,57.71833333333336
126,12 h,0.0,-53.39933218938877,53.39933218938877,0.0,0.0,-6.806273409128554,6.806273409128554,0.0,0.0
126,1 dia,-10.0,-48.02769092650544,38.02769092650544,-17.63263347763348,7.63263347763348,-28.391615957717065,18.391615957717065,-49.055,39.055
126,3 dias,-30.0,-44.023140263460974,14.023140263460974,-46.915829725829724,16.915829725829724,-64.49900325070946,34.499003250709464,-85.84166666666665,55.841666666666654
126,7 dias,-50.0,-51.481664836652584,1.481664836652584,-90.74983044733044,40.74983044733044,-107.5002156476602,57.5002156476602,-122.46595238095239,72.46595238095239
126,14 dias,-140.0,-169.58803967427,29.588039674269993,-195.04117965367962,55.04117965367962,-185.63034036139942,45.63034036139942,-220.70500000000004,80.70500000000004
126,28 dias,-270.0,-284.950492363681,14.950492363681008,-297.7735714285715,27.773571428571472,-277.4225320645912,7.422532064591223,-313.4683333333334,43.46833333333342
126,56 dias,-410.0,-418.770379390604,8.770379390603978,-439.94202380952373,29.942023809523732,-385.8770292770516,24.122970722948423,-466.18523809523793,56.185238095237935
127,12 h,0.0,18.380516838287008,18.380516838287008,0.0275,0.0275,13.212948273152627,13.212948273152627,0.0,0.0
127,1 dia,70.0,32.888711933795776,37.111288066204224,43.88048340548342,26.119516594516583,32.12072721181333,37.87927278818667,37.99333333333333,32.00666666666667
127,3 dias,80.0,48.7632189345363,31.236781065463703,67.15952380952382,12.840476190476181,57.33921872791861,22.660781272081387,53.415,26.585
127,7 dias,110.0,46.33957106551367,63.66042893448633,106.97391774891781,3.0260822510821868,72.02829231670668,37.97170768329332,53.66333333333335,56.33666666666665
127,14 dias,-40.0,-77.52411486354924,37.524114863549244,-64.41743756243756,24.417437562437556,-46.80707155406075,6.807071554060748,-126.20833333333336,86.20833333333336
127,28 dias,-170.0,-199.53874806865537,29.538748068655366,-167.85492784992783,2.145072150072167,-165.7329344999753,4.2670655000246995,-205.86,35.860000000000014
127,56 dias,-280.0,-337.35185949299614,57.35185949299614,-300.624981962482,20.624981962482025,-306.15396575468134,26.153965754681337,-331.5716666666667,51.571666666666715
128,12 h,0.0,-108.64419309764794,108.64419309764794,0.0,0.0,-22.67366745464028,22.67366745464028,0.0,0.0
128,1 dia,-50.0,-94.35148214916275,44.35148214916275,-37.130176767676765,12.869823232323235,-47.85458878901443,2.1454112109855714,-40.57047619047615,9.42952380952385
128,3 dias,-90.0,-89.91445130486251,0.08554869513748997,-73.48279415029415,16.517205849705846,-79.47585925134709,10.524140748652911,-77.20833333333331,12.791666666666686
128,7 dias,-140.0,-92.83895076734129,47.16104923265871,-111.96185758685755,28.038142413142452,-117.26122351671039,22.738776483289612,-125.09833333333329,14.901666666666713
128,14 dias,-200.0,-213.7481917331532,13.748191733153192,-194.90698412698413,5.093015873015872,-210.01076797329532,10.010767973295316,-203.34261904761905,3.3426190476190527
128,28 dias,-310.0,-330.96235711801495,20.96235711801495,-290.751138028638,19.248861971361976,-305.93722904649144,4.062770953508561,-302.37238095238075,7.627619047619248
128,56 dias,-410.0,-463.5921267366597,53.59212673665968,-422.64263514263536,12.642635142635356,-425.59032219467224,15.59032219467224,-440.65666666666664,30.656666666666638
129,12 h,0.0,129.69091486606078,129.69091486606078,0.4914285714285714,0.4914285714285714,21.173439938733424,21.173439938733424,0.265,0.265
129,1 dia,50.0,135.06255612894415,85.06255612894415,51.79805874680875,1.7980587468087492,45.98961019303575,4.010389806964248,61.95833333333333,11.958333333333329
129,3 dias,100.0,139.06710679198858,39.06710679198858,106.71603729603729,6.716037296037285,79.85582852869868,20.14417147130132,86.8966666666667,13.103333333333296
129,7 dias,140.0,131.60858221879698,8.391417781203018,133.02440115440118,6.9755988455988245,103.48512970280707,36.51487029719293,116.99940476190477,23.00059523809523
129,14 dias,-10.0,13.502207381179545,23.502207381179545,-34.926052003551995,24.926052003551995,-20.38837006407031,10.388370064070308,-65.06333333333333,55.06333333333333
129,28 dias,-70.0,-101.86024530823144,31.86024530823144,-119.7810547785548,49.781054778554804,-136.66522131417182,66.66522131417182,-115.92500000000001,45.92500000000001
129,56 dias,-280.0,-235.68013233515438,44.31986766484562,-269.30177849927856,10.698221500721445,-278.6975138163241,1.30248618367591,-278.4366666666668,1.5633333333332189
130,12 h,0.0,-81.41296135826737,81.41296135826737,-0.1,0.1,-27.181388217971115,27.181388217971115,0.0,0.0
130,1 dia,-60.0,-66.90476626275859,6.904766262758585,-57.49088522588523,2.509114774114771,-42.53284424805628,17.46715575194372,-38.705000000000005,21.294999999999995
130,3 dias,-90.0,-51.03025926201809,38.96974073798191,-94.84082389832389,4.84082389832389,-67.0217813271479,22.978218672852094,-134.04666666666665,44.04666666666665
130,7 dias,-150.0,-53.45390713104075,96.54609286895925,-132.91813630813635,17.081863691863646,-106.11208305686729,43.88791694313271,-162.91833333333335,12.91833333333335
130,14 dias,-190.0,-177.31759306010363,12.682406939896367,-205.38458707958708,15.384587079587078,-192.30676693481175,2.3067669348117477,-232.71833333333325,42.71833333333325
130,28 dias,-260.0,-299.33222626520967,39.33222626520967,-298.2199494949495,38.2199494949495,-296.3013214480828,36.301321448082774,-287.1633333333334,27.163333333333412
130,56 dias,-410.0,-437.14533768955056,27.14533768955056,-404.037012987013,5.962987012987014,-414.8091057591319,4.80910575913191,-390.43666666666667,19.563333333333333
131,12 h,0.0,58.26362946229348,58.26362946229348,0.0,0.0,17.56235499120214,17.56235499120214,0.0,0.0
131,1 dia,50.0,72.5563404107787,22.556340410778702,42.418542013542016,7.581457986457984,43.92871537559008,6.07128462440992,56.1395238095238,6.139523809523801
131,3 dias,100.0,76.99337125507894,23.00662874492106,87.80502886002888,12.194971139971116,70.97489909266167,29.025100907338327,106.06511904761905,6.065119047619049
131,7 dias,130.0,74.06887179260018,55.93112820739982,111.2535123210123,18.746487678987705,89.60738349472034,40.39261650527966,123.285,6.715000000000003
131,14 dias,-50.0,-46.84036917321171,3.1596308267882875,-38.015335497835494,11.984664502164506,-35.194727958560236,14.805272041439764,-54.35916666666666,4.35916666666666
131,28 dias,-160.0,-164.0545345580735,4.054534558073499,-179.01474747474745,19.014747474747452,-166.39478580932064,6.394785809320638,-210.35833333333335,50.35833333333335
131,56 dias,-280.0,-296.68430417671823,16.68430417671823,-304.62026334776334,24.62026334776334,-294.6022098145531,14.602209814553078,-295.9128571428571,15.912857142857092
132,12 h,0.0,-90.77350442927026,90.77350442927026,0.0,0.0,-16.131527303838855,16.131527303838855,0.0,0.0
132,1 dia,-80.0,-85.40186316638692,5.401863166386917,-53.627204184704176,26.372795815295824,-46.09865414042466,33.90134585957534,-46.57357142857144,33.42642857142856
132,3 dias,-130.0,-81.39731250334246,48.60268749665754,-92.3669841269841,37.63301587301591,-85.72364933574417,44.27635066425583,-88.49611111111108,41.50388888888892
132,7 dias,-180.0,-88.85583707653409,91.14416292346591,-150.74988192363196,29.25011807636804,-128.72486173269508,51.275138267304925,-142.21952380952382,37.78047619047618
132,14 dias,-220.0,-206.9622119141515,13.03778808584849,-214.76740981240974,5.232590187590262,-206.99913661157,13.000863388429991,-205.3313095238095,14.668690476190505
132,28 dias,-290.0,-322.3246646035625,32.324664603562496,-305.24746031746037,15.247460317460366,-309.0497748951907,19.049774895190694,-305.8621428571429,15.862142857142885
132,56 dias,-410.0,-456.14455163048547,46.144551630485466,-435.24551753801757,25.245517538017566,-423.7447597443672,13.744759744367173,-437.33976190476193,27.33976190476193
133,12 h,0.0,79.18621547930394,79.18621547930394,7.55693722943723,7.55693722943723,34.23714867156435,34.23714867156435,0.0,0.0
133,1 dia,100.0,93.69441057481276,6.305589425187236,103.2239935064935,3.2239935064934997,53.14492761022505,46.85507238977495,130.4533333333334,30.453333333333404
133,3 dias,90.0,109.56891757555326,19.568917575553257,118.50194444444443,28.501944444444433,88.08511862145863,1.9148813785413665,129.24000000000007,39.240000000000066
133,7 dias,70.0,107.1452697065306,37.1452697065306,126.78504329004329,56.78504329004329,102.7741922102467,32.774192210246696,134.55,64.55000000000001
133,14 dias,-90.0,-16.718416222532255,73.28158377746774,3.0108008658008667,93.01080086580086,-26.68561609856703,63.31438390143297,40.98333333333332,130.98333333333332
133,28 dias,-250.0,-138.73304942763838,111.26695057236162,-109.87956709956708,140.12043290043292,-145.61147904448163,104.38852095551837,-127.4016666666667,122.5983333333333
133,56 dias,-280.0,-276.5461608519792,3.4538391480207906,-205.19223665223672,74.80776334776328,-283.56549304639304,3.565493046393044,-203.23666666666668,76.76333333333332
134,12 h,0.0,-146.70630190128537,146.70630190128537,0.0,0.0,-23.58260819761174,23.58260819761174,0.0,0.0
134,1 dia,-60.0,-132.41359095280018,72.41359095280018,-46.777442279942285,13.222557720057715,-48.76352953198589,11.236470468014112,-50.58666666666666,9.413333333333341
134,3 dias,-110.0,-127.97656010849994,17.97656010849994,-88.89717532467533,21.10282467532467,-80.38479999431854,29.61520000568146,-92.25333333333332,17.746666666666684
134,7 dias,-160.0,-130.9010595709787,29.098940429021297,-141.21191558441558,18.78808441558442,-118.17016425968184,41.82983574031816,-159.09833333333333,0.9016666666666708
134,14 dias,-200.0,-251.81030053679058,51.81030053679058,-231.9575,31.95750000000001,-210.91970871626677,10.919708716266769,-258.2816666666667,58.281666666666695
134,28 dias,-290.0,-369.02446592165234,79.02446592165234,-305.0490873015873,15.049087301587292,-296.132131983062,6.132131983061981,-336.2102380952381,46.21023809523808
134,56 dias,-410.0,-501.6542355402971,91.65423554029712,-410.3805883005883,0.380588300588272,-415.7852251312428,5.7852251312427825,-439.76166666666666,29.761666666666656
135,12 h,0.0,83.00563857969715,83.00563857969715,0.17063492063492064,0.17063492063492064,18.572627579598027,18.572627579598027,0.5233333333333333,0.5233333333333333
135,1 dia,140.0,88.37727984258052,51.62272015741948,24.51046176046176,115.48953823953823,32.42457579506978,107.57542420493021,37.95666666666666,102.04333333333334
135,3 dias,150.0,92.38183050562498,57.618169494375024,67.39145382395384,82.60854617604616,61.450301576171384,88.54969842382862,78.41666666666669,71.58333333333331
135,7 dias,150.0,84.92330593243335,65.07669406756665,98.16299062049062,51.83700937950938,80.35778484438671,69.64221515561329,107.99500000000003,42.00499999999997
135,14 dias,60.0,-33.18306890518407,93.18306890518407,-14.453257020757015,74.45325702075701,-48.11166625789024,108.11166625789025,2.929545454545456,57.070454545454545
135,28 dias,-170.0,-148.54552159459507,21.454478405404927,-185.96900793650792,15.969007936507921,-162.24958949467805,7.750410505321952,-181.17166666666668,11.171666666666681
135,56 dias,-280.0,-282.36540862151804,2.3654086215180428,-303.92716810966806,23.92716810966806,-293.4114424643062,13.41144246430622,-305.61000000000007,25.61000000000007
136,12 h,0.0,-110.01193945564556,110.01193945564556,-3.5058730158730156,3.5058730158730156,-12.19380171020321,12.19380171020321,0.0,0.0
136,1 dia,-60.0,-95.50374436013678,35.50374436013678,-18.899365079365083,41.10063492063492,-27.545257740288402,32.454742259711594,-27.736666666666668,32.263333333333335
136,3 dias,-120.0,-79.6292373593963,40.3707626406037,-41.78680735930737,78.21319264069263,-52.03419481938007,67.96580518061992,-63.88166666666672,56.11833333333328
136,7 dias,-150.0,-82.05288522841893,67.94711477158107,-98.0940007215007,51.905999278499294,-91.1244965490994,58.875503450900595,-117.03000000000002,32.969999999999985
136,14 dias,-200.0,-205.91657115748183,5.916571157481826,-182.59882034632037,17.401179653679634,-193.10637849968688,6.893621500313117,-204.0066666666667,4.006666666666689
136,28 dias,-260.0,-327.9312043625879,67.93120436258789,-331.0410173160173,71.0410173160173,-297.10093301295785,37.10093301295785,-325.9598015873017,65.95980158730168
136,56 dias,-410.0,-465.7443157869288,55.74431578692878,-437.9638528138527,27.963852813852725,-417.3327866435352,7.332786643535201,-431.6535714285713,21.653571428571297
137,12 h,0.0,28.275924521818737,28.275924521818737,1.375,1.375,5.364483617488242,5.364483617488242,0.19,0.19
137,1 dia,20.0,42.56863547030393,22.56863547030393,40.90804473304474,20.90804473304474,31.730844001876125,11.730844001876125,51.80000000000002,31.80000000000002
137,3 dias,60.0,47.0056663146042,12.994333685395802,85.70238816738815,25.70238816738815,58.77702771894781,1.2229722810521935,88.9525,28.9525
137,7 dias,80.0,44.081166852125406,35.918833147874594,113.0463961038961,33.0463961038961,75.49696638046566,4.503033619534335,110.12333333333332,30.12333333333332
137,14 dias,-60.0,-76.82807411368648,16.828074113686483,-39.31918831168833,20.68081168831167,-54.425538165547074,5.574461834452926,-73.09357142857141,13.093571428571408
137,28 dias,-150.0,-194.04223949854827,44.04223949854827,-155.64111471861474,5.641114718614745,-185.62559601630747,35.62559601630747,-188.86499999999995,38.86499999999995
137,56 dias,-280.0,-326.672009117193,46.672009117193,-277.48016955266957,2.5198304473304347,-309.25453372116505,29.254533721165046,-270.71333333333337,9.286666666666633
138,12 h,0.0,-88.5208233968733,88.5208233968733,0.0,0.0,-16.131527303838855,16.131527303838855,0.0,0.0
138,1 dia,-50.0,-83.14918213398995,33.14918213398995,-48.353730158730144,1.6462698412698558,-46.09865414042466,3.9013458595753434,-48.01666666666668,1.98333333333332
138,3 dias,-90.0,-79.1446314709455,10.855368529054502,-90.70364357864355,0.7036435786435504,-85.72364933574417,4.27635066425583,-94.77666666666666,4.776666666666657
138,7 dias,-160.0,-86.60315604413712,73.39684395586288,-151.56221958596961,8.437780414030385,-128.72486173269508,31.275138267304925,-143.62166666666667,16.37833333333333
138,14 dias,-200.0,-204.70953088175452,4.709530881754517,-213.64205266955258,13.642052669552584,-206.99913661157,6.999136611570009,-202.63464285714284,2.634642857142836
138,28 dias,-260.0,-320.0719835711655,60.071983571165504,-301.617380952381,41.617380952380984,-309.0497748951907,49.049774895190694,-295.3228571428571,35.32285714285712
138,56 dias,-410.0,-453.8918705980885,43.891870598088474,-435.190753968254,25.190753968254,-423.7447597443672,13.744759744367173,-430.455,20.454999999999984
139,12 h,0.0,88.91647573293767,88.91647573293767,-0.06666666666666667,0.06666666666666667,29.159061306547358,29.159061306547358,0.0,0.0
139,1 dia,40.0,103.42467082844644,63.42467082844644,39.096417748917744,0.9035822510822555,48.06684024520808,8.066840245208077,37.71281746031745,2.287182539682547
139,3 dias,100.0,119.29917782918693,19.29917782918693,87.88687784437785,12.11312215562215,74.95729427873371,25.042705721266287,88.35091269841273,11.649087301587272
139,7 dias,140.0,116.87552996016433,23.12447003983567,141.32496906688084,1.3249690668808398,89.64636786752177,50.353632132478225,139.37460317460315,0.625396825396848
139,14 dias,-10.0,-6.988155968898553,3.0118440311014467,-3.6186034798534816,6.381396520146518,-27.48522766344216,17.48522766344216,-8.516150793650795,1.4838492063492055
139,28 dias,-80.0,-129.00278917400465,49.00278917400465,-149.09666916416916,69.09666916416916,-146.41109060935676,66.41109060935676,-155.30801587301588,75.30801587301588
139,56 dias,-280.0,-266.8159005983455,13.184099401654521,-297.43002136752125,17.43002136752125,-283.1442772138261,3.144277213826115,-301.42678571428587,21.42678571428587
140,12 h,0.0,-91.48514690808967,91.48514690808967,0.0,0.0,-22.67366745464028,22.67366745464028,0.0,0.0
140,1 dia,-50.0,-77.19243595960448,27.19243595960448,-43.56686147186146,6.433138528138542,-47.85458878901443,2.1454112109855714,-50.97690476190476,0.9769047619047626
140,3 dias,-90.0,-72.75540511530424,17.244594884695758,-83.81252164502162,6.187478354978381,-79.47585925134709,10.524140748652911,-92.5888095238095,2.588809523809502
140,7 dias,-160.0,-75.679904577783,84.320095422217,-136.35722582972582,23.64277417027418,-117.26122351671039,42.73877648328961,-145.72166666666666,14.278333333333336
140,14 dias,-200.0,-196.58914554359492,3.410854456405076,-204.46067765567773,4.460677655677728,-210.01076797329532,10.010767973295316,-202.295,2.2949999999999875
140,28 dias,-260.0,-313.80331092845665,53.80331092845665,-286.85353590853595,26.853535908535946,-305.93722904649144,45.93722904649144,-279.3390476190475,19.339047619047506
140,56 dias,-410.0,-446.4330805471014,36.43308054710138,-420.5687841325341,10.56878413253412,-425.59032219467224,15.59032219467224,-413.5383333333333,3.5383333333332985
141,12 h,0.0,70.38809650522302,70.38809650522302,0.15,0.15,15.788702655057703,15.788702655057703,-0.05,0.05
141,1 dia,40.0,75.75973776810633,35.75973776810633,25.688556998556997,14.311443001443003,29.640650870529456,10.359349129470544,21.939999999999994,18.060000000000006
141,3 dias,70.0,79.76428843115082,9.764288431150817,52.55747113997114,17.442528860028858,57.0688961297409,12.9311038702591,47.44833333333333,22.55166666666667
141,7 dias,110.0,72.30576385795922,37.69423614204078,74.03583333333331,35.964166666666685,74.6451341345036,35.35486586549639,74.81499999999998,35.18500000000002
141,14 dias,-20.0,-45.800610979658245,25.800610979658245,-70.83579365079365,50.83579365079365,-57.65074786516029,37.65074786516029,-59.48166666666666,39.48166666666666
141,28 dias,-120.0,-161.1630636690692,41.1630636690692,-194.23496031746035,74.23496031746035,-174.30653290505205,54.30653290505205,-185.86666666666667,65.86666666666667
141,56 dias,-280.0,-294.9829506959922,14.982950695992201,-325.4817929292929,45.48179292929291,-304.1844343172816,24.184434317281614,-322.35500000000013,42.35500000000013
142,12 h,0.0,-108.74252260417173,108.74252260417173,0.0,0.0,-32.80132389420668,32.80132389420668,0.0,0.0
142,1 dia,-40.0,-94.23432750866294,54.23432750866294,-40.82566877566878,0.825668775668781,-48.152779924291856,8.152779924291856,-20.164444444444438,19.835555555555562
142,3 dias,-90.0,-78.35982050792245,11.64017949207755,-68.07327561327563,21.926724386724374,-72.64171700338346,17.358282996616538,-1.4075000000000009,88.5925
142,7 dias,-140.0,-80.7834683769451,59.216531623054905,-108.61937229437228,31.380627705627717,-111.73201873310285,28.267981266897152,-39.9761904761905,100.02380952380949
142,14 dias,-210.0,-204.647154306008,5.352845693992009,-189.3260137085137,20.6739862914863,-199.6304709508508,10.369529049149207,-152.00238095238103,57.99761904761897
142,28 dias,-290.0,-326.6617875111141,36.661787511114085,-306.08187590187595,16.081875901875947,-303.62502546412173,13.625025464121734,-307.71214285714296,17.712142857142965
142,56 dias,-410.0,-464.47489893545486,54.47489893545486,-433.42379509379504,23.423795093795036,-420.91198237772886,10.911982377728862,-450.8964285714286,40.8964285714286
143,12 h,0.0,43.64556198360371,43.64556198360371,0.0,0.0,8.693411956155733,8.693411956155733,0.0,0.0
143,1 dia,50.0,57.93827293208888,7.9382729320888785,41.350558608058606,8.649441391941394,51.34082543010012,1.340825430100118,45.593571428571416,4.4064285714285845
143,3 dias,90.0,62.375303776389146,27.624696223610854,95.52088383838384,5.520883838383838,82.26683965321354,7.7331603467864625,88.57595238095234,1.4240476190476556
143,7 dias,140.0,59.450804313910325,80.54919568608967,139.42905511155513,0.5709448884448705,103.54351371039293,36.45648628960707,143.42968253968257,3.429682539682574
143,14 dias,0.0,-61.458436651901536,61.458436651901536,-15.63686147186147,15.63686147186147,-28.543648519193844,28.543648519193844,-15.88,15.88
143,28 dias,-120.0,-178.67260203676332,58.67260203676332,-105.76398129648129,14.23601870351871,-149.35718369421377,29.357183694213774,-219.48083333333324,99.48083333333324
143,56 dias,-280.0,-311.302371655408,31.302371655408024,-321.169595959596,41.169595959595995,-296.54662222117264,16.54662222117264,-427.35833333333335,147.35833333333335
144,12 h,0.0,-103.84296048088308,103.84296048088308,0.0,0.0,-19.85051161170052,19.85051161170052,0.0,0.0
144,1 dia,-40.0,-98.47131921799975,58.47131921799975,-58.75571428571428,18.755714285714276,-49.81763844828631,9.81763844828631,-84.8000000000001,44.8000000000001
144,3 dias,-90.0,-94.4667685549553,4.466768554955294,-104.00801948051951,14.008019480519508,-91.04011416549602,1.0401141654960213,-102.48666666666668,12.486666666666679
144,7 dias,-140.0,-101.92529312814689,38.07470687185311,-161.34807775557775,21.348077755577748,-135.37257182589943,4.627428174100572,-159.92999999999995,19.92999999999995
144,14 dias,-210.0,-220.0316679657643,10.031667965764314,-244.9846392496393,34.98463924963929,-215.23842066271436,5.238420662714361,-242.47,32.47
144,28 dias,-300.0,-335.3941206551753,35.3941206551753,-359.99172077922077,59.99172077922077,-320.0140014453645,20.0140014453645,-369.27095238095245,69.27095238095245
144,56 dias,-410.0,-469.2140076820983,59.21400768209833,-461.45460317460316,51.454603174603164,-433.42503473714225,23.425034737142255,-479.2716666666667,69.2716666666667
145,12 h,0.0,106.16424036152006,106.16424036152006,0.2833333333333334,0.2833333333333334,29.159061306547358,29.159061306547358,0.0,0.0
145,1 dia,120.0,120.67243545702883,0.6724354570288256,57.606731601731596,62.393268398268404,48.06684024520808,71.93315975479192,50.32666666666667,69.67333333333333
145,3 dias,160.0,136.54694245776926,23.453057542230738,111.46253968253968,48.537460317460315,74.95729427873371,85.04270572126629,106.54527777777777,53.45472222222223
145,7 dias,200.0,134.12329458874672,65.87670541125328,147.05152597402594,52.948474025974065,89.64636786752177,110.35363213247823,143.25309523809526,56.746904761904744
145,14 dias,-30.0,10.259608659683778,40.25960865968378,-10.624915917415922,19.375084082584078,-27.48522766344216,2.51477233655784,-10.355,19.645
145,28 dias,-150.0,-111.75502454542233,38.24497545457767,-127.28419608169612,22.715803918303877,-146.41109060935676,3.588909390643238,-132.77666666666667,17.22333333333333
145,56 dias,-270.0,-249.56813596976315,20.431864030236852,-290.0852605727606,20.085260572760603,-283.1442772138261,13.144277213826115,-292.80000000000007,22.800000000000068
146,12 h,0.0,-60.599305496661984,60.599305496661984,14.726626984126984,14.726626984126984,-1.8487024987390825,1.8487024987390825,0.0,0.0
146,1 dia,-30.0,-46.306594548176804,16.306594548176804,31.59177128427129,61.59177128427129,19.84530594428502,49.845305944285016,66.68333333333325,96.68333333333325
146,3 dias,-70.0,-41.869563703876594,28.130436296123406,7.59531746031746,77.59531746031746,-11.775964518047505,58.2240354819525,78.925,148.925
146,7 dias,-110.0,-44.79406316635536,65.20593683364464,-77.86395382395382,32.13604617604618,-49.56132878341079,60.43867121658921,51.99333333333334,161.99333333333334
146,14 dias,-180.0,-165.70330413216726,14.296695867832739,-184.46408369408368,4.464083694083683,-196.31051751051655,16.310517510516547,-227.94,47.94
146,28 dias,-270.0,-282.9174695170291,12.917469517029076,-280.4424531024532,10.442453102453214,-304.1718684498521,34.17186844985213,-316.63738095238085,46.63738095238085
146,56 dias,-410.0,-415.5472391356737,5.547239135673692,-416.15504509379514,6.155045093795138,-417.26492671327844,7.264926713278442,-434.7433333333332,24.743333333333226
147,12 h,0.0,100.15434624265211,100.15434624265211,0.0757142857142857,0.0757142857142857,19.50768696291937,19.50768696291937,0.36333333333333334,0.36333333333333334
147,1 dia,60.0,105.52598750553545,45.525987505535454,48.289964063714066,11.710035936285934,33.35963517839112,26.640364821608877,51.34666666666668,8.653333333333322
147,3 dias,100.0,109.53053816857991,9.530538168579909,80.80899711399712,19.191002886002877,62.38536095949273,37.61463904050727,73.82166666666667,26.178333333333327
147,7 dias,150.0,102.07201359538831,47.92798640461169,95.19434343434342,54.80565656565658,81.29284422770807,68.70715577229193,96.13214285714287,53.86785714285713
147,14 dias,-30.0,-16.034361242229124,13.965638757770876,-77.87560245310246,47.87560245310246,-49.41146381401584,19.41146381401584,-94.37357142857145,64.37357142857145
147,28 dias,-150.0,-131.3968139316401,18.60318606835989,-165.21756132756136,15.217561327561356,-163.34230635487842,13.342306354878417,-131.06000000000003,18.93999999999997
147,56 dias,-270.0,-265.2167009585631,4.783299041436919,-274.5611652236652,4.561165223665228,-294.50415932450653,24.50415932450653,-289.4533333333335,19.45333333333349
148,12 h,0.0,-104.9729052223854,104.9729052223854,0.0,0.0,-32.80132389420668,32.80132389420668,0.0,0.0
148,1 dia,-40.0,-90.46471012687662,50.464710126876625,-36.072234432234424,3.927765567765576,-48.152779924291856,8.152779924291856,-17.79777777777777,22.20222222222223
148,3 dias,-90.0,-74.59020312613613,15.409796873863868,-67.23558441558444,22.76441558441556,-72.64171700338346,17.358282996616538,-2.17,87.83
148,7 dias,-140.0,-77.01385099515879,62.98614900484121,-103.08955988455983,36.91044011544017,-111.73201873310285,28.267981266897152,-38.090000000000025,101.90999999999997
148,14 dias,-210.0,-200.87753692422166,9.122463075778342,-188.0618326118326,21.938167388167386,-199.6304709508508,10.369529049149207,-150.32738095238102,59.67261904761898
148,28 dias,-290.0,-322.8921701293277,32.892170129327724,-309.8367568542569,19.83675685425692,-303.62502546412173,13.625025464121734,-310.04809523809536,20.048095238095357
148,56 dias,-410.0,-460.70528155366856,50.705281553668556,-434.54697691197697,24.54697691197697,-420.91198237772886,10.911982377728862,-454.74500000000006,44.74500000000006
149,12 h,0.0,71.51992355304456,71.51992355304456,0.0,0.0,13.367609020324982,13.367609020324982,0.0,0.0
149,1 dia,60.0,85.81263450152976,25.812634501529757,63.82970057720058,3.829700577200583,57.58986538890655,2.410134611093447,57.96333333333334,2.0366666666666617
149,3 dias,110.0,90.24966534583,19.750334654170004,116.57546176046179,6.575461760461792,88.51587961201996,21.48412038798004,108.30821428571426,1.6917857142857429
149,7 dias,150.0,87.32516588335123,62.67483411664877,142.8770779220779,7.122922077922112,109.79255366919935,40.20744633080065,145.10694444444445,4.893055555555549
149,14 dias,50.0,-33.58407508246067,83.58407508246067,-19.16433982683982,69.16433982683982,-22.294608560387413,72.29460856038742,-17.558333333333337,67.55833333333334
149,28 dias,-50.0,-150.79824046732244,100.79824046732244,-144.21449494949493,94.21449494949493,-143.10814373540737,93.10814373540737,-144.4554761904762,94.45547619047619
149,56 dias,-270.0,-283.4280100859671,13.428010085967117,-273.1647691197691,3.164769119769119,-280.6160829857199,10.616082985719913,-304.17333333333323,34.17333333333323
150,12 h,0.0,-79.52124532280757,79.52124532280757,0.0,0.0,-16.131527303838855,16.131527303838855,0.0,0.0
150,1 dia,-50.0,-74.14960405992426,24.149604059924258,-55.41648268398269,5.416482683982693,-46.09865414042466,3.9013458595753434,-40.359999999999985,9.640000000000015
150,3 dias,-100.0,-70.14505339687979,29.85494660312021,-91.83956349206352,8.160436507936481,-85.72364933574417,14.27635066425583,-72.40968253968249,27.590317460317507
150,7 dias,-160.0,-77.60357797007143,82.39642202992857,-147.4320256132756,12.567974386724387,-128.72486173269508,31.275138267304925,-129.81988095238097,30.18011904761903
150,14 dias,-240.0,-195.70995280768886,44.290047192311135,-207.76885281385276,32.23114718614724,-206.99913661157,33.00086338842999,-201.72499999999997,38.275000000000034
150,28 dias,-310.0,-311.07240549709985,1.072405497099851,-304.159613997114,5.840386002886021,-309.0497748951907,0.9502251048093058,-301.49071428571415,8.509285714285852
150,56 dias,-410.0,-444.8922925240228,34.89229252402282,-423.92604617604616,13.926046176046157,-423.7447597443672,13.744759744367173,-410.5216666666667,0.5216666666667038
151,12 h,0.0,79.62514492079782,79.62514492079782,1.675,1.675,17.082930400441942,17.082930400441942,0.0,0.0
151,1 dia,50.0,94.13334001630659,44.13334001630659,52.03078282828282,2.030782828282817,35.99070933910266,14.009290660897342,50.82000000000001,0.8200000000000074
151,3 dias,110.0,110.00784701704714,0.007847017047140525,85.34843434343438,24.651565656565623,61.20920085520793,48.79079914479207,61.762777777777785,48.237222222222215
151,7 dias,150.0,107.58419914802448,42.41580085197552,139.48924603174606,10.510753968253937,75.89827444399599,74.10172555600401,60.65500000000001,89.345
151,14 dias,30.0,-16.279486781038344,46.279486781038344,-19.87917277167277,49.87917277167277,-42.93708942677143,72.93708942677142,-55.78499999999999,85.785
151,28 dias,-90.0,-138.2941199861445,48.294119986144494,-93.89035714285714,3.890357142857141,-161.86295237268595,71.86295237268595,-115.53666666666668,25.536666666666676
151,56 dias,-270.0,-276.1072314104853,6.107231410485326,-279.3779329004329,9.377932900432882,-298.5961389771553,28.596138977155306,-284.03333333333336,14.03333333333336
152,12 h,0.0,-124.98794032969519,124.98794032969519,0.0,0.0,-32.90717847141762,32.90717847141762,0.0,0.0
152,1 dia,-40.0,-110.69522938120998,70.69522938120998,-62.737864357864346,22.737864357864346,-58.08809980579178,18.088099805791778,-71.20499999999998,31.204999999999984
152,3 dias,-90.0,-106.25819853690975,16.258198536909745,-123.50040764790764,33.500407647907636,-100.88408015708414,10.884080157084142,-124.96666666666674,34.96666666666674
152,7 dias,-120.0,-109.18269799938852,10.817302000611477,-175.98197691197691,55.981976911976915,-138.66944442244727,18.66944442244727,-178.0483333333334,58.0483333333334
152,14 dias,-180.0,-230.09193896520043,50.09193896520043,-285.23917748917756,105.23917748917756,-231.41898887903233,51.41898887903233,-283.30333333333346,103.30333333333346
152,28 dias,-280.0,-347.3061043500622,67.30610435006218,-402.90911616161634,122.90911616161634,-328.6429647557454,48.642964755745425,-398.8802380952381,118.8802380952381
152,56 dias,-400.0,-479.93587396870686,79.93587396870686,-514.1920959595958,114.1920959595958,-450.5328462541117,50.53284625411169,-519.2566666666661,119.25666666666609
153,12 h,0.0,23.722235175682926,23.722235175682926,1.6803968253968253,1.6803968253968253,2.8796298518072128,2.8796298518072128,2.213333333333333,2.213333333333333
153,1 dia,50.0,29.093876438566298,20.906123561433702,19.72244893994894,30.27755106005106,16.731578067278956,33.26842193272104,17.394047619047612,32.60595238095239
153,3 dias,80.0,33.09842710161075,46.90157289838925,104.28839105339107,24.288391053391067,44.15982332649038,35.84017667350962,80.78166666666665,0.7816666666666521
153,7 dias,130.0,25.639902528419128,104.36009747158087,115.54451298701298,14.455487012987021,61.736061331253126,68.26393866874687,114.575,15.424999999999997
153,14 dias,-30.0,-92.4664723091983,62.466472309198295,-47.02261904761905,17.022619047619052,-68.32496372896385,38.32496372896385,-70.60333333333332,40.603333333333325
153,28 dias,-100.0,-207.82892499860927,107.82892499860927,-171.5715243090243,71.57152430902431,-180.8609611710659,80.8609611710659,-172.81499999999997,72.81499999999997
153,56 dias,-270.0,-341.64881202553227,71.64881202553227,-277.0899927849927,7.089992784992717,-310.7388625832954,40.73886258329537,-278.7016666666666,8.701666666666597
154,12 h,0.0,-81.33292737948949,81.33292737948949,-0.1,0.1,-27.181388217971115,27.181388217971115,0.0,0.0
154,1 dia,-60.0,-66.82473228398072,6.8247322839807225,-57.49088522588523,2.509114774114771,-42.53284424805628,17.46715575194372,-37.94500000000001,22.054999999999993
154,3 dias,-110.0,-50.95022528324023,59.04977471675977,-95.18249056499054,14.817509435009455,-67.0217813271479,42.978218672852094,-134.04666666666665,24.046666666666653
154,7 dias,-150.0,-53.37387315226289,96.62612684773711,-135.64194583194586,14.358054168054139,-106.11208305686729,43.88791694313271,-162.94333333333336,12.943333333333356
154,14 dias,-200.0,-177.23755908132574,22.76244091867426,-208.24780136530134,8.247801365301342,-192.30676693481175,7.693233065188252,-233.94999999999993,33.94999999999993
154,28 dias,-320.0,-299.25219228643186,20.747807713568136,-303.5199494949495,16.480050505050485,-296.3013214480828,23.698678551917226,-291.285,28.714999999999975
154,56 dias,-400.0,-437.0653037107727,37.065303710772696,-409.40015873015875,9.40015873015875,-414.8091057591319,14.80910575913191,-390.43666666666667,9.563333333333333
155,12 h,0.0,58.688868597595885,58.688868597595885,-0.6399999999999999,0.6399999999999999,25.519914531641746,25.519914531641746,0.1,0.1
155,1 dia,-40.0,72.98157954608108,112.98157954608108,24.99487734487735,64.99487734487735,40.44079251610618,80.44079251610617,34.195000000000014,74.19500000000002
155,3 dias,-90.0,77.41861039038132,167.41861039038133,29.813195970695975,119.81319597069597,67.48697623317788,157.48697623317787,43.93666666666668,133.93666666666667
155,7 dias,-430.0,74.49411092790255,504.49411092790257,48.56952686202687,478.56952686202686,79.17732306784171,509.1773230678417,50.74166666666667,480.7416666666667
155,14 dias,-540.0,-46.41513003790932,493.5848699620907,-132.15678571428572,407.8432142857143,-77.45338250728516,462.54661749271486,-139.30333333333334,400.69666666666666
155,28 dias,-700.0,-163.62929542277107,536.3707045772289,-258.0348737373738,441.9651262626262,-223.80969380298652,476.19030619701346,-236.26333333333335,463.7366666666667
155,56 dias,-910.0,-296.2590650414158,613.7409349585841,-426.63749999999993,483.36250000000007,-325.20781718127176,584.7921828187282,-385.1383333333334,524.8616666666667
156,12 h,0.0,-76.32040797734334,76.32040797734334,0.0,0.0,-26.48621101483678,26.48621101483678,0.0,0.0
156,1 dia,-50.0,-70.94876671445999,20.948766714459992,-68.18631562881566,18.186315628815663,-56.453337851422575,6.4533378514225745,-57.51,7.509999999999998
156,3 dias,-80.0,-66.94421605141552,13.055783948584477,-120.15971861471859,40.159718614718585,-97.67581356863225,17.67581356863225,-127.92166666666664,47.92166666666664
156,7 dias,-120.0,-74.40274062460713,45.597259375392866,-182.0539538239538,62.053953823953805,-142.0082712290357,22.0082712290357,-176.69666666666663,56.69666666666663
156,14 dias,-200.0,-192.50911546222454,7.490884537775457,-244.76024531024538,44.76024531024538,-219.63926312640373,19.639263126403733,-267.48,67.48000000000002
156,28 dias,-280.0,-307.87156815163553,27.87156815163553,-321.02073232323244,41.02073232323244,-321.6899014100245,41.689901410024504,-350.9642857142857,70.96428571428572
156,56 dias,-400.0,-441.6914551785585,41.6914551785585,-456.0303571428571,56.0303571428571,-435.10093470180226,35.10093470180226,-483.1600000000001,83.16000000000008
157,12 h,0.0,-71.7416666107274,71.7416666107274,3.0175505050505054,3.0175505050505054,-21.27432566708789,21.27432566708789,0.0,0.0
157,1 dia,-40.0,-57.23347151521861,17.23347151521861,-12.54340187590188,27.45659812409812,-36.62578169717304,3.374218302826961,-31.78500000000001,8.21499999999999
157,3 dias,-90.0,-41.358964514478146,48.641035485521854,-43.41407120657121,46.58592879342879,-62.786681293685035,27.213318706314965,-118.46666666666665,28.466666666666654
157,7 dias,-140.0,-43.782612383500805,96.2173876164992,-74.04906204906204,65.95093795093796,-101.87698302340442,38.12301697659558,-182.6650000000001,42.665000000000106
157,14 dias,-190.0,-167.6462983125637,22.353701687436313,-202.16813131313134,12.16813131313134,-188.07166690134895,1.928333098651052,-170.9833333333334,19.016666666666595
157,28 dias,-270.0,-289.6609315176697,19.660931517669724,-253.4811075036074,16.518892496392596,-292.06622141461986,22.06622141461986,-263.90666666666675,6.0933333333332484
157,56 dias,-400.0,-427.4740429420106,27.474042942010612,-410.3379906204907,10.3379906204907,-424.4209151637378,24.42091516373779,-416.5066666666667,16.506666666666717
158,12 h,0.0,-85.41464628820111,85.41464628820111,0.0,0.0,-23.063501739598067,23.063501739598067,0.0,0.0
158,1 dia,-30.0,-71.12193533971592,41.12193533971592,-42.64042568542568,12.640425685425683,-48.244423073972214,18.244423073972214,-46.28166666666665,16.281666666666652
158,3 dias,-80.0,-66.68490449541565,13.315095504584349,-85.51015512265512,5.510155122655121,-79.86569353630486,0.13430646369513966,-93.40666666666662,13.406666666666624
158,7 dias,-120.0,-69.60940395789444,50.39059604210556,-132.74400793650793,12.744007936507927,-117.65105780166816,2.348942198331841,-145.57571428571433,25.575714285714326
158,14 dias,-190.0,-190.51864492370635,0.5186449237063471,-214.79043650793653,24.790436507936533,-210.4006022582531,20.400602258253087,-202.56166666666664,12.561666666666639
158,28 dias,-280.0,-307.7328103085681,27.732810308568105,-315.5476659451659,35.547665945165875,-306.32706333144915,26.327063331449153,-313.4666666666666,33.46666666666658
158,56 dias,-400.0,-440.3625799272128,40.36257992721278,-425.7049819624819,25.704981962481895,-425.98015647962995,25.980156479629954,-428.58,28.579999999999984
159,12 h,0.0,108.1271074836992,108.1271074836992,0.24563492063492062,0.24563492063492062,12.306456734520147,12.306456734520147,0.66,0.66
159,1 dia,30.0,113.49874874658258,83.49874874658258,37.584888167388165,7.584888167388165,51.44674644068006,21.44674644068006,20.236666666666657,9.763333333333343
159,3 dias,80.0,117.50329940962706,37.50329940962706,94.52726190476187,14.527261904761872,80.47247222178167,0.4724722217816719,147.60619047619042,67.60619047619042
159,7 dias,120.0,110.04477483643544,9.955225163564563,127.122297979798,7.122297979798006,99.379955489997,20.620044510002998,174.1241666666666,54.12416666666661
159,14 dias,-30.0,-8.061600001182029,21.93839999881797,-3.422026862026863,26.57797313797314,-48.11166625789024,18.111666257890242,69.55833333333334,99.55833333333334
159,28 dias,-110.0,-123.42405269059299,13.424052690592987,-96.14507936507937,13.854920634920632,-162.24958949467805,52.24958949467805,-88.77833333333332,21.22166666666668
159,56 dias,-270.0,-257.24393971751596,12.756060282484043,-174.08345598845594,95.91654401154406,-286.9174352339877,16.917435233987703,-124.44666666666666,145.55333333333334
160,12 h,0.0,-89.36930709533954,89.36930709533954,4.3797727272727265,4.3797727272727265,-5.516153533522145,5.516153533522145,0.0,0.0
160,1 dia,-30.0,-74.86111199983074,44.86111199983074,13.238661616161613,43.238661616161615,-20.867609563607335,9.132390436392665,13.766666666666662,43.766666666666666
160,3 dias,-70.0,-58.98660499909025,11.013395000909753,33.18650793650793,103.18650793650792,-45.356546642699,24.643453357301,64.22499999999998,134.22499999999997
160,7 dias,-130.0,-61.410252868112906,68.5897471318871,2.710667388167388,132.7106673881674,-84.44684837241833,45.55315162758167,31.008571428571425,161.00857142857143
160,14 dias,-200.0,-185.2739387971758,14.726061202824212,-131.24559163059158,68.75440836940842,-186.42873032300585,13.571269676994149,-123.79357142857147,76.20642857142853
160,28 dias,-280.0,-307.28857200228185,27.288572002281853,-345.88007936507927,65.88007936507927,-290.42328483627676,10.423284836276764,-334.3791666666667,54.37916666666672
160,56 dias,-400.0,-445.1016834266227,45.101683426622685,-473.37720057720077,73.37720057720077,-420.23253856195396,20.23253856195396,-449.6819047619049,49.68190476190489
161,12 h,0.0,57.21650318545754,57.21650318545754,0.0,0.0,12.574209034959567,12.574209034959567,0.05333333333333334,0.05333333333333334
161,1 dia,20.0,71.50921413394273,51.509214133942734,42.27484126984128,22.274841269841282,42.45073425015821,22.450734250158213,53.37666666666668,33.37666666666668
161,3 dias,80.0,75.94624497824297,4.053755021757027,87.49009379509384,7.490093795093841,69.49691796722979,10.503082032770209,100.23666666666666,20.236666666666665
161,7 dias,130.0,73.02174551576421,56.97825448423579,111.56952020202021,18.430479797979785,90.77359202440917,39.22640797559083,115.65999999999997,14.340000000000032
161,14 dias,-30.0,-47.887495450047666,17.887495450047666,-27.50099206349207,2.4990079365079296,-43.56522194810964,13.565221948109638,-24.38333333333333,5.616666666666671
161,28 dias,-150.0,-165.10166083490947,15.101660834909467,-140.7441292041292,9.255870795870806,-167.64459180623444,17.644591806234445,-148.43666666666667,1.5633333333333326
161,56 dias,-270.0,-297.73143045355414,27.73143045355414,-275.36693001443,5.366930014430011,-296.76647609644266,26.76647609644266,-279.51666666666677,9.516666666666765
162,12 h,0.0,-81.9662350370263,81.9662350370263,0.0,0.0,-14.831729747713272,14.831729747713272,0.0,0.0
162,1 dia,-30.0,-76.59459377414294,46.594593774142936,-51.78723554223553,21.78723554223553,-44.79885658429906,14.79885658429906,-54.1033333333333,24.103333333333303
162,3 dias,-70.0,-72.59004311109848,2.590043111098481,-101.30102453102451,31.30102453102451,-84.4238517796186,14.423851779618602,-102.15333333333332,32.15333333333332
162,7 dias,-120.0,-80.04856768429009,39.95143231570991,-142.20646825396824,22.20646825396824,-127.4250641765694,7.425064176569407,-152.26499999999996,32.26499999999996
162,14 dias,-200.0,-198.15494252190751,1.8450574780924853,-211.09502164502163,11.095021645021632,-205.69933905544434,5.699339055444341,-218.7566666666667,18.75666666666669
162,28 dias,-280.0,-313.5173952113185,33.5173952113185,-293.7954201354203,13.795420135420272,-307.9570580349905,27.957058034990496,-288.1685714285715,8.16857142857151
162,56 dias,-400.0,-447.33728223824147,47.33728223824147,-432.06281746031766,32.06281746031766,-422.65204288416686,22.65204288416686,-426.2950000000001,26.295000000000073
163,12 h,0.0,99.35289223176233,99.35289223176233,0.06800865800865807,0.06800865800865807,29.188087245624654,29.188087245624654,0.0,0.0
163,1 dia,50.0,113.8610873272711,63.86108732727109,65.09114829614828,15.091148296148276,48.09586618428538,1.9041338157146228,46.56055555555556,3.4394444444444403
163,3 dias,120.0,129.7355943280116,9.735594328011587,108.83546703296703,11.164532967032969,73.31435770039064,46.685642299609356,99.68265873015875,20.31734126984125
163,7 dias,160.0,127.31194645898898,32.688053541011016,148.83860028860022,11.161399711399781,88.0034312891787,71.9965687108213,138.74333333333334,21.25666666666666
163,14 dias,10.0,3.448260529926074,6.551739470073926,-1.878297258297259,11.878297258297259,-29.12816424178525,39.12816424178525,18.205,8.204999999999998
163,28 dias,-110.0,-118.56637267518,8.566372675180006,-126.0197577422578,16.019757742257795,-148.05402718769986,38.05402718769986,-126.71833333333332,16.71833333333332
163,56 dias,-270.0,-256.3794840995209,13.62051590047912,-297.3497877122878,27.34978771228782,-290.27755053258016,20.277550532580165,-291.13928571428573,21.139285714285734
164,12 h,0.0,-101.21667370376677,101.21667370376677,0.0,0.0,-22.67366745464028,22.67366745464028,0.0,0.0
164,1 dia,-130.0,-86.92396275528158,43.07603724471842,-45.32522727272729,84.67477272727271,-47.85458878901443,82.14541121098557,-55.94309523809524,74.05690476190476
164,3 dias,-150.0,-82.48693191098134,67.51306808901866,-88.64504523254526,61.35495476745474,-79.47585925134709,70.52414074865291,-98.54166666666669,51.458333333333314
164,7 dias,-190.0,-85.4114313734601,104.5885686265399,-135.05980158730156,54.940198412698436,-117.26122351671039,72.73877648328961,-165.8633333333334,24.1366666666666
164,14 dias,-230.0,-206.320672339272,23.679327660728006,-217.1030952380953,12.896904761904693,-210.01076797329532,19.989232026704684,-241.1600000000001,11.16000000000011
164,28 dias,-270.0,-323.5348377241338,53.53483772413381,-302.20804834054826,32.20804834054826,-305.93722904649144,35.93722904649144,-322.29999999999995,52.299999999999955
164,56 dias,-390.0,-456.1646073427785,66.16460734277848,-427.6438672438672,37.64386724386719,-425.59032219467224,35.59032219467224,-442.9833333333333,52.98333333333329
165,12 h,0.0,98.32661820234469,98.32661820234469,0.49,0.49,21.173439938733424,21.173439938733424,0.2533333333333333,0.2533333333333333
165,1 dia,80.0,103.698259465228,23.698259465228006,56.19641275391275,23.803587246087247,45.98961019303575,34.01038980696425,53.37904761904761,26.62095238095239
165,3 dias,160.0,107.70281012827246,52.29718987172754,112.52978354978353,47.47021645021647,79.85582852869868,80.14417147130132,85.2913095238095,74.7086904761905
165,7 dias,190.0,100.24428555508086,89.75571444491914,148.6435816960817,41.3564183039183,103.48512970280707,86.51487029719293,123.0478571428572,66.9521428571428
165,14 dias,50.0,-17.862089282536573,67.86208928253657,-24.679640637140636,74.67964063714064,-20.38837006407031,70.3883700640703,-61.719642857142865,111.71964285714287
165,28 dias,-120.0,-133.22454197194753,13.22454197194753,-152.33845543345547,32.338455433455465,-136.66522131417182,16.665221314171816,-160.96694444444455,40.96694444444455
165,56 dias,-260.0,-267.04442899887056,7.044428998870558,-308.39397546897544,48.39397546897544,-278.6975138163241,18.69751381632409,-349.0190476190477,89.01904761904768
166,12 h,0.0,-135.5799365252289,135.5799365252289,0.0,0.0,-62.06610442534447,62.06610442534447,0.0,0.0
166,1 dia,-90.0,-121.07174142972013,31.071741429720134,-58.57904761904761,31.420952380952393,-77.41756045542965,12.582439544570349,-58.39999999999997,31.60000000000003
166,3 dias,-120.0,-105.19723442897964,14.802765571020359,-104.360101010101,15.639898989898995,-101.90649753452125,18.09350246547875,-107.00500000000002,12.994999999999976
166,7 dias,-150.0,-107.62088229800229,42.379117701997714,-148.77286796536794,1.2271320346320636,-140.9967992642406,9.003200735759407,-143.58500000000006,6.414999999999935
166,14 dias,-180.0,-231.48456822706518,51.48456822706518,-223.2663492063492,43.26634920634919,-228.8952514819886,48.895251481988595,-220.9816666666667,40.98166666666671
166,28 dias,-250.0,-353.4992014321713,103.49920143217128,-326.4717640692641,76.47176406926411,-332.8898059952595,82.88980599525951,-330.8066666666666,80.80666666666662
166,56 dias,-390.0,-491.31231285651205,101.31231285651205,-457.5335678210678,67.53356782106778,-450.17676290886664,60.176762908866635,-474.8850000000002,84.88500000000022
167,12 h,0.0,93.94332006190528,93.94332006190528,0.0,0.0,13.367609020324982,13.367609020324982,0.0,0.0
167,1 dia,40.0,108.23603101039045,68.23603101039045,42.797304639804636,2.7973046398046364,57.58986538890655,17.589865388906553,41.802063492063496,1.8020634920634961
167,3 dias,110.0,112.67306185469069,2.673061854690687,96.50718031968034,13.492819680319656,88.51587961201996,21.48412038798004,100.04103174603175,9.958968253968251
167,7 dias,150.0,109.7485623922119,40.251437607788105,147.70204267954264,2.297957320457357,109.79255366919935,40.20744633080065,148.2973015873016,1.7026984126983962
167,14 dias,0.0,-11.16067857359998,11.16067857359998,-12.176244588744591,12.176244588744591,-22.294608560387413,22.294608560387413,-12.656984126984126,12.656984126984126
167,28 dias,-110.0,-128.37484395846172,18.374843958461724,-95.47115662115658,14.528843378843419,-143.10814373540737,33.10814373540737,-113.3072619047619,3.3072619047619014
167,56 dias,-260.0,-261.00461357710645,1.0046135771064542,-277.7201082251082,17.72010822510822,-280.6160829857199,20.616082985719913,-275.2570238095238,15.257023809523787
168,12 h,0.0,-86.61875407620283,86.61875407620283,0.0,0.0,-16.402300978062613,16.402300978062613,0.0,0.0
168,1 dia,-40.0,-81.24711281331948,41.247112813319475,-47.33647435897436,7.336474358974357,-46.36942781464841,6.369427814648411,-45.79166666666667,5.791666666666671
168,3 dias,-80.0,-77.24256215027502,2.7574378497249796,-108.47229437229436,28.472294372294357,-85.99442300996792,5.994423009967917,-82.05833333333332,2.058333333333323
168,7 dias,-130.0,-84.70108672346663,45.29891327653337,-155.9046042846043,25.90460428460429,-128.99563540691872,1.0043645930812772,-161.815,31.814999999999998
168,14 dias,-170.0,-202.80746156108404,32.80746156108404,-222.47691558441562,52.47691558441562,-205.03505334634676,35.03505334634676,-247.97000000000008,77.97000000000008
168,28 dias,-270.0,-318.169914250495,48.169914250495026,-302.9549783549783,32.95497835497832,-307.9570580349905,37.957058034990496,-329.2316666666666,59.23166666666663
168,56 dias,-390.0,-451.989801277418,61.989801277417996,-429.3269949494949,39.32699494949492,-422.65204288416686,32.65204288416686,-467.72833333333335,77.72833333333335
169,12 h,0.0,38.94597152265624,38.94597152265624,-1.375,1.375,26.60717346725859,26.60717346725859,0.0,0.0
169,1 dia,50.0,53.454166618164976,3.454166618164976,35.81339826839827,14.186601731601733,45.51495240591931,4.48504759408069,38.434722222222206,11.565277777777794
169,3 dias,100.0,69.3286736189055,30.671326381094502,88.01529415029415,11.984705849705847,72.40540643944496,27.59459356055504,80.14904761904764,19.850952380952364
169,7 dias,160.0,66.90502574988284,93.09497425011716,139.48521798462977,20.51478201537023,87.09448002823302,72.90551997176698,137.82031746031748,22.179682539682517
169,14 dias,10.0,-56.95866017918004,66.95866017918004,-12.200347846597847,22.200347846597847,-30.037115502730927,40.03711550273093,-1.9566269841269837,11.956626984126984
169,28 dias,-100.0,-178.97329338428614,78.97329338428614,-173.02278388278393,73.02278388278393,-148.96297844864552,48.962978448645515,-159.8339682539682,59.83396825396821
169,56 dias,-260.0,-316.78640480862697,56.78640480862697,-329.74029165279165,69.74029165279165,-286.9515686788031,26.951568678803085,-321.4111904761905,61.411190476190484
170,12 h,0.0,60.26586557597126,60.26586557597126,0.0,0.0,12.964043319917346,12.964043319917346,0.0,0.0
170,1 dia,20.0,74.55857652445643,54.55857652445643,44.36347707847708,24.363477078477082,42.840568535116,22.840568535116,49.42071428571428,29.420714285714283
170,3 dias,50.0,78.99560736875667,28.995607368756666,90.22220779220781,40.22220779220781,69.88675225218756,19.886752252187563,98.57988095238099,48.57988095238099
170,7 dias,60.0,76.0711079062779,16.071107906277902,119.90525835275832,59.905258352758324,91.16342630936694,31.16342630936694,133.58999999999995,73.58999999999995
170,14 dias,-120.0,-44.838133059534,75.161866940466,-29.393336940836935,90.60666305916307,-43.17538766315185,76.82461233684815,-35.715952380952366,84.28404761904764
170,28 dias,-190.0,-162.05229844439577,27.947701555604226,-151.83084998335,38.16915001665001,-167.25475752127667,22.745242478723327,-184.5366666666666,5.463333333333395
170,56 dias,-250.0,-294.68206806304045,44.68206806304045,-308.4943292818293,58.49432928182932,-296.37664181148494,46.376641811484944,-319.9633333333335,69.96333333333348
171,12 h,0.0,-11.972700958552537,11.972700958552537,0.03333333333333333,0.03333333333333333,9.738574239796971,9.738574239796971,1.6,1.6
171,1 dia,90.0,-6.601059695669164,96.60105969566916,45.1128318903319,44.8871681096681,23.590522455268722,66.40947754473127,67.46333333333332,22.536666666666676
171,3 dias,160.0,-2.5965090326247093,162.5965090326247,58.37616522366523,101.62383477633477,46.56967121788392,113.43032878211608,66.36666666666667,93.63333333333333
171,7 dias,310.0,-10.055033605816334,320.05503360581633,87.59088744588743,222.40911255411257,64.14590922264662,245.85409077735338,86.08166666666666,223.91833333333335
171,14 dias,300.0,-128.16140844343374,428.16140844343374,-58.28424242424243,358.28424242424245,-68.14997277701728,368.1499727770173,-75.86833333333333,375.86833333333334
171,28 dias,10.0,-243.52386113284476,253.52386113284476,-148.22017871017871,158.22017871017871,-183.9343914118862,193.9343914118862,-157.50166666666672,167.50166666666672
171,56 dias,-250.0,-377.34374815976776,127.34374815976776,-287.5143109668111,37.51431096681108,-311.45841023654725,61.45841023654725,-287.9733333333333,37.9733333333333
172,12 h,0.0,-91.27608075595141,91.27608075595141,-0.525,0.525,-27.98099978284625,27.98099978284625,0.0,0.0
172,1 dia,-40.0,-76.76788566044263,36.76788566044263,-36.28727189477189,3.712728105228109,-43.33245581293141,3.332455812931407,-26.968253968253958,13.031746031746042
172,3 dias,-80.0,-60.89337865970214,19.106621340297863,-77.29664862914865,2.703351370851351,-67.82139289202303,12.178607107976973,-84.24277777777777,4.242777777777775
172,7 dias,-130.0,-63.317026528724796,66.6829734712752,-133.42796536796536,3.4279653679653563,-106.91169462174241,23.088305378257587,-137.57535714285714,7.575357142857143
172,14 dias,-190.0,-187.18071245778768,2.8192875422123223,-187.8011455211456,2.1988544788544004,-193.10637849968688,3.1063784996868833,-205.06353174603188,15.063531746031884
172,28 dias,-270.0,-309.19534566289377,39.19534566289377,-265.8849825174825,4.115017482517487,-297.10093301295785,27.100933012957853,-258.91615079365084,11.083849206349157
172,56 dias,-390.0,-447.00845708723455,57.00845708723455,-396.83646464646483,6.836464646464833,-414.387889926565,24.38788992656498,-367.13757936507943,22.862420634920568
173,12 h,0.0,-54.98547216647792,54.98547216647792,0.0,0.0,-22.67366745464028,22.67366745464028,0.0,0.0
173,1 dia,-30.0,-40.69276121799274,10.69276121799274,-45.348556998556994,15.348556998556994,-47.85458878901443,17.85458878901443,-49.48690476190475,19.486904761904754
173,3 dias,-80.0,-36.2557303736925,43.7442696263075,-90.05800144300147,10.058001443001473,-79.47585925134709,0.5241407486529113,-91.25547619047619,11.255476190476188
173,7 dias,-130.0,-39.18022983617128,90.81977016382872,-139.59262626262628,9.592626262626283,-117.26122351671039,12.738776483289612,-142.18500000000003,12.18500000000003
173,14 dias,-190.0,-160.08947080198317,29.91052919801683,-207.3652741702742,17.365274170274205,-210.01076797329532,20.010767973295316,-206.96499999999997,16.964999999999975
173,28 dias,-270.0,-277.3036361868449,7.303636186844926,-298.1727061827062,28.17270618270618,-305.93722904649144,35.93722904649144,-283.9433333333332,13.943333333333214
173,56 dias,-380.0,-409.93340580548966,29.933405805489656,-418.014796037296,38.01479603729598,-425.59032219467224,45.59032219467224,-420.81595238095235,40.81595238095235
174,12 h,0.0,-49.84201651046888,49.84201651046888,0.0,0.0,-16.131527303838855,16.131527303838855,0.0,0.0
174,1 dia,-50.0,-44.47037524758552,5.5296247524144775,-55.780472582972585,5.780472582972585,-46.09865414042466,3.9013458595753434,-50.98666666666666,0.9866666666666575
174,3 dias,-90.0,-40.46582458454105,49.53417541545895,-106.23587301587298,16.235873015872983,-85.72364933574417,4.27635066425583,-103.29166666666666,13.291666666666657
174,7 dias,-140.0,-47.92434915773268,92.07565084226732,-162.8558676046176,22.8558676046176,-128.72486173269508,11.275138267304925,-156.9161904761904,16.916190476190394
174,14 dias,-190.0,-166.0307239953501,23.969276004649913,-233.10788961038955,43.10788961038955,-206.99913661157,16.99913661157001,-214.45964285714274,24.45964285714274
174,28 dias,-250.0,-281.3931766847611,31.3931766847611,-333.959007936508,83.95900793650799,-309.0497748951907,59.049774895190694,-328.17261904761904,78.17261904761904
174,56 dias,-380.0,-415.2130637116841,35.21306371168407,-463.9884468309468,83.98844683094683,-423.7447597443672,43.74475974436717,-453.35119047619037,73.35119047619037
175,12 h,0.0,6.5498365366082965,6.5498365366082965,0.8044047619047618,0.8044047619047618,-7.910454485442542,7.910454485442542,0.38333333333333336,0.38333333333333336
175,1 dia,40.0,21.058031632117064,18.941968367882936,20.555090187590185,19.444909812409815,10.997324453218162,29.002675546781838,28.768333333333327,11.231666666666673
175,3 dias,70.0,36.932538632857586,33.067461367142414,15.27926046176046,54.72073953823954,37.88777848674384,32.11222151325616,7.991666666666665,62.00833333333333
175,7 dias,100.0,34.508890763834955,65.49110923616504,21.563149350649347,78.43685064935065,52.57685207553193,47.42314792446807,-14.000000000000005,114.0
175,14 dias,-50.0,-89.35479516522796,39.354795165227955,-110.90687590187586,60.906875901875864,-66.25851179523553,16.258511795235535,-135.19833333333338,85.19833333333338
175,28 dias,-140.0,-211.36942837033408,71.36942837033408,-192.59599927849925,52.59599927849925,-185.18437474115015,45.18437474115015,-212.91333333333336,72.91333333333336
175,56 dias,-250.0,-349.1825397946749,99.18253979467488,-326.939531024531,76.939531024531,-320.1150692554452,70.11506925544518,-342.2899999999999,92.2899999999999
176,12 h,0.0,-84.01705650302071,84.01705650302071,0.0,0.0,-23.063501739598067,23.063501739598067,0.0,0.0
176,1 dia,-50.0,-69.72434555453552,19.724345554535518,-46.313585858585846,3.6864141414141542,-48.244423073972214,1.7555769260277856,-46.96166666666665,3.038333333333348
176,3 dias,-90.0,-65.28731471023528,24.71268528976472,-95.50592546342548,5.505925463425484,-79.86569353630486,10.13430646369514,-94.78333333333329,4.783333333333289
176,7 dias,-130.0,-68.21181417271404,61.78818582728596,-137.09468253968254,7.0946825396825375,-117.65105780166816,12.34894219833184,-146.08738095238098,16.087380952380983
176,14 dias,-190.0,-189.12105513852595,0.8789448614740536,-226.51603174603176,36.51603174603176,-210.4006022582531,20.400602258253087,-207.59666666666672,17.59666666666672
176,28 dias,-270.0,-306.3352205233877,36.335220523387704,-340.1300865800866,70.13008658008658,-306.32706333144915,36.32706333144915,-329.8533333333333,59.853333333333296
176,56 dias,-380.0,-438.9649901420324,58.96499014203238,-441.1964898989899,61.19648989898991,-425.98015647962995,45.980156479629954,-440.5649999999998,60.56499999999983
177,12 h,0.0,18.885185512522668,18.885185512522668,0.0,0.0,-5.921184530821937,5.921184530821937,0.125,0.125
177,1 dia,0.0,24.256826775405983,24.256826775405983,11.180410422910422,11.180410422910422,7.930763684649812,7.930763684649812,39.1375,39.1375
177,3 dias,20.0,28.261377438450467,8.261377438450467,14.42503968253969,5.5749603174603095,33.607469518918975,13.607469518918975,62.57500000000001,42.57500000000001
177,7 dias,50.0,20.802852865258842,29.197147134741158,21.19365079365079,28.80634920634921,31.057783669589202,18.942216330410798,86.41285714285715,36.41285714285715
177,14 dias,-110.0,-97.3035219723586,12.696478027641405,-81.90708513708515,28.092914862914853,-125.98142377125407,15.981423771254072,-119.87714285714286,9.877142857142857
177,28 dias,-270.0,-212.66597466176958,57.33402533823042,-254.12885531135527,15.871144688644733,-256.90804607193576,13.091953928064243,-214.81833333333336,55.18166666666664
177,56 dias,-360.0,-346.4858616886926,13.51413831130742,-400.47132395382397,40.47132395382397,-394.0092692656318,34.009269265631815,-351.525,8.475000000000023
178,12 h,0.0,92.59662283995578,92.59662283995578,0.0,0.0,29.159061306547358,29.159061306547358,0.0,0.0
178,1 dia,30.0,107.10481793546455,77.10481793546455,39.80243867243867,9.802438672438669,48.06684024520808,18.066840245208077,39.26845238095237,9.268452380952368
178,3 dias,80.0,122.97932493620505,42.979324936205046,94.47410006660006,14.474100066600059,74.95729427873371,5.042705721266287,94.07289682539687,14.072896825396867
178,7 dias,150.0,120.55567706718244,29.444322932817556,143.40985001926177,6.590149980738232,89.64636786752177,60.353632132478225,142.12686507936505,7.8731349206349535
178,14 dias,-40.0,-3.308008861880438,36.69199113811956,-5.056451742701743,34.94354825729826,-27.48522766344216,12.51477233655784,-4.167103174603175,35.83289682539682
178,28 dias,-110.0,-125.32264206698653,15.322642066986532,-137.98512154512153,27.98512154512153,-146.41109060935676,36.41109060935676,-144.71861111111113,34.71861111111113
178,56 dias,-250.0,-263.13575349132736,13.135753491327364,-296.19573454323455,46.19573454323455,-283.1442772138261,33.144277213826115,-295.6159523809524,45.61595238095242
179,12 h,0.0,53.30704877122902,53.30704877122902,1.375,1.375,12.964043319917346,12.964043319917346,0.0,0.0
179,1 dia,100.0,67.59975971971419,32.400240280285814,46.850147907647894,53.149852092352106,42.840568535116,57.159431464884,51.82499999999999,48.17500000000001
179,3 dias,160.0,72.03679056401442,87.96320943598558,89.98788517038516,70.01211482961484,69.88675225218756,90.11324774781244,76.62674603174604,83.37325396825396
179,7 dias,190.0,69.11229110153566,120.88770889846434,126.06256493506491,63.93743506493509,91.16342630936694,98.83657369063306,115.57999999999998,74.42000000000002
179,14 dias,-70.0,-51.79694986427623,18.20305013572377,-25.901450216450225,44.09854978354977,-43.17538766315185,26.824612336848148,-29.387142857142848,40.61285714285715
179,28 dias,-130.0,-169.011115249138,39.01111524913799,-148.82407509157508,18.824075091575082,-167.25475752127667,37.25475752127667,-133.17500000000007,3.175000000000068
179,56 dias,-240.0,-301.6408848677827,61.64088486778269,-297.8311507936508,57.83115079365081,-296.37664181148494,56.376641811484944,-294.8383333333333,54.83833333333331
180,12 h,0.0,13.684387510741601,13.684387510741601,0.2173015873015873,0.2173015873015873,17.272830023472437,17.272830023472437,0.8133333333333332,0.8133333333333332
180,1 dia,50.0,19.056028773624917,30.943971226375083,26.86411255411255,23.13588744588745,31.124778238944184,18.875221761055816,18.65857142857142,31.34142857142858
180,3 dias,120.0,23.0605794366694,96.9394205633306,86.13952380952382,33.86047619047618,60.15050402004579,59.84949597995421,75.62833333333334,44.371666666666655
180,7 dias,70.0,15.602054863477775,54.397945136522225,113.1736111111111,43.1736111111111,79.05798728826115,9.057987288261145,106.43999999999998,36.43999999999998
180,14 dias,-50.0,-102.50431997413966,52.50431997413966,-38.31444083694084,11.68555916305916,-49.41146381401584,0.5885361859841609,-55.221666666666664,5.221666666666664
180,28 dias,-160.0,-217.86677266355065,57.86677266355065,-162.39055194805195,2.39055194805195,-163.34230635487842,3.342306354878417,-188.48833333333332,28.488333333333316
180,56 dias,-230.0,-351.68665969047356,121.68665969047356,-300.69666305916303,70.69666305916303,-294.50415932450653,64.50415932450653,-306.0995238095239,76.09952380952387
181,12 h,0.0,108.87474175157587,108.87474175157587,0.42333333333333334,0.42333333333333334,29.159061306547358,29.159061306547358,2.4833333333333325,2.4833333333333325
181,1 dia,50.0,123.38293684708458,73.38293684708458,54.710054112554104,4.710054112554104,48.06684024520808,1.933159754791923,53.91305555555554,3.9130555555555375
181,3 dias,110.0,139.25744384782507,29.257443847825073,104.7260461760462,5.2739538239538035,74.95729427873371,35.04270572126629,115.66888888888889,5.668888888888887
181,7 dias,140.0,136.83379597880247,3.1662040211975295,149.7951226551227,9.795122655122697,89.64636786752177,50.353632132478225,158.20948412698417,18.209484126984165
181,14 dias,-50.0,12.970110049739588,62.97011004973959,-9.86450563325563,40.13549436674437,-27.48522766344216,22.51477233655784,-24.345277777777774,25.654722222222226
181,28 dias,-140.0,-109.0445231553665,30.955476844633495,-131.166192973693,8.833807026307,-146.41109060935676,6.411090609356762,-145.68119047619047,5.681190476190466
181,56 dias,-230.0,-246.85763457970734,16.857634579707337,-289.7471065046065,59.747106504606506,-283.1442772138261,53.144277213826115,-289.28309523809503,59.28309523809503
182,12 h,0.0,-23.087323921288757,23.087323921288757,1.5333333333333334,1.5333333333333334,4.845377159474564,4.845377159474564,0.0,0.0
182,1 dia,50.0,-8.794612972803563,58.79461297280356,34.777460317460324,15.222539682539676,31.211737543862455,18.788262456137545,26.91833333333333,23.08166666666667
182,3 dias,80.0,-4.357582128503324,84.35758212850332,74.80331307581308,5.1966869241869205,58.25792126093413,21.742078739065867,54.56833333333334,25.431666666666658
182,7 dias,100.0,-7.282081590982074,107.28208159098207,113.52890692640689,13.52890692640689,74.97785992245198,25.022140077548016,79.75666666666665,20.243333333333354
182,14 dias,-50.0,-128.19132255679398,78.19132255679398,-26.76281746031746,23.23718253968254,-54.94464462356075,4.944644623560748,-72.81666666666666,22.816666666666663
182,28 dias,-120.0,-245.40548794165574,125.40548794165574,-182.58352092352084,62.58352092352084,-186.14470247432115,66.14470247432115,-192.2366666666667,72.23666666666671
182,56 dias,-230.0,-378.03525756030047,148.03525756030047,-322.386626984127,92.38662698412702,-309.77364017917876,79.77364017917876,-331.5466666666668,101.5466666666668
183,12 h,0.0,108.19164983890093,108.19164983890093,-0.8893650793650792,0.8893650793650792,10.818756227735502,10.818756227735502,-0.06666666666666667,0.06666666666666667
183,1 dia,40.0,113.56329110178427,73.56329110178427,31.63295454545454,8.367045454545458,35.634926482037834,4.365073517962166,24.774999999999995,15.225000000000005
183,3 dias,70.0,117.56784176482876,47.567841764828756,96.04769314019313,26.047693140193132,67.90366429581059,2.096335704189414,76.16499999999999,6.164999999999992
183,7 dias,110.0,110.10931719163713,0.10931719163713183,122.15426406926404,12.154264069264045,90.20172020646638,19.798279793533624,111.66345238095238,1.6634523809523785
183,14 dias,-30.0,-7.9970576459803056,22.002942354019694,-34.04384559884559,4.043845598845593,-33.02849657890408,3.0284965789040825,-47.07333333333332,17.073333333333323
183,28 dias,-110.0,-123.3595103353913,13.359510335391306,-142.54012820512824,32.54012820512824,-149.30534782900554,39.30534782900554,-170.80833333333337,60.808333333333366
183,56 dias,-230.0,-257.17939736231426,27.179397362314262,-283.017352092352,53.017352092351985,-290.0536887737593,60.05368877375929,-278.78666666666663,48.78666666666663
184,12 h,0.0,115.00368551511156,115.00368551511156,-0.3285714285714285,0.3285714285714285,29.958672871422483,29.958672871422483,0.0,0.0
184,1 dia,50.0,129.51188061062027,79.51188061062027,39.739752747252744,10.260247252747256,48.86645181008321,1.1335481899167874,45.09630952380952,4.9036904761904765
184,3 dias,120.0,145.38638761136082,25.386387611360817,87.75463730713729,32.24536269286271,75.75690584360885,44.24309415639115,93.68535714285716,26.314642857142843
184,7 dias,160.0,142.96273974233821,17.037260257661785,139.59277931219106,20.407220687808945,90.44597943239691,69.55402056760309,138.4783333333333,21.521666666666704
184,14 dias,-10.0,19.099053813275333,29.099053813275333,-9.195053418803417,0.8049465811965835,-26.68561609856703,16.68561609856703,-40.99436507936511,30.99436507936511
184,28 dias,-80.0,-102.91557939183078,22.915579391830775,-154.97166916416913,74.97166916416913,-145.61147904448163,65.61147904448163,-155.09325396825395,75.09325396825395
184,56 dias,-220.0,-240.72869081617162,20.72869081617162,-305.03120462870453,85.03120462870453,-283.56549304639304,63.565493046393044,-305.3094047619046,85.3094047619046
185,12 h,0.0,42.5252106269766,42.5252106269766,0.0,0.0,17.56235499120214,17.56235499120214,0.03333333333333333,0.03333333333333333
185,1 dia,60.0,56.817921575461824,3.182078424538176,51.109390331890346,8.890609668109654,43.92871537559008,16.07128462440992,32.18333333333334,27.816666666666663
185,3 dias,90.0,61.25495241976209,28.74504758023791,91.89149489399489,1.8914948939948886,70.97489909266167,19.025100907338327,72.55333333333334,17.44666666666666
185,7 dias,130.0,58.33045295728333,71.66954704271667,118.62109557109555,11.378904428904448,89.60738349472034,40.39261650527966,107.38666666666668,22.613333333333316
185,14 dias,-20.0,-62.57878800852859,42.57878800852859,-28.205750360750372,8.205750360750372,-35.194727958560236,15.194727958560236,-10.15,9.85
185,28 dias,-110.0,-179.79295339339035,69.79295339339035,-176.36298340548342,66.36298340548342,-166.39478580932064,56.39478580932064,-183.39833333333337,73.39833333333337
185,56 dias,-220.0,-312.422723012035,92.42272301203502,-314.7488095238095,94.74880952380948,-294.6022098145531,74.60220981455308,-301.2983333333335,81.29833333333352
186,12 h,0.0,-88.5208233968733,88.5208233968733,0.0,0.0,-16.131527303838855,16.131527303838855,0.0,0.0
186,1 dia,-40.0,-83.14918213398995,43.14918213398995,-48.353730158730144,8.353730158730144,-46.09865414042466,6.098654140424657,-48.01666666666668,8.01666666666668
186,3 dias,-80.0,-79.1446314709455,0.8553685290545019,-90.70364357864355,10.70364357864355,-85.72364933574417,5.72364933574417,-94.77666666666666,14.776666666666657
186,7 dias,-120.0,-86.60315604413712,33.39684395586288,-151.56221958596961,31.562219585969615,-128.72486173269508,8.724861732695075,-143.62166666666667,23.62166666666667
186,14 dias,-180.0,-204.70953088175452,24.709530881754517,-213.64205266955258,33.642052669552584,-206.99913661157,26.99913661157001,-202.63464285714284,22.634642857142836
186,28 dias,-260.0,-320.0719835711655,60.071983571165504,-301.617380952381,41.617380952380984,-309.0497748951907,49.049774895190694,-295.3228571428571,35.32285714285712
186,56 dias,-380.0,-453.8918705980885,73.89187059808847,-435.190753968254,55.190753968254,-423.7447597443672,43.74475974436717,-430.455,50.454999999999984
187,12 h,0.0,90.79682035467175,90.79682035467175,0.0,0.0,23.522406421147245,23.522406421147245,0.0,0.0
187,1 dia,30.0,105.30501545018058,75.30501545018058,71.2608152958153,41.260815295815306,42.43018535980796,12.430185359807957,73.52166666666666,43.52166666666666
187,3 dias,80.0,121.17952245092107,41.17952245092107,105.65138583638586,25.651385836385856,69.32063939333361,10.679360606666393,101.57333333333332,21.573333333333323
187,7 dias,120.0,118.75587458189841,1.2441254181015893,128.86062770562768,8.860627705627678,84.00971298212167,35.99028701787833,130.7747619047619,10.774761904761903
187,14 dias,-30.0,-5.107811347164471,24.89218865283553,-39.71820707070707,9.718207070707066,-33.12188254884227,3.1218825488422723,-45.13333333333333,15.133333333333333
187,28 dias,-120.0,-127.12244455227058,7.122444552270579,-153.35218253968253,33.35218253968253,-152.0477454947569,32.047745494756896,-160.42166666666662,40.421666666666624
187,56 dias,-210.0,-264.93555597661145,54.935555976611454,-286.1225144300145,76.12251443001452,-286.978440009052,76.97844000905201,-298.40333333333336,88.40333333333336
188,12 h,0.0,90.80373446752223,90.80373446752223,0.45666666666666667,0.45666666666666667,31.04161103578969,31.04161103578969,1.3249999999999997,1.3249999999999997
188,1 dia,30.0,105.09644541600737,75.09644541600737,37.356266233766235,7.356266233766235,57.40797142017764,27.40797142017764,30.53666666666667,0.5366666666666688
188,3 dias,40.0,109.53347626030764,69.53347626030764,37.905735653235666,2.0942643467643336,84.45415513724923,44.45415513724923,42.94333333333334,2.9433333333333422
188,7 dias,60.0,106.60897679782884,46.608976797828845,54.97581501831502,5.024184981684982,103.08663953930788,43.08663953930788,56.1616666666667,3.8383333333333027
188,14 dias,-40.0,-14.300264167983002,25.699735832016998,-55.022817460317455,15.022817460317455,-22.554413915137975,17.445586084862025,50.69333333333333,90.69333333333333
188,28 dias,-90.0,-131.51442955284477,41.514429552844774,-142.97095238095235,52.970952380952355,-153.7544717658984,63.75447176589839,-71.51666666666674,18.483333333333263
188,56 dias,-200.0,-264.14419917148945,64.14419917148945,-291.6894047619048,91.68940476190483,-281.96189577113074,81.96189577113074,-226.03333333333333,26.03333333333333
189,12 h,0.0,-177.6470764772646,177.6470764772646,0.0,0.0,-21.652941607661806,21.652941607661806,0.0,0.0
189,1 dia,10.0,-172.27543521438122,182.27543521438122,-64.76067460317464,74.76067460317464,-63.35011316613734,73.35011316613733,-67.71166666666667,77.71166666666667
189,3 dias,40.0,-168.27088455133674,208.27088455133674,-140.4064213564214,180.4064213564214,-152.36376507684645,192.36376507684645,-118.06833333333333,158.06833333333333
189,7 dias,70.0,-175.72940912452836,245.72940912452836,-202.53456487956493,272.5345648795649,-236.7511767689929,306.7511767689929,-194.23999999999995,264.23999999999995
189,14 dias,-90.0,-293.8357839621458,203.8357839621458,-292.51862193362194,202.51862193362194,-331.39608315152896,241.39608315152896,-283.57666666666677,193.57666666666677
189,28 dias,-240.0,-409.1982366515567,169.19823665155673,-379.5351984126983,139.53519841269832,-448.6580207336172,208.6580207336172,-364.07166666666666,124.07166666666666
189,56 dias,-380.0,-543.0181236784798,163.0181236784798,-495.8221825396826,115.82218253968261,-554.8760708551606,174.8760708551606,-484.2783333333332,104.2783333333332
190,12 h,0.0,-97.60261221310861,97.60261221310861,0.0,0.0,-27.98099978284625,27.98099978284625,0.0,0.0
190,1 dia,-20.0,-83.09441711759982,63.09441711759982,-36.338196803196794,16.338196803196794,-43.33245581293141,23.332455812931407,-27.42920634920634,7.429206349206339
190,3 dias,-60.0,-67.21991011685932,7.2199101168593245,-77.93761322011325,17.93761322011325,-67.82139289202303,7.821392892023027,-85.40277777777776,25.402777777777757
190,7 dias,-80.0,-69.64355798588197,10.35644201411803,-135.68845376845377,55.68845376845377,-106.91169462174241,26.911694621742413,-152.21392857142865,72.21392857142865
190,14 dias,-160.0,-193.50724391494487,33.507243914944866,-194.9605033855035,34.9605033855035,-193.10637849968688,33.10637849968688,-216.99519841269847,56.99519841269847
190,28 dias,-250.0,-315.52187712005093,65.52187712005093,-276.32955655455663,26.329556554556632,-297.10093301295785,47.10093301295785,-253.39876984126985,3.3987698412698535
190,56 dias,-350.0,-453.3349885443918,103.33498854439182,-385.3856962481963,35.385696248196325,-414.387889926565,64.38788992656498,-368.1392460317461,18.139246031746097
191,12 h,0.0,254.90319999073978,254.90319999073978,179.7409523809524,179.7409523809524,100.4132908862289,100.4132908862289,157.50833333333335,157.50833333333335
191,1 dia,20.0,269.1959109392249,249.19591093922492,217.0134126984127,197.0134126984127,206.60789666433348,186.60789666433348,214.33999999999992,194.33999999999992
191,3 dias,60.0,273.63294178352515,213.63294178352515,343.85853396603403,283.85853396603403,364.1839432659131,304.1839432659131,410.54166666666674,350.54166666666674
191,7 dias,90.0,270.7084423210464,180.7084423210464,436.9082670107668,346.9082670107668,516.1777800769689,426.17778007696893,453.175,363.175
191,14 dias,-30.0,149.79920135523446,179.79920135523446,361.37860250860257,391.37860250860257,456.6770767044431,486.6770767044431,327.45999999999987,357.45999999999987
191,28 dias,-110.0,32.58503597037269,142.5850359703727,80.33509518259518,190.33509518259518,262.46891357256567,372.46891357256567,184.45666666666668,294.4566666666667
191,56 dias,-250.0,-100.04473364827203,149.95526635172797,-21.303761238761236,228.69623876123876,61.565799517327235,311.56579951732726,-73.19999999999995,176.80000000000007
192,12 h,0.0,261.6126595762559,261.6126595762559,2.8990079365079366,2.8990079365079366,19.524153987162016,19.524153987162016,11.955,11.955
192,1 dia,220.0,266.9843008391392,46.98430083913922,40.16175352425353,179.83824647574647,44.34032424146435,175.65967575853566,51.18642857142855,168.81357142857144
192,3 dias,420.0,270.9888515021837,149.0111484978163,72.30592712842711,347.69407287157287,73.75744608053101,346.242553919469,109.33857142857143,310.6614285714286
192,7 dias,620.0,263.5303269289921,356.4696730710079,115.03688672438669,504.9631132756133,97.3867472546394,522.6132527453606,162.9552380952381,457.0447619047619
192,14 dias,440.0,145.42395209137464,294.57604790862536,-20.25975108225108,460.25975108225106,-26.486752512237963,466.48675251223796,133.15871212121215,306.84128787878785
192,28 dias,270.0,30.061499401963715,239.93850059803628,11.260916028416029,258.73908397158397,-142.76360376233947,412.76360376233947,144.95880952380952,125.04119047619048
192,56 dias,140.0,-103.75838762495925,243.75838762495925,-165.70860750360748,305.7086075036075,-282.4420136769233,422.4420136769233,-57.10166666666666,197.10166666666666
193,12 h,0.0,278.8896159440065,278.8896159440065,316.5503901653901,316.5503901653901,116.05786400207862,116.05786400207862,154.8,154.8
193,1 dia,160.0,293.3978110395153,133.39781103951532,337.9599536574536,177.95995365745358,262.1064460931247,102.1064460931247,405.5,245.5
193,3 dias,380.0,309.2723180402558,70.72768195974419,439.95861111111117,59.95861111111117,586.1384636993815,206.13846369938153,492.6000000000003,112.6000000000003
193,7 dias,760.0,306.8486701712331,453.1513298287669,496.36761904761914,263.63238095238086,702.0350742902269,57.96492570977307,538.7866666666667,221.21333333333325
193,14 dias,610.0,182.98498424217024,427.01501575782976,434.47619658119663,175.52380341880337,635.8601339070837,25.86013390708365,388.26666666666665,221.73333333333335
193,28 dias,370.0,60.97035103706412,309.0296489629359,78.52963924963927,291.4703607503607,350.3423882613377,19.657611738662297,135.56666666666658,234.43333333333342
193,56 dias,70.0,-76.84276038727671,146.8427603872767,-67.03037878787879,137.0303787878788,46.09409187708581,23.90590812291419,-15.613333333333353,85.61333333333336
194,12 h,0.0,316.7126889807381,316.7126889807381,218.18547619047627,218.18547619047627,90.99003651997144,90.99003651997144,164.805,164.805
194,1 dia,220.0,331.00539992922324,111.00539992922324,247.31650793650795,27.316507936507946,197.184642298076,22.815357701924,218.76999999999992,1.230000000000075
194,3 dias,700.0,335.4424307735235,364.5575692264765,369.0009149184149,330.9990850815851,354.7606888996556,345.2393111003444,417.47166666666664,282.52833333333336
194,7 dias,910.0,332.5179313110447,577.4820686889552,461.1144863469862,448.8855136530138,550.3650554296429,359.6349445703571,461.38833333333343,448.61166666666657
194,14 dias,720.0,211.60869034523284,508.39130965476716,395.941575091575,324.058424908425,497.36435205711706,222.63564794288294,337.84999999999985,382.15000000000015
194,28 dias,430.0,94.39452496037102,335.60547503962897,80.33509518259518,349.6649048174048,303.15618892523946,126.84381107476054,184.45666666666668,245.54333333333332
194,56 dias,120.0,-38.23524465827367,158.23524465827367,-21.303761238761236,141.30376123876124,68.06579951732722,51.93420048267278,-73.19999999999995,193.19999999999993
195,12 h,0.0,25.40834036694426,25.40834036694426,-0.05,0.05,-8.67401011758925,8.67401011758925,0.0,0.0
195,1 dia,0.0,30.77998162982763,30.77998162982763,27.92560606060606,27.92560606060606,-14.762229065241115,14.762229065241115,40.0,40.0
195,3 dias,130.0,34.784532292872086,95.21546770712791,8.17199494949495,121.82800505050506,28.476331796174897,101.52366820382511,34.24999999999998,95.75000000000003
195,7 dias,140.0,27.32600771968046,112.67399228031954,-22.086323953823953,162.08632395382395,-11.901158403227253,151.90115840322724,5.75,134.25
195,14 dias,-30.0,-90.78036711793695,60.78036711793695,-146.26633477633476,116.26633477633476,-108.9983536570389,78.9983536570389,-129.23333333333332,99.23333333333332
195,28 dias,-100.0,-206.14281980734793,106.14281980734793,-288.5620238095238,188.5620238095238,-189.3291760263646,89.32917602636459,-250.32833333333332,150.32833333333332
195,56 dias,-230.0,-339.9627068342709,109.96270683427088,-380.8090079365078,150.80900793650778,-234.52336017152462,4.523360171524615,-324.4666666666668,94.46666666666681
196,12 h,0.0,80.64368820939893,80.64368820939893,2.0645454545454545,2.0645454545454545,23.60410061619091,23.60410061619091,-0.09,0.09
196,1 dia,30.0,95.15188330490776,65.15188330490776,52.24439033189034,22.244390331890337,42.511879554851625,12.511879554851625,32.17880952380951,2.1788095238095124
196,3 dias,40.0,111.02639030564819,71.02639030564819,70.72933261183262,30.729332611832618,69.40233358837729,29.40233358837729,68.25333333333334,28.253333333333345
196,7 dias,60.0,108.60274243662553,48.60274243662553,77.42542568542572,17.425425685425722,84.09140717716534,24.091407177165337,82.52666666666669,22.526666666666685
196,14 dias,-40.0,-15.26094349243732,24.73905650756268,-41.45632756132756,1.4563275613275621,-33.040188353798605,6.959811646201395,27.718809523809522,67.71880952380953
196,28 dias,-90.0,-137.2755766975434,47.275576697543414,-102.53154706404706,12.53154706404706,-151.96605129971323,61.96605129971323,-98.27,8.269999999999996
196,56 dias,-200.0,-275.0886881218843,75.08868812188427,-285.3912373737374,85.3912373737374,-287.39965584161894,87.39965584161894,-261.3547619047618,61.3547619047618
197,12 h,0.0,32.38574992561304,32.38574992561304,15.411071428571427,15.411071428571427,16.24977153342846,16.24977153342846,0.0,0.0
197,1 dia,0.0,46.678460874098235,46.678460874098235,37.95357142857143,37.95357142857143,52.57505574688813,52.57505574688813,64.78333333333326,64.78333333333326
197,3 dias,70.0,51.1154917183985,18.884508281601498,39.28222222222221,30.71777777777779,39.828434057333105,30.171565942666895,78.925,8.924999999999997
197,7 dias,80.0,48.19099225591974,31.80900774408026,-10.048690476190474,90.04869047619047,3.9556155325106053,76.0443844674894,59.06666666666667,20.93333333333333
197,14 dias,-80.0,-72.71824870989218,7.28175129010782,-121.36765873015872,41.36765873015872,-137.67318010186298,57.67318010186298,-90.69999999999999,10.699999999999989
197,28 dias,-150.0,-189.93241409475394,39.93241409475394,-253.15595598845596,103.15595598845596,-205.4352936648331,55.4352936648331,-207.32833333333332,57.32833333333332
197,56 dias,-220.0,-322.56218371339867,102.56218371339867,-350.08597430347436,130.08597430347436,-267.48769788942076,47.48769788942076,-318.8183333333334,98.81833333333338
198,12 h,0.0,148.41637891110707,148.41637891110707,5.30498556998557,5.30498556998557,7.690469388629452,7.690469388629452,0.16666666666666674,0.16666666666666674
198,1 dia,0.0,153.78802017399045,153.78802017399045,31.44770451770452,31.44770451770452,45.42132549303514,45.42132549303514,4.875000000000001,4.875000000000001
198,3 dias,160.0,157.79257083703493,2.20742916296507,167.8118470418471,7.811847041847102,163.61763260273628,3.617632602736279,211.39166666666668,51.39166666666668
198,7 dias,180.0,150.33404626384328,29.665953736156723,180.4717965367966,0.47179653679660305,185.14883806850023,5.1488380685002255,217.02666666666676,37.026666666666756
198,14 dias,40.0,32.22767142622584,7.7723285737741605,23.206522366522368,16.793477633477632,48.58931914051519,8.589319140515187,51.32833333333331,11.328333333333312
198,28 dias,-60.0,-83.13478126318512,23.13478126318512,-69.54730158730158,9.547301587301575,-45.66035389365271,14.339646106347288,-81.76500000000001,21.765000000000015
198,56 dias,-130.0,-216.95466829010806,86.95466829010806,-121.67821428571423,8.321785714285767,-100.82739892894601,29.17260107105399,-126.67999999999996,3.320000000000036
199,12 h,0.0,118.72299020985673,118.72299020985673,0.0,0.0,-8.415905940171424,8.415905940171424,0.0,0.0
199,1 dia,130.0,133.2311853053655,3.2311853053655,-34.14767094017094,164.14767094017094,159.44871374434297,29.448713744342967,-35.67166666666666,165.67166666666665
199,3 dias,80.0,149.105692306106,69.105692306106,-64.41650571650571,144.4165057165057,132.2021830948345,52.20218309483451,-77.75833333333333,157.75833333333333
199,7 dias,30.0,146.6820444370834,116.68204443708339,-94.83615218115219,124.83615218115219,78.60886631029973,48.60886631029973,-64.94166666666666,94.94166666666666
199,14 dias,-40.0,22.81835850802051,62.81835850802051,-178.69767316017314,138.69767316017314,12.565107229931115,52.565107229931115,-141.92000000000002,101.92000000000002
199,28 dias,-150.0,-99.19627469708557,50.80372530291443,-288.9570995670996,138.9570995670996,-106.56983178437147,43.43016821562853,-231.71333333333337,81.71333333333337
199,56 dias,-200.0,-237.00938612142642,37.00938612142642,-387.24975468975464,187.24975468975464,-100.70939581805445,99.29060418194555,-340.2366666666665,140.2366666666665
200,12 h,0.0,186.9530080831621,186.9530080831621,0.9166269841269842,0.9166269841269842,15.784603818121898,15.784603818121898,1.8616666666666675,1.8616666666666675
200,1 dia,0.0,201.24571903164724,201.24571903164724,63.05326090576091,63.05326090576091,104.77587311704725,104.77587311704725,43.87833333333333,43.87833333333333
200,3 dias,200.0,205.68274987594748,5.682749875947479,114.05739898989901,85.94260101010099,143.73316996966705,56.266830030332954,106.26000000000002,93.73999999999998
200,7 dias,230.0,202.75825041346872,27.241749586531284,139.61628787878786,90.38371212121214,162.3656543717257,67.6343456282743,136.32,93.68
200,14 dias,100.0,81.84900944765683,18.150990552343174,-12.058168220668222,112.05816822066822,16.631568141381717,83.36843185861828,51.52166666666666,48.47833333333334
200,28 dias,-20.0,-35.36515593720496,15.36515593720496,-104.5252380952381,84.5252380952381,-93.36020253689902,73.36020253689902,-94.635,74.635
200,56 dias,-80.0,-167.99492555584968,87.99492555584968,-224.7217857142858,144.7217857142858,-161.85317268070187,81.85317268070187,-219.42666666666656,139.42666666666656
201,12 h,0.0,-89.63590290712533,89.63590290712533,0.0,0.0,-16.131527303838855,16.131527303838855,0.0,0.0
201,1 dia,90.0,-84.26426164424198,174.26426164424197,-54.62630452880453,144.62630452880452,-46.09865414042466,136.09865414042466,-42.8890476190476,132.8890476190476
201,3 dias,150.0,-80.25971098119751,230.25971098119751,-107.52525974025971,257.5252597402597,-95.56390416668438,245.56390416668438,-79.87825396825394,229.87825396825394
201,7 dias,210.0,-87.71823555438914,297.71823555438914,-167.55762404262404,377.55762404262407,-138.56511656363529,348.5651165636353,-149.32797619047625,359.32797619047625
201,14 dias,40.0,-205.82461039200655,245.82461039200655,-252.534935064935,292.534935064935,-227.04276546754838,267.0427654675484,-234.95333333333332,274.9533333333333
201,28 dias,-90.0,-321.1870630814176,231.1870630814176,-338.9858730158731,248.9858730158731,-343.6355331179042,253.63553311790417,-336.88928571428573,246.88928571428573
201,56 dias,-140.0,-455.00695010834056,315.00695010834056,-453.41639416139435,313.41639416139435,-459.49962912906864,319.49962912906864,-434.3502380952382,294.3502380952382
202,12 h,0.0,-11.197945865763813,11.197945865763813,-0.7233766233766233,0.7233766233766233,-5.195665775461428,5.195665775461428,-0.05833333333333334,0.05833333333333334
202,1 dia,10.0,3.3102492297449544,6.689750770255046,23.794256854256854,13.794256854256854,13.71211316319926,3.7121131631992608,41.834999999999994,31.834999999999994
202,3 dias,30.0,19.184756230485476,10.815243769514524,39.78879148629149,9.788791486291487,31.554778146822642,1.5547781468226418,65.22666666666667,35.226666666666674
202,7 dias,70.0,16.761108361462817,53.23889163853718,41.222377344877344,28.777622655122656,40.012822469845396,29.987177530154604,81.91111111111114,11.91111111111114
202,14 dias,-80.0,-107.10257756760006,27.102577567600065,-100.43515873015873,20.435158730158733,-106.14479198104947,26.144791981049465,-62.0452380952381,17.954761904761902
202,28 dias,-230.0,-229.11721077270616,0.8827892272938413,-282.09615079365085,52.09615079365085,-252.49644267602056,22.496442676020564,-175.06499999999997,54.93500000000003
202,56 dias,-350.0,-366.930322197047,16.93032219704702,-375.1859920634919,25.18599206349188,-372.6425682217662,22.642568221766226,-305.8483333333333,44.1516666666667
203,12 h,0.0,218.42371645135302,218.42371645135302,0.13333333333333333,0.13333333333333333,-20.02774942865035,20.02774942865035,0.953333333333333,0.953333333333333
203,1 dia,0.0,232.71642739983815,232.71642739983815,60.63837995337995,60.63837995337995,72.23929087066503,72.23929087066503,46.9102380952381,46.9102380952381
203,3 dias,230.0,237.1534582441384,7.153458244138392,94.14483183483183,135.85516816516815,79.02230237735431,150.97769762264568,88.10333333333332,141.89666666666668
203,7 dias,260.0,234.22895878165963,25.771041218340372,124.20742562992564,135.79257437007436,97.65478677941306,162.34521322058694,111.93166666666667,148.06833333333333
203,14 dias,150.0,113.31971781584774,36.68028218415226,-15.113510101010098,165.1135101010101,-45.827647707998814,195.8276477079988,46.58666666666666,103.41333333333334
203,28 dias,40.0,-3.894447569014048,43.89444756901405,-115.0521825396825,155.05218253968252,-164.4656232930956,204.4656232930956,-149.59083333333334,189.59083333333334
203,56 dias,-20.0,-136.52421718765876,116.52421718765876,-239.46976190476195,219.46976190476195,-224.75038545011495,204.75038545011495,-227.08023809523803,207.08023809523803
204,12 h,0.0,280.4221890949031,280.4221890949031,124.94634920634923,124.94634920634923,28.9661675331316,28.9661675331316,21.585,21.585
204,1 dia,340.0,285.7938303577865,54.206169642213524,192.4403021978022,147.5596978021978,269.02697394986785,70.97302605013215,253.4866666666667,86.51333333333329
204,3 dias,310.0,289.7983810208309,20.201618979169098,205.142784992785,104.85721500721499,298.05269973096944,11.947300269030563,294.8183333333334,15.181666666666615
204,7 dias,310.0,282.33985644763925,27.66014355236075,206.02765873015878,103.97234126984122,295.91799153315003,14.08200846684997,299.44166666666666,10.558333333333337
204,14 dias,250.0,164.2334816100219,85.7665183899781,105.74662698412699,144.25337301587302,169.47439487597683,80.52560512402317,82.05333333333333,167.94666666666666
204,28 dias,140.0,48.87102892061088,91.12897107938912,-81.48025974025974,221.48025974025973,119.79607438740557,20.203925612594432,-86.94666666666667,226.94666666666666
204,56 dias,110.0,-84.9488581063121,194.94885810631212,-150.15940476190477,260.15940476190474,140.39996422836893,30.39996422836893,-119.69,229.69
205,12 h,0.0,297.6672559465982,297.6672559465982,44.9585533910534,44.9585533910534,45.62169148754807,45.62169148754807,0.0,0.0
205,1 dia,410.0,312.17545104210694,97.82454895789306,136.02482323232323,273.97517676767677,247.74554614080841,162.25445385919159,219.20666666666654,190.79333333333346
205,3 dias,400.0,328.04995804284744,71.95004195715256,175.19468253968247,224.80531746031753,271.8784066039172,128.1215933960828,214.9061111111111,185.0938888888889
205,7 dias,400.0,325.62631017382483,74.37368982617517,190.2211147186147,209.7788852813853,272.0644651378897,127.93553486211027,218.8114285714285,181.1885714285715
205,14 dias,370.0,201.76262424476198,168.23737575523802,60.89044372294373,309.1095562770563,176.3837659760016,193.6162340239984,67.16333333333336,302.83666666666664
205,28 dias,230.0,79.74799103965586,150.25200896034414,-54.42297979797981,284.4229797979798,42.31751852905544,187.68248147094457,-44.95833333333336,274.95833333333337
205,56 dias,210.0,-58.065120384685,268.065120384685,-184.7078174603175,394.70781746031753,27.560874774932042,182.43912522506795,-186.63666666666668,396.63666666666666
206,12 h,20.0,11.328742202179725,8.671257797820275,0.7499603174603177,19.250039682539683,-2.1819428024874856,22.181942802487484,2.598333333333335,17.401666666666664
206,1 dia,0.0,25.62145315066492,25.62145315066492,29.318030303030294,29.318030303030294,24.184417581900405,24.184417581900405,18.099999999999994,18.099999999999994
206,3 dias,100.0,30.058483994965187,69.94151600503481,32.022615440115445,67.97738455988456,32.992618639066144,67.00738136093386,49.59333333333334,50.40666666666666
206,7 dias,30.0,27.133984532486394,2.8660154675136056,54.60015873015871,24.60015873015871,49.71255730058401,19.71255730058401,51.13333333333334,21.13333333333334
206,14 dias,-150.0,-93.7752564333255,56.224743566674505,-87.4232142857143,62.576785714285705,-80.2099472454288,69.7900527545712,-101.6535714285714,48.3464285714286
