amostra_id,idade_label,idade_dias,epsilon_t,epsilon_previsto,residuo,erro_absoluto,sinal_real,sinal_previsto
0,12 h,0.5,0.0,32.30452495323388,-32.30452495323388,32.30452495323388,estabilidade,expansao
0,1 dia,1.0,30.0,37.676166216117224,-7.676166216117224,7.676166216117224,expansao,expansao
0,3 dias,3.0,-50.0,41.68071687916168,-91.68071687916168,91.68071687916168,retracao,expansao
0,7 dias,7.0,-180.0,34.22219230597008,-214.22219230597008,214.22219230597008,retracao,expansao
0,14 dias,14.0,-360.0,-83.88418253164734,-276.11581746835265,276.11581746835265,retracao,retracao
0,28 dias,28.0,-590.0,-199.2466352210583,-390.75336477894166,390.75336477894166,retracao,retracao
0,56 dias,56.0,-760.0,-333.0665222479813,-426.9334777520187,426.9334777520187,retracao,retracao
1,12 h,0.5,0.0,-50.2006896160658,50.2006896160658,50.2006896160658,estabilidade,retracao
1,1 dia,1.0,40.0,-35.692494520557034,75.69249452055703,75.69249452055703,expansao,retracao
1,3 dias,3.0,80.0,-19.81798751981654,99.81798751981654,99.81798751981654,expansao,retracao
1,7 dias,7.0,120.0,-22.2416353888392,142.2416353888392,142.2416353888392,expansao,retracao
1,14 dias,14.0,-30.0,-146.10532131790208,116.10532131790208,116.10532131790208,retracao,retracao
1,28 dias,28.0,-250.0,-268.1199545230082,18.119954523008175,18.119954523008175,retracao,retracao
1,56 dias,56.0,-500.0,-405.933065947349,-94.06693405265099,94.06693405265099,retracao,retracao
2,12 h,0.5,-10.0,-30.237684375156093,20.237684375156093,20.237684375156093,retracao,retracao
2,1 dia,1.0,0.0,-15.944973426670913,15.944973426670913,15.944973426670913,estabilidade,retracao
2,3 dias,3.0,10.0,-11.507942582370646,21.507942582370646,21.507942582370646,expansao,retracao
2,7 dias,7.0,30.0,-14.432442044849424,44.432442044849424,44.432442044849424,expansao,retracao
2,14 dias,14.0,-160.0,-135.3416830106613,-24.658316989338687,24.658316989338687,retracao,retracao
2,28 dias,28.0,-310.0,-252.55584839552307,-57.44415160447693,57.44415160447693,retracao,retracao
2,56 dias,56.0,-420.0,-385.1856180141678,-34.8143819858322,34.8143819858322,retracao,retracao
3,12 h,0.5,0.0,61.98606764356501,-61.98606764356501,61.98606764356501,estabilidade,expansao
3,1 dia,1.0,-30.0,67.35770890644835,-97.35770890644835,97.35770890644835,retracao,expansao
3,3 dias,3.0,-60.0,71.3622595694928,-131.3622595694928,131.3622595694928,retracao,expansao
3,7 dias,7.0,-120.0,63.90373499630121,-183.9037349963012,183.9037349963012,retracao,expansao
3,14 dias,14.0,-240.0,-54.20263984131621,-185.79736015868377,185.79736015868377,retracao,retracao
3,28 dias,28.0,-300.0,-169.5650925307272,-130.4349074692728,130.4349074692728,retracao,retracao
3,56 dias,56.0,-410.0,-303.3849795576502,-106.61502044234982,106.61502044234982,retracao,retracao
4,12 h,0.5,0.0,57.69781115611883,-57.69781115611883,57.69781115611883,estabilidade,expansao
4,1 dia,1.0,30.0,72.20600625162757,-42.20600625162757,42.20600625162757,expansao,expansao
4,3 dias,3.0,60.0,88.08051325236812,-28.08051325236812,28.08051325236812,expansao,expansao
4,7 dias,7.0,100.0,85.65686538334546,14.343134616654538,14.343134616654538,expansao,expansao
4,14 dias,14.0,-110.0,-38.20682054571745,-71.79317945428255,71.79317945428255,retracao,retracao
4,28 dias,28.0,-290.0,-160.2214537508235,-129.7785462491765,129.7785462491765,retracao,retracao
4,56 dias,56.0,-400.0,-298.03456517516435,-101.96543482483565,101.96543482483565,retracao,retracao
5,12 h,0.5,0.0,-40.20631378640141,40.20631378640141,40.20631378640141,estabilidade,retracao
5,1 dia,1.0,-40.0,-25.91360283791623,-14.08639716208377,14.08639716208377,retracao,retracao
5,3 dias,3.0,-100.0,-21.47657199361599,-78.52342800638401,78.52342800638401,retracao,retracao
5,7 dias,7.0,-450.0,-24.40107145609477,-425.59892854390523,425.59892854390523,retracao,retracao
5,14 dias,14.0,-560.0,-145.31031242190664,-414.68968757809336,414.68968757809336,retracao,retracao
5,28 dias,28.0,-870.0,-262.5244778067684,-607.4755221932317,607.4755221932317,retracao,retracao
5,56 dias,56.0,-1000.0,-395.1542474254131,-604.8457525745869,604.8457525745869,retracao,retracao
6,12 h,0.5,0.0,-159.78933012527813,159.78933012527813,159.78933012527813,estabilidade,retracao
6,1 dia,1.0,-50.0,-154.4176888623948,104.41768886239481,104.41768886239481,retracao,retracao
6,3 dias,3.0,-130.0,-150.41313819935036,20.413138199350357,20.413138199350357,retracao,retracao
6,7 dias,7.0,-290.0,-157.87166277254195,-132.12833722745805,132.12833722745805,retracao,retracao
6,14 dias,14.0,-450.0,-275.9780376101594,-174.0219623898406,174.0219623898406,retracao,retracao
6,28 dias,28.0,-580.0,-391.3404902995704,-188.65950970042962,188.65950970042962,retracao,retracao
6,56 dias,56.0,-760.0,-525.1603773264933,-234.8396226735067,234.8396226735067,retracao,retracao
7,12 h,0.5,0.0,58.61211148101631,-58.61211148101631,58.61211148101631,estabilidade,expansao
7,1 dia,1.0,110.0,73.12030657652508,36.87969342347492,36.87969342347492,expansao,expansao
7,3 dias,3.0,190.0,88.99481357726557,101.00518642273443,101.00518642273443,expansao,expansao
7,7 dias,7.0,220.0,86.57116570824297,133.42883429175703,133.42883429175703,expansao,expansao
7,14 dias,14.0,-40.0,-37.292520220819966,-2.7074797791800336,2.7074797791800336,retracao,retracao
7,28 dias,28.0,-270.0,-159.30715342592606,-110.69284657407394,110.69284657407394,retracao,retracao
7,56 dias,56.0,-390.0,-297.12026485026684,-92.87973514973316,92.87973514973316,retracao,retracao
8,12 h,0.5,0.0,-40.20631378640141,40.20631378640141,40.20631378640141,estabilidade,retracao
8,1 dia,1.0,-90.0,-25.91360283791623,-64.08639716208377,64.08639716208377,retracao,retracao
8,3 dias,3.0,-250.0,-21.47657199361599,-228.523428006384,228.523428006384,retracao,retracao
8,7 dias,7.0,-370.0,-24.40107145609477,-345.59892854390523,345.59892854390523,retracao,retracao
8,14 dias,14.0,-500.0,-145.31031242190664,-354.68968757809336,354.68968757809336,retracao,retracao
8,28 dias,28.0,-580.0,-262.5244778067684,-317.4755221932316,317.4755221932316,retracao,retracao
8,56 dias,56.0,-740.0,-395.1542474254131,-344.8457525745869,344.8457525745869,retracao,retracao
9,12 h,0.5,0.0,20.831721470677223,-20.831721470677223,20.831721470677223,estabilidade,expansao
9,1 dia,1.0,70.0,26.203362733560596,43.796637266439404,43.796637266439404,expansao,expansao
9,3 dias,3.0,150.0,30.20791339660508,119.79208660339492,119.79208660339492,expansao,expansao
9,7 dias,7.0,170.0,22.749388823413454,147.25061117658655,147.25061117658655,expansao,expansao
9,14 dias,14.0,-60.0,-95.35698601420398,35.35698601420398,35.35698601420398,retracao,retracao
9,28 dias,28.0,-260.0,-210.71943870361497,-49.28056129638503,49.28056129638503,retracao,retracao
9,56 dias,56.0,-270.0,-344.53932573053794,74.53932573053794,74.53932573053794,retracao,retracao
10,12 h,0.5,0.0,-142.57038491067624,142.57038491067624,142.57038491067624,estabilidade,retracao
10,1 dia,1.0,-40.0,-128.06218981516747,88.06218981516747,88.06218981516747,retracao,retracao
10,3 dias,3.0,-120.0,-112.18768281442696,-7.812317185573036,7.812317185573036,retracao,retracao
10,7 dias,7.0,-170.0,-114.61133068344961,-55.38866931655039,55.38866931655039,retracao,retracao
10,14 dias,14.0,-380.0,-238.4750166125125,-141.5249833874875,141.5249833874875,retracao,retracao
10,28 dias,28.0,-550.0,-360.48964981761856,-189.51035018238144,189.51035018238144,retracao,retracao
10,56 dias,56.0,-660.0,-498.3027612419594,-161.6972387580406,161.6972387580406,retracao,retracao
11,12 h,0.5,0.0,16.301462920651872,-16.301462920651872,16.301462920651872,estabilidade,expansao
11,1 dia,1.0,10.0,30.594173869137066,-20.594173869137066,20.594173869137066,expansao,expansao
11,3 dias,3.0,20.0,35.031204713437305,-15.031204713437305,15.031204713437305,expansao,expansao
11,7 dias,7.0,50.0,32.10670525095851,17.893294749041488,17.893294749041488,expansao,expansao
11,14 dias,14.0,-100.0,-88.80253571485338,-11.197464285146623,11.197464285146623,retracao,retracao
11,28 dias,28.0,-220.0,-206.01670109971514,-13.983298900284865,13.983298900284865,retracao,retracao
11,56 dias,56.0,-380.0,-338.64647071835986,-41.353529281640135,41.353529281640135,retracao,retracao
12,12 h,0.5,0.0,-45.90743678415116,45.90743678415116,45.90743678415116,estabilidade,retracao
12,1 dia,1.0,-50.0,-40.5357955212678,-9.4642044787322,9.4642044787322,retracao,retracao
12,3 dias,3.0,-150.0,-36.531244858223346,-113.46875514177665,113.46875514177665,retracao,retracao
12,7 dias,7.0,-270.0,-43.98976943141497,-226.01023056858503,226.01023056858503,retracao,retracao
12,14 dias,14.0,-370.0,-162.09614426903238,-207.90385573096762,207.90385573096762,retracao,retracao
12,28 dias,28.0,-480.0,-277.45859695844337,-202.54140304155663,202.54140304155663,retracao,retracao
12,56 dias,56.0,-650.0,-411.27848398536634,-238.72151601463366,238.72151601463366,retracao,retracao
13,12 h,0.5,10.0,-11.829416307902278,21.829416307902278,21.829416307902278,expansao,retracao
13,1 dia,1.0,0.0,2.678778787606518,-2.678778787606518,2.678778787606518,estabilidade,expansao
13,3 dias,3.0,20.0,18.55328578834701,1.4467142116529885,1.4467142116529885,expansao,expansao
13,7 dias,7.0,20.0,16.12963791932438,3.870362080675619,3.870362080675619,expansao,expansao
13,14 dias,14.0,-180.0,-107.7340480097385,-72.2659519902615,72.2659519902615,retracao,retracao
13,28 dias,28.0,-250.0,-229.7486812148446,-20.251318785155405,20.251318785155405,retracao,retracao
13,56 dias,56.0,-370.0,-367.56179263918546,-2.4382073608145447,2.4382073608145447,retracao,retracao
14,12 h,0.5,0.0,-176.84812595559356,176.84812595559356,176.84812595559356,estabilidade,retracao
14,1 dia,1.0,-60.0,-162.55541500710837,102.55541500710837,102.55541500710837,retracao,retracao
14,3 dias,3.0,-180.0,-158.11838416280813,-21.881615837191873,21.881615837191873,retracao,retracao
14,7 dias,7.0,-300.0,-161.0428836252869,-138.9571163747131,138.9571163747131,retracao,retracao
14,14 dias,14.0,-400.0,-281.95212459109877,-118.04787540890123,118.04787540890123,retracao,retracao
14,28 dias,28.0,-530.0,-399.1662899759605,-130.83371002403948,130.83371002403948,retracao,retracao
14,56 dias,56.0,-630.0,-531.7960595946053,-98.20394040539475,98.20394040539475,retracao,retracao
15,12 h,0.5,0.0,40.06745950001286,-40.06745950001286,40.06745950001286,estabilidade,expansao
15,1 dia,1.0,30.0,45.4391007628962,-15.439100762896203,15.439100762896203,expansao,expansao
15,3 dias,3.0,70.0,49.44365142594066,20.556348574059342,20.556348574059342,expansao,expansao
15,7 dias,7.0,110.0,41.98512685274903,68.01487314725097,68.01487314725097,expansao,expansao
15,14 dias,14.0,-20.0,-76.12124798486838,56.121247984868376,56.121247984868376,retracao,retracao
15,28 dias,28.0,-140.0,-191.48370067427936,51.48370067427936,51.48370067427936,retracao,retracao
15,56 dias,56.0,-370.0,-325.30358770120233,-44.69641229879767,44.69641229879767,retracao,retracao
16,12 h,0.5,0.0,-78.39743266757235,78.39743266757235,78.39743266757235,estabilidade,retracao
16,1 dia,1.0,-60.0,-63.889237572063564,3.889237572063564,3.889237572063564,retracao,retracao
16,3 dias,3.0,-180.0,-48.0147305713231,-131.9852694286769,131.9852694286769,retracao,retracao
16,7 dias,7.0,-300.0,-50.43837844034573,-249.56162155965427,249.56162155965427,retracao,retracao
16,14 dias,14.0,-400.0,-174.30206436940858,-225.69793563059142,225.69793563059142,retracao,retracao
16,28 dias,28.0,-530.0,-296.3166975745147,-233.6833024254853,233.6833024254853,retracao,retracao
16,56 dias,56.0,-630.0,-434.12980899885554,-195.87019100114446,195.87019100114446,retracao,retracao
17,12 h,0.5,0.0,11.8733589852486,-11.8733589852486,11.8733589852486,estabilidade,expansao
17,1 dia,1.0,20.0,26.166069933733795,-6.1660699337337945,6.1660699337337945,expansao,expansao
17,3 dias,3.0,40.0,30.603100778034033,9.396899221965967,9.396899221965967,expansao,expansao
17,7 dias,7.0,90.0,27.67860131555527,62.32139868444473,62.32139868444473,expansao,expansao
17,14 dias,14.0,-30.0,-93.2306396502566,63.230639650256606,63.230639650256606,retracao,retracao
17,28 dias,28.0,-140.0,-210.4448050351184,70.4448050351184,70.4448050351184,retracao,retracao
17,56 dias,56.0,-360.0,-343.0745746537631,-16.92542534623692,16.92542534623692,retracao,retracao
18,12 h,0.5,0.0,64.57609768638639,-64.57609768638639,64.57609768638639,estabilidade,expansao
18,1 dia,1.0,60.0,69.94773894926976,-9.947738949269763,9.947738949269763,expansao,expansao
18,3 dias,3.0,100.0,73.95228961231422,26.047710387685783,26.047710387685783,expansao,expansao
18,7 dias,7.0,-20.0,66.49376503912262,-86.49376503912262,86.49376503912262,retracao,expansao
18,14 dias,14.0,-130.0,-51.61260979849483,-78.38739020150517,78.38739020150517,retracao,retracao
18,28 dias,28.0,-240.0,-166.9750624879058,-73.0249375120942,73.0249375120942,retracao,retracao
18,56 dias,56.0,-360.0,-300.7949495148288,-59.20505048517123,59.20505048517123,retracao,retracao
19,12 h,0.5,0.0,47.273464943336194,-47.273464943336194,47.273464943336194,estabilidade,expansao
19,1 dia,1.0,30.0,61.78166003884502,-31.78166003884502,31.78166003884502,expansao,expansao
19,3 dias,3.0,60.0,77.65616703958545,-17.656167039585455,17.656167039585455,expansao,expansao
19,7 dias,7.0,100.0,75.23251917056285,24.767480829437147,24.767480829437147,expansao,expansao
19,14 dias,14.0,-50.0,-48.63116675850003,-1.3688332414999707,1.3688332414999707,retracao,retracao
19,28 dias,28.0,-190.0,-170.64579996360612,-19.354200036393877,19.354200036393877,retracao,retracao
19,56 dias,56.0,-360.0,-308.45891138794696,-51.541088612053045,51.541088612053045,retracao,retracao
20,12 h,0.5,0.0,91.17061007097043,-91.17061007097043,91.17061007097043,estabilidade,expansao
20,1 dia,1.0,20.0,105.46332101945562,-85.46332101945562,85.46332101945562,expansao,expansao
20,3 dias,3.0,60.0,109.90035186375586,-49.90035186375586,49.90035186375586,expansao,expansao
20,7 dias,7.0,120.0,106.9758524012771,13.024147598722905,13.024147598722905,expansao,expansao
20,14 dias,14.0,-20.0,-13.933388564534823,-6.066611435465177,6.066611435465177,retracao,retracao
20,28 dias,28.0,-210.0,-131.14755394939658,-78.85244605060342,78.85244605060342,retracao,retracao
20,56 dias,56.0,-360.0,-263.7773235680413,-96.22267643195869,96.22267643195869,retracao,retracao
21,12 h,0.5,0.0,-177.6470764772646,177.6470764772646,177.6470764772646,estabilidade,retracao
21,1 dia,1.0,-70.0,-172.27543521438122,102.27543521438122,102.27543521438122,retracao,retracao
21,3 dias,3.0,-160.0,-168.27088455133674,8.270884551336735,8.270884551336735,retracao,retracao
21,7 dias,7.0,-290.0,-175.72940912452836,-114.27059087547164,114.27059087547164,retracao,retracao
21,14 dias,14.0,-380.0,-293.8357839621458,-86.1642160378542,86.1642160378542,retracao,retracao
21,28 dias,28.0,-500.0,-409.1982366515567,-90.80176334844327,90.80176334844327,retracao,retracao
21,56 dias,56.0,-620.0,-543.0181236784798,-76.98187632152019,76.98187632152019,retracao,retracao
22,12 h,0.5,0.0,-88.34359127444796,88.34359127444796,88.34359127444796,estabilidade,retracao
22,1 dia,1.0,-60.0,-73.83539617893919,13.835396178939192,13.835396178939192,retracao,retracao
22,3 dias,3.0,-130.0,-57.9608891781987,-72.0391108218013,72.0391108218013,retracao,retracao
22,7 dias,7.0,-250.0,-60.38453704722133,-189.61546295277867,189.61546295277867,retracao,retracao
22,14 dias,14.0,-370.0,-184.24822297628424,-185.75177702371576,185.75177702371576,retracao,retracao
22,28 dias,28.0,-480.0,-306.2628561813903,-173.7371438186097,173.7371438186097,retracao,retracao
22,56 dias,56.0,-590.0,-444.07596760573114,-145.92403239426886,145.92403239426886,retracao,retracao
23,12 h,0.5,0.0,-77.93540084363573,77.93540084363573,77.93540084363573,estabilidade,retracao
23,1 dia,1.0,-20.0,-63.64268989515055,43.64268989515055,43.64268989515055,retracao,retracao
23,3 dias,3.0,-70.0,-59.205659050850315,-10.794340949149685,10.794340949149685,retracao,retracao
23,7 dias,7.0,-100.0,-62.130158513329086,-37.869841486670914,37.869841486670914,retracao,retracao
23,14 dias,14.0,-200.0,-183.03939947914097,-16.960600520859032,16.960600520859032,retracao,retracao
23,28 dias,28.0,-460.0,-300.2535648640028,-159.74643513599722,159.74643513599722,retracao,retracao
23,56 dias,56.0,-580.0,-432.8833344826474,-147.1166655173526,147.1166655173526,retracao,retracao
24,12 h,0.5,0.0,-48.29390326021965,48.29390326021965,48.29390326021965,estabilidade,retracao
24,1 dia,1.0,10.0,-42.92226199733631,52.92226199733631,52.92226199733631,expansao,retracao
24,3 dias,3.0,20.0,-38.91771133429185,58.91771133429185,58.91771133429185,expansao,retracao
24,7 dias,7.0,40.0,-46.37623590748346,86.37623590748346,86.37623590748346,expansao,retracao
24,14 dias,14.0,-120.0,-164.48261074510089,44.482610745100885,44.482610745100885,retracao,retracao
24,28 dias,28.0,-240.0,-279.84506343451187,39.84506343451187,39.84506343451187,retracao,retracao
24,56 dias,56.0,-360.0,-413.66495046143484,53.66495046143484,53.66495046143484,retracao,retracao
25,12 h,0.5,0.0,21.34940475583244,-21.34940475583244,21.34940475583244,estabilidade,expansao
25,1 dia,1.0,20.0,35.857599851341206,-15.857599851341206,15.857599851341206,expansao,expansao
25,3 dias,3.0,70.0,51.73210685208173,18.267893147918272,18.267893147918272,expansao,expansao
25,7 dias,7.0,100.0,49.3084589830591,50.6915410169409,50.6915410169409,expansao,expansao
25,14 dias,14.0,-50.0,-74.5552269460038,24.5552269460038,24.5552269460038,retracao,retracao
25,28 dias,28.0,-190.0,-196.5698601511099,6.569860151109907,6.569860151109907,retracao,retracao
25,56 dias,56.0,-360.0,-334.38297157545077,-25.617028424549233,25.617028424549233,retracao,retracao
26,12 h,0.5,0.0,-54.14424495925188,54.14424495925188,54.14424495925188,estabilidade,retracao
26,1 dia,1.0,-50.0,-39.851534010766684,-10.148465989233316,10.148465989233316,retracao,retracao
26,3 dias,3.0,-120.0,-35.414503166466474,-84.58549683353353,84.58549683353353,retracao,retracao
26,7 dias,7.0,-190.0,-38.339002628945224,-151.66099737105478,151.66099737105478,retracao,retracao
26,14 dias,14.0,-310.0,-159.24824359475713,-150.75175640524287,150.75175640524287,retracao,retracao
26,28 dias,28.0,-430.0,-276.4624089796189,-153.53759102038111,153.53759102038111,retracao,retracao
26,56 dias,56.0,-580.0,-409.09217859826356,-170.90782140173644,170.90782140173644,retracao,retracao
27,12 h,0.5,0.0,84.10801392229362,-84.10801392229362,84.10801392229362,estabilidade,expansao
27,1 dia,1.0,0.0,89.47965518517694,-89.47965518517694,89.47965518517694,estabilidade,expansao
27,3 dias,3.0,10.0,93.48420584822142,-83.48420584822142,83.48420584822142,expansao,expansao
27,7 dias,7.0,10.0,86.02568127502983,-76.02568127502983,76.02568127502983,expansao,expansao
27,14 dias,14.0,-110.0,-32.08069356258761,-77.91930643741239,77.91930643741239,retracao,retracao
27,28 dias,28.0,-200.0,-147.4431462519986,-52.5568537480014,52.5568537480014,retracao,retracao
27,56 dias,56.0,-350.0,-281.26303327892157,-68.73696672107843,68.73696672107843,retracao,retracao
28,12 h,0.5,0.0,26.128417993959175,-26.128417993959175,26.128417993959175,estabilidade,expansao
28,1 dia,1.0,20.0,40.63661308946797,-20.63661308946797,20.63661308946797,expansao,expansao
28,3 dias,3.0,50.0,56.51112009020841,-6.511120090208408,6.511120090208408,expansao,expansao
28,7 dias,7.0,80.0,54.087472221185806,25.912527778814194,25.912527778814194,expansao,expansao
28,14 dias,14.0,-60.0,-69.77621370787708,9.776213707877076,9.776213707877076,retracao,retracao
28,28 dias,28.0,-200.0,-191.79084691298317,-8.20915308701683,8.20915308701683,retracao,retracao
28,56 dias,56.0,-350.0,-329.603958337324,-20.396041662675998,20.396041662675998,retracao,retracao
29,12 h,0.5,0.0,-92.02774141413973,92.02774141413973,92.02774141413973,estabilidade,retracao
29,1 dia,1.0,-100.0,-77.73503046565452,-22.264969534345482,22.264969534345482,retracao,retracao
29,3 dias,3.0,-140.0,-73.29799962135428,-66.70200037864572,66.70200037864572,retracao,retracao
29,7 dias,7.0,-180.0,-76.22249908383307,-103.77750091616693,103.77750091616693,retracao,retracao
29,14 dias,14.0,-310.0,-197.13174004964495,-112.86825995035505,112.86825995035505,retracao,retracao
29,28 dias,28.0,-390.0,-314.34590543450673,-75.65409456549327,75.65409456549327,retracao,retracao
29,56 dias,56.0,-560.0,-446.97567505315146,-113.02432494684854,113.02432494684854,retracao,retracao
30,12 h,0.5,0.0,43.48679322135524,-43.48679322135524,43.48679322135524,estabilidade,expansao
30,1 dia,1.0,20.0,48.85843448423856,-28.858434484238558,28.858434484238558,expansao,expansao
30,3 dias,3.0,40.0,52.86298514728304,-12.862985147283041,12.862985147283041,expansao,expansao
30,7 dias,7.0,70.0,45.404460574091416,24.595539425908584,24.595539425908584,expansao,expansao
30,14 dias,14.0,-100.0,-72.70191426352604,-27.298085736473965,27.298085736473965,retracao,retracao
30,28 dias,28.0,-230.0,-188.06436695293704,-41.935633047062964,41.935633047062964,retracao,retracao
30,56 dias,56.0,-350.0,-321.88425397986,-28.115746020140023,28.115746020140023,retracao,retracao
31,12 h,0.5,0.0,-90.02779000380374,90.02779000380374,90.02779000380374,estabilidade,retracao
31,1 dia,1.0,-60.0,-75.51959490829495,15.519594908294948,15.519594908294948,retracao,retracao
31,3 dias,3.0,-120.0,-59.645087907554455,-60.354912092445545,60.354912092445545,retracao,retracao
31,7 dias,7.0,-180.0,-62.068735776577114,-117.93126422342289,117.93126422342289,retracao,retracao
31,14 dias,14.0,-270.0,-185.93242170564,-84.06757829436,84.06757829436,retracao,retracao
31,28 dias,28.0,-380.0,-307.9470549107461,-72.05294508925391,72.05294508925391,retracao,retracao
31,56 dias,56.0,-500.0,-445.76016633508686,-54.239833664913135,54.239833664913135,retracao,retracao
32,12 h,0.5,0.0,7.23493908140226,-7.23493908140226,7.23493908140226,estabilidade,expansao
32,1 dia,1.0,70.0,21.527650029887454,48.472349970112546,48.472349970112546,expansao,expansao
32,3 dias,3.0,120.0,25.964680874187692,94.03531912581231,94.03531912581231,expansao,expansao
32,7 dias,7.0,170.0,23.04018141170893,146.95981858829106,146.95981858829106,expansao,expansao
32,14 dias,14.0,-50.0,-97.86905955410299,47.86905955410299,47.86905955410299,retracao,retracao
32,28 dias,28.0,-240.0,-215.08322493896475,-24.916775061035253,24.916775061035253,retracao,retracao
32,56 dias,56.0,-380.0,-347.7129945576095,-32.28700544239052,32.28700544239052,retracao,retracao
33,12 h,0.5,0.0,-86.00284259694678,86.00284259694678,86.00284259694678,estabilidade,retracao
33,1 dia,1.0,30.0,-80.63120133406343,110.63120133406343,110.63120133406343,expansao,retracao
33,3 dias,3.0,70.0,-76.62665067101898,146.62665067101898,146.62665067101898,expansao,retracao
33,7 dias,7.0,80.0,-84.0851752442106,164.0851752442106,164.0851752442106,expansao,retracao
33,14 dias,14.0,-90.0,-202.191550081828,112.19155008182801,112.19155008182801,retracao,retracao
33,28 dias,28.0,-280.0,-317.55400277123897,37.55400277123897,37.55400277123897,retracao,retracao
33,56 dias,56.0,-490.0,-451.373889798162,-38.626110201838,38.626110201838,retracao,retracao
34,12 h,0.5,0.0,30.148934743223265,-30.148934743223265,30.148934743223265,estabilidade,expansao
34,1 dia,1.0,20.0,44.65712983873209,-24.65712983873209,24.65712983873209,expansao,expansao
34,3 dias,3.0,50.0,60.53163683947258,-10.531636839472583,10.531636839472583,expansao,expansao
34,7 dias,7.0,90.0,58.107988970449924,31.892011029550076,31.892011029550076,expansao,expansao
34,14 dias,14.0,-40.0,-65.75569695861293,25.75569695861293,25.75569695861293,retracao,retracao
34,28 dias,28.0,-160.0,-187.77033016371905,27.770330163719052,27.770330163719052,retracao,retracao
34,56 dias,56.0,-350.0,-325.5834415880599,-24.416558411940116,24.416558411940116,retracao,retracao
35,12 h,0.5,0.0,-78.41756724335414,78.41756724335414,78.41756724335414,estabilidade,retracao
35,1 dia,1.0,-70.0,-64.12485629486896,-5.875143705131038,5.875143705131038,retracao,retracao
35,3 dias,3.0,-110.0,-59.687825450568724,-50.312174549431276,50.312174549431276,retracao,retracao
35,7 dias,7.0,-170.0,-62.61232491304749,-107.38767508695251,107.38767508695251,retracao,retracao
35,14 dias,14.0,-220.0,-183.52156587885938,-36.47843412114062,36.47843412114062,retracao,retracao
35,28 dias,28.0,-340.0,-300.73573126372116,-39.26426873627884,39.26426873627884,retracao,retracao
35,56 dias,56.0,-490.0,-433.36550088236584,-56.634499117634164,56.634499117634164,retracao,retracao
36,12 h,0.5,0.0,46.77395262103545,-46.77395262103545,46.77395262103545,estabilidade,expansao
36,1 dia,1.0,10.0,52.14559388391882,-42.14559388391882,42.14559388391882,expansao,expansao
36,3 dias,3.0,50.0,56.15014454696325,-6.150144546963247,6.150144546963247,expansao,expansao
36,7 dias,7.0,90.0,48.69161997377165,41.30838002622835,41.30838002622835,expansao,expansao
36,14 dias,14.0,-50.0,-69.41475486384577,19.414754863845772,19.414754863845772,retracao,retracao
36,28 dias,28.0,-180.0,-184.77720755325674,4.777207553256744,4.777207553256744,retracao,retracao
36,56 dias,56.0,-350.0,-318.5970945801797,-31.402905419820286,31.402905419820286,retracao,retracao
37,12 h,0.5,0.0,-74.5119767890322,74.5119767890322,74.5119767890322,estabilidade,retracao
37,1 dia,1.0,90.0,-60.00378169352342,150.00378169352342,150.00378169352342,expansao,retracao
37,3 dias,3.0,30.0,-44.12927469278293,74.12927469278293,74.12927469278293,expansao,retracao
37,7 dias,7.0,10.0,-46.55292256180559,56.55292256180559,56.55292256180559,expansao,retracao
37,14 dias,14.0,-150.0,-170.41660849086847,20.41660849086847,20.41660849086847,retracao,retracao
37,28 dias,28.0,-370.0,-292.43124169597456,-77.56875830402544,77.56875830402544,retracao,retracao
37,56 dias,56.0,-490.0,-430.2443531203154,-59.755646879684605,59.755646879684605,retracao,retracao
38,12 h,0.5,0.0,66.69619239376537,-66.69619239376537,66.69619239376537,estabilidade,expansao
38,1 dia,1.0,30.0,80.98890334225057,-50.988903342250566,50.988903342250566,expansao,expansao
38,3 dias,3.0,60.0,85.4259341865508,-25.425934186550805,25.425934186550805,expansao,expansao
38,7 dias,7.0,100.0,82.50143472407204,17.49856527592796,17.49856527592796,expansao,expansao
38,14 dias,14.0,-150.0,-38.40780624173989,-111.59219375826011,111.59219375826011,retracao,retracao
38,28 dias,28.0,-220.0,-155.62197162660163,-64.37802837339837,64.37802837339837,retracao,retracao
38,56 dias,56.0,-350.0,-288.25174124524636,-61.748258754753635,61.748258754753635,retracao,retracao
39,12 h,0.5,0.0,-129.46612879768628,129.46612879768628,129.46612879768628,estabilidade,retracao
39,1 dia,1.0,-90.0,-124.09448753480297,34.094487534802965,34.094487534802965,retracao,retracao
39,3 dias,3.0,-120.0,-120.08993687175851,0.0899368717585105,0.0899368717585105,retracao,retracao
39,7 dias,7.0,-160.0,-127.5484614449501,-32.45153855504989,32.45153855504989,retracao,retracao
39,14 dias,14.0,-210.0,-245.65483628256754,35.654836282567544,35.654836282567544,retracao,retracao
39,28 dias,28.0,-360.0,-361.0172889719785,1.0172889719784735,1.0172889719784735,retracao,retracao
39,56 dias,56.0,-490.0,-494.83717599890144,4.837175998901444,4.837175998901444,retracao,retracao
40,12 h,0.5,0.0,88.91647573293767,-88.91647573293767,88.91647573293767,estabilidade,expansao
40,1 dia,1.0,50.0,103.42467082844644,-53.42467082844644,53.42467082844644,expansao,expansao
40,3 dias,3.0,80.0,119.29917782918693,-39.29917782918693,39.29917782918693,expansao,expansao
40,7 dias,7.0,130.0,116.87552996016433,13.124470039835671,13.124470039835671,expansao,expansao
40,14 dias,14.0,-30.0,-6.988155968898553,-23.011844031101447,23.011844031101447,retracao,retracao
40,28 dias,28.0,-120.0,-129.00278917400465,9.002789174004647,9.002789174004647,retracao,retracao
40,56 dias,56.0,-340.0,-266.8159005983455,-73.18409940165452,73.18409940165452,retracao,retracao
41,12 h,0.5,0.0,38.203067343364566,-38.203067343364566,38.203067343364566,estabilidade,expansao
41,1 dia,1.0,20.0,52.49577829184976,-32.49577829184976,32.49577829184976,expansao,expansao
41,3 dias,3.0,60.0,56.93280913615003,3.067190863849973,3.067190863849973,expansao,expansao
41,7 dias,7.0,90.0,54.008309673671235,35.991690326328765,35.991690326328765,expansao,expansao
41,14 dias,14.0,-20.0,-66.90093129214065,46.900931292140655,46.900931292140655,retracao,retracao
41,28 dias,28.0,-150.0,-184.1150966770024,34.11509667700241,34.11509667700241,retracao,retracao
41,56 dias,56.0,-340.0,-316.74486629564717,-23.25513370435283,23.25513370435283,retracao,retracao
42,12 h,0.5,0.0,-77.57470936465302,77.57470936465302,77.57470936465302,estabilidade,retracao
42,1 dia,1.0,40.0,-72.20306810176967,112.20306810176967,112.20306810176967,expansao,retracao
42,3 dias,3.0,100.0,-68.19851743872519,168.1985174387252,168.1985174387252,expansao,retracao
42,7 dias,7.0,110.0,-75.65704201191683,185.65704201191681,185.65704201191681,expansao,retracao
42,14 dias,14.0,-60.0,-193.76341684953422,133.76341684953422,133.76341684953422,retracao,retracao
42,28 dias,28.0,-390.0,-309.12586953894527,-80.87413046105473,80.87413046105473,retracao,retracao
42,56 dias,56.0,-480.0,-442.94575656586824,-37.05424343413176,37.05424343413176,retracao,retracao
43,12 h,0.5,0.0,48.46825712983548,-48.46825712983548,48.46825712983548,estabilidade,expansao
43,1 dia,1.0,10.0,62.97645222534419,-52.97645222534419,52.97645222534419,expansao,expansao
43,3 dias,3.0,40.0,78.85095922608474,-38.85095922608474,38.85095922608474,expansao,expansao
43,7 dias,7.0,70.0,76.42731135706214,-6.427311357062138,6.427311357062138,expansao,expansao
43,14 dias,14.0,-70.0,-47.4363745720008,-22.5636254279992,22.5636254279992,retracao,retracao
43,28 dias,28.0,-210.0,-169.4510077771069,-40.548992222893105,40.548992222893105,retracao,retracao
43,56 dias,56.0,-340.0,-307.2641192014477,-32.73588079855227,32.73588079855227,retracao,retracao
44,12 h,0.5,0.0,-110.22533069067646,110.22533069067646,110.22533069067646,estabilidade,retracao
44,1 dia,1.0,10.0,-95.93261974219125,105.93261974219125,105.93261974219125,expansao,retracao
44,3 dias,3.0,-10.0,-91.49558889789101,81.49558889789101,81.49558889789101,retracao,retracao
44,7 dias,7.0,-60.0,-94.42008836036979,34.42008836036979,34.42008836036979,retracao,retracao
44,14 dias,14.0,-200.0,-215.32932932618166,15.329329326181664,15.329329326181664,retracao,retracao
44,28 dias,28.0,-400.0,-332.5434947110434,-67.45650528895658,67.45650528895658,retracao,retracao
44,56 dias,56.0,-480.0,-465.1732643296881,-14.826735670311905,14.826735670311905,retracao,retracao
45,12 h,0.5,0.0,88.78929893029135,-88.78929893029135,88.78929893029135,estabilidade,expansao
45,1 dia,1.0,160.0,94.16094019317472,65.83905980682528,65.83905980682528,expansao,expansao
45,3 dias,3.0,140.0,98.16549085621918,41.83450914378082,41.83450914378082,expansao,expansao
45,7 dias,7.0,110.0,90.70696628302758,19.293033716972417,19.293033716972417,expansao,expansao
45,14 dias,14.0,-30.0,-27.39940855458987,-2.6005914454101315,2.6005914454101315,retracao,retracao
45,28 dias,28.0,-220.0,-142.76186124400084,-77.23813875599916,77.23813875599916,retracao,retracao
45,56 dias,56.0,-330.0,-276.5817482709238,-53.41825172907619,53.41825172907619,retracao,retracao
46,12 h,0.5,0.0,-69.99635921755848,69.99635921755848,69.99635921755848,estabilidade,retracao
46,1 dia,1.0,-50.0,-55.48816412204968,5.488164122049682,5.488164122049682,retracao,retracao
46,3 dias,3.0,-100.0,-39.61365712130919,-60.38634287869081,60.38634287869081,retracao,retracao
46,7 dias,7.0,-160.0,-42.03730499033185,-117.96269500966815,117.96269500966815,retracao,retracao
46,14 dias,14.0,-250.0,-165.90099091939473,-84.09900908060527,84.09900908060527,retracao,retracao
46,28 dias,28.0,-350.0,-287.9156241245008,-62.08437587549918,62.08437587549918,retracao,retracao
46,56 dias,56.0,-480.0,-425.72873554884166,-54.271264451158345,54.271264451158345,retracao,retracao
47,12 h,0.5,0.0,60.28014581933702,-60.28014581933702,60.28014581933702,estabilidade,expansao
47,1 dia,1.0,40.0,74.57285676782222,-34.572856767822216,34.572856767822216,expansao,expansao
47,3 dias,3.0,80.0,79.00988761212245,0.9901123878775451,0.9901123878775451,expansao,expansao
47,7 dias,7.0,110.0,76.08538814964372,33.91461185035628,33.91461185035628,expansao,expansao
47,14 dias,14.0,-50.0,-44.823852816168184,-5.176147183831816,5.176147183831816,retracao,retracao
47,28 dias,28.0,-140.0,-162.03801820102996,22.038018201029956,22.038018201029956,retracao,retracao
47,56 dias,56.0,-330.0,-294.6677878196747,-35.332212180325314,35.332212180325314,retracao,retracao
48,12 h,0.5,0.0,-79.94926736405466,79.94926736405466,79.94926736405466,estabilidade,retracao
48,1 dia,1.0,-120.0,-74.57762610117133,-45.42237389882867,45.42237389882867,retracao,retracao
48,3 dias,3.0,-150.0,-70.57307543812686,-79.42692456187314,79.42692456187314,retracao,retracao
48,7 dias,7.0,-180.0,-78.03160001131849,-101.96839998868151,101.96839998868151,retracao,retracao
48,14 dias,14.0,-250.0,-196.13797484893593,-53.862025151064074,53.862025151064074,retracao,retracao
48,28 dias,28.0,-300.0,-311.5004275383469,11.500427538346912,11.500427538346912,retracao,retracao
48,56 dias,56.0,-470.0,-445.3203145652699,-24.679685434730118,24.679685434730118,retracao,retracao
49,12 h,0.5,0.0,68.73924595365821,-68.73924595365821,68.73924595365821,estabilidade,expansao
49,1 dia,1.0,30.0,83.24744104916704,-53.24744104916704,53.24744104916704,expansao,expansao
49,3 dias,3.0,60.0,99.12194804990753,-39.12194804990753,39.12194804990753,expansao,expansao
49,7 dias,7.0,90.0,96.69830018088493,-6.698300180884928,6.698300180884928,expansao,expansao
49,14 dias,14.0,-30.0,-27.16538574817801,-2.8346142518219892,2.8346142518219892,retracao,retracao
49,28 dias,28.0,-160.0,-149.1800189532841,-10.819981046715895,10.819981046715895,retracao,retracao
49,56 dias,56.0,-330.0,-286.99313037762494,-43.00686962237506,43.00686962237506,retracao,retracao
50,12 h,0.5,0.0,-23.801275899224976,23.801275899224976,23.801275899224976,estabilidade,retracao
50,1 dia,1.0,-120.0,-9.508564950739796,-110.4914350492602,110.4914350492602,retracao,retracao
50,3 dias,3.0,-150.0,-5.071534106439557,-144.92846589356043,144.92846589356043,retracao,retracao
50,7 dias,7.0,-180.0,-7.996033568918321,-172.00396643108166,172.00396643108166,retracao,retracao
50,14 dias,14.0,-250.0,-128.9052745347302,-121.09472546526979,121.09472546526979,retracao,retracao
50,28 dias,28.0,-300.0,-246.11943991959203,-53.880560080407975,53.880560080407975,retracao,retracao
50,56 dias,56.0,-470.0,-378.74920953823664,-91.25079046176336,91.25079046176336,retracao,retracao
51,12 h,0.5,0.0,79.51098581523163,-79.51098581523163,79.51098581523163,estabilidade,expansao
51,1 dia,1.0,40.0,84.88262707811498,-44.88262707811498,44.88262707811498,expansao,expansao
51,3 dias,3.0,90.0,88.88717774115943,1.1128222588405663,1.1128222588405663,expansao,expansao
51,7 dias,7.0,130.0,81.42865316796781,48.57134683203219,48.57134683203219,expansao,expansao
51,14 dias,14.0,-60.0,-36.6777216696496,-23.3222783303504,23.3222783303504,retracao,retracao
51,28 dias,28.0,-190.0,-152.0401743590606,-37.959825640939414,37.959825640939414,retracao,retracao
51,56 dias,56.0,-330.0,-285.86006138598356,-44.139938614016444,44.139938614016444,retracao,retracao
52,12 h,0.5,0.0,-112.08752512881557,112.08752512881557,112.08752512881557,estabilidade,retracao
52,1 dia,1.0,-60.0,-97.5793300333068,37.5793300333068,37.5793300333068,retracao,retracao
52,3 dias,3.0,-120.0,-81.70482303256631,-38.29517696743369,38.29517696743369,retracao,retracao
52,7 dias,7.0,-170.0,-84.12847090158894,-85.87152909841106,85.87152909841106,retracao,retracao
52,14 dias,14.0,-280.0,-207.99215683065182,-72.00784316934818,72.00784316934818,retracao,retracao
52,28 dias,28.0,-350.0,-330.0067900357579,-19.993209964242112,19.993209964242112,retracao,retracao
52,56 dias,56.0,-470.0,-467.8199014600987,-2.18009853990128,2.18009853990128,retracao,retracao
53,12 h,0.5,0.0,60.14643567823235,-60.14643567823235,60.14643567823235,estabilidade,expansao
53,1 dia,1.0,20.0,74.43914662671754,-54.439146626717545,54.439146626717545,expansao,expansao
53,3 dias,3.0,60.0,78.87617747101781,-18.87617747101781,18.87617747101781,expansao,expansao
53,7 dias,7.0,100.0,75.95167800853902,24.04832199146098,24.04832199146098,expansao,expansao
53,14 dias,14.0,-40.0,-44.957562957272856,4.957562957272856,4.957562957272856,retracao,retracao
53,28 dias,28.0,-130.0,-162.17172834213463,32.17172834213463,32.17172834213463,retracao,retracao
53,56 dias,56.0,-330.0,-294.8014979607794,-35.198502039220614,35.198502039220614,retracao,retracao
54,12 h,0.5,0.0,-319.30910056450136,319.30910056450136,319.30910056450136,estabilidade,retracao
54,1 dia,1.0,0.0,-313.937459301618,313.937459301618,313.937459301618,estabilidade,retracao
54,3 dias,3.0,10.0,-309.93290863857356,319.93290863857356,319.93290863857356,expansao,retracao
54,7 dias,7.0,20.0,-317.39143321176516,337.39143321176516,337.39143321176516,expansao,retracao
54,14 dias,14.0,-140.0,-435.49780804938257,295.49780804938257,295.49780804938257,retracao,retracao
54,28 dias,28.0,-290.0,-550.8602607387936,260.8602607387936,260.8602607387936,retracao,retracao
54,56 dias,56.0,-470.0,-684.6801477657166,214.68014776571658,214.68014776571658,retracao,retracao
55,12 h,0.5,0.0,90.6006744622934,-90.6006744622934,90.6006744622934,estabilidade,expansao
55,1 dia,1.0,30.0,105.10886955780217,-75.10886955780217,75.10886955780217,expansao,expansao
55,3 dias,3.0,60.0,120.98337655854272,-60.983376558542716,60.983376558542716,expansao,expansao
55,7 dias,7.0,100.0,118.55972868952006,-18.559728689520057,18.559728689520057,expansao,expansao
55,14 dias,14.0,-60.0,-5.303957239542768,-54.69604276045723,54.69604276045723,retracao,retracao
55,28 dias,28.0,-180.0,-127.31859044464888,-52.681409555351124,52.681409555351124,retracao,retracao
55,56 dias,56.0,-330.0,-265.1317018689897,-64.8682981310103,64.8682981310103,retracao,retracao
56,12 h,0.5,0.0,-100.21381257440233,100.21381257440233,100.21381257440233,estabilidade,retracao
56,1 dia,1.0,-50.0,-85.92110162591713,35.92110162591713,35.92110162591713,retracao,retracao
56,3 dias,3.0,-100.0,-81.48407078161686,-18.515929218383135,18.515929218383135,retracao,retracao
56,7 dias,7.0,-160.0,-84.40857024409564,-75.59142975590436,75.59142975590436,retracao,retracao
56,14 dias,14.0,-250.0,-205.31781120990755,-44.682188790092454,44.682188790092454,retracao,retracao
56,28 dias,28.0,-360.0,-322.53197659476933,-37.46802340523067,37.46802340523067,retracao,retracao
56,56 dias,56.0,-470.0,-455.161746213414,-14.838253786585994,14.838253786585994,retracao,retracao
57,12 h,0.5,0.0,64.86506714453753,-64.86506714453753,64.86506714453753,estabilidade,expansao
57,1 dia,1.0,30.0,70.23670840742088,-40.23670840742088,40.23670840742088,expansao,expansao
57,3 dias,3.0,70.0,74.24125907046539,-4.241259070465389,4.241259070465389,expansao,expansao
57,7 dias,7.0,110.0,66.78273449727376,43.217265502726235,43.217265502726235,expansao,expansao
57,14 dias,14.0,-20.0,-51.3236403403437,31.3236403403437,31.3236403403437,retracao,retracao
57,28 dias,28.0,-190.0,-166.68609302975466,-23.31390697024534,23.31390697024534,retracao,retracao
57,56 dias,56.0,-330.0,-300.50598005667763,-29.49401994332237,29.49401994332237,retracao,retracao
58,12 h,0.5,0.0,-18.01825519216996,18.01825519216996,18.01825519216996,estabilidade,retracao
58,1 dia,1.0,30.0,-3.5100600966611637,33.510060096661164,33.510060096661164,expansao,retracao
58,3 dias,3.0,70.0,12.364446904079301,57.6355530959207,57.6355530959207,expansao,expansao
58,7 dias,7.0,120.0,9.94079903505667,110.05920096494333,110.05920096494333,expansao,expansao
58,14 dias,14.0,-90.0,-113.92288689400621,23.92288689400621,23.92288689400621,retracao,retracao
58,28 dias,28.0,-200.0,-235.9375200991123,35.937520099112305,35.937520099112305,retracao,retracao
58,56 dias,56.0,-320.0,-373.75063152345314,53.75063152345314,53.75063152345314,retracao,retracao
59,12 h,0.5,0.0,-79.5989606047336,79.5989606047336,79.5989606047336,estabilidade,retracao
59,1 dia,1.0,40.0,-65.3062496562484,105.3062496562484,105.3062496562484,expansao,retracao
59,3 dias,3.0,90.0,-60.86921881194816,150.86921881194814,150.86921881194814,expansao,retracao
59,7 dias,7.0,110.0,-63.793718274426936,173.79371827442694,173.79371827442694,expansao,retracao
59,14 dias,14.0,-80.0,-184.70295924023884,104.70295924023884,104.70295924023884,retracao,retracao
59,28 dias,28.0,-360.0,-301.9171246251006,-58.0828753748994,58.0828753748994,retracao,retracao
59,56 dias,56.0,-460.0,-434.54689424374527,-25.45310575625473,25.45310575625473,retracao,retracao
60,12 h,0.5,0.0,-88.94224566568735,88.94224566568735,88.94224566568735,estabilidade,retracao
60,1 dia,1.0,-60.0,-83.57060440280401,23.57060440280401,23.57060440280401,retracao,retracao
60,3 dias,3.0,-120.0,-79.56605373975955,-40.43394626024045,40.43394626024045,retracao,retracao
60,7 dias,7.0,-170.0,-87.02457831295118,-82.97542168704882,82.97542168704882,retracao,retracao
60,14 dias,14.0,-210.0,-205.1309531505686,-4.869046849431413,4.869046849431413,retracao,retracao
60,28 dias,28.0,-340.0,-320.4934058399796,-19.506594160020427,19.506594160020427,retracao,retracao
60,56 dias,56.0,-460.0,-454.31329286690254,-5.686707133097457,5.686707133097457,retracao,retracao
61,12 h,0.5,0.0,-96.65793030164237,96.65793030164237,96.65793030164237,estabilidade,retracao
61,1 dia,1.0,-40.0,-82.14973520613357,42.14973520613357,42.14973520613357,retracao,retracao
61,3 dias,3.0,-80.0,-66.27522820539309,-13.724771794606909,13.724771794606909,retracao,retracao
61,7 dias,7.0,-160.0,-68.69887607441575,-91.30112392558425,91.30112392558425,retracao,retracao
61,14 dias,14.0,-230.0,-192.5625620034786,-37.437437996521396,37.437437996521396,retracao,retracao
61,28 dias,28.0,-340.0,-314.5771952085847,-25.422804791415274,25.422804791415274,retracao,retracao
61,56 dias,56.0,-460.0,-452.39030663292556,-7.609693367074442,7.609693367074442,retracao,retracao
62,12 h,0.5,0.0,44.29839178431932,-44.29839178431932,44.29839178431932,estabilidade,expansao
62,1 dia,1.0,50.0,58.591102732804515,-8.591102732804515,8.591102732804515,expansao,expansao
62,3 dias,3.0,50.0,63.028133577104754,-13.028133577104754,13.028133577104754,expansao,expansao
62,7 dias,7.0,10.0,60.10363411462599,-50.10363411462599,50.10363411462599,expansao,expansao
62,14 dias,14.0,-130.0,-60.8056068511859,-69.1943931488141,69.1943931488141,retracao,retracao
62,28 dias,28.0,-280.0,-178.01977223604766,-101.98022776395234,101.98022776395234,retracao,retracao
62,56 dias,56.0,-320.0,-310.64954185469236,-9.350458145307641,9.350458145307641,retracao,retracao
63,12 h,0.5,0.0,81.35929941149837,-81.35929941149837,81.35929941149837,estabilidade,expansao
63,1 dia,1.0,30.0,86.73094067438174,-56.73094067438174,56.73094067438174,expansao,expansao
63,3 dias,3.0,80.0,90.73549133742617,-10.735491337426168,10.735491337426168,expansao,expansao
63,7 dias,7.0,140.0,83.27696676423457,56.72303323576543,56.72303323576543,expansao,expansao
63,14 dias,14.0,-30.0,-34.829408073382865,4.829408073382865,4.829408073382865,retracao,retracao
63,28 dias,28.0,-130.0,-150.19186076279385,20.19186076279385,20.19186076279385,retracao,retracao
63,56 dias,56.0,-320.0,-284.0117477897168,-35.98825221028318,35.98825221028318,retracao,retracao
64,12 h,0.5,0.0,-78.68630412446385,78.68630412446385,78.68630412446385,estabilidade,retracao
64,1 dia,1.0,-90.0,-64.17810902895505,-25.82189097104495,25.82189097104495,retracao,retracao
64,3 dias,3.0,-140.0,-48.303602028214584,-91.69639797178542,91.69639797178542,retracao,retracao
64,7 dias,7.0,-180.0,-50.72724989723724,-129.27275010276276,129.27275010276276,retracao,retracao
64,14 dias,14.0,-240.0,-174.5909358263001,-65.4090641736999,65.4090641736999,retracao,retracao
64,28 dias,28.0,-330.0,-296.60556903140616,-33.39443096859384,33.39443096859384,retracao,retracao
64,56 dias,56.0,-450.0,-434.418680455747,-15.581319544253006,15.581319544253006,retracao,retracao
65,12 h,0.5,0.0,47.40985361545914,-47.40985361545914,47.40985361545914,estabilidade,expansao
65,1 dia,1.0,30.0,61.702564563944335,-31.702564563944335,31.702564563944335,expansao,expansao
65,3 dias,3.0,60.0,66.13959540824457,-6.139595408244574,6.139595408244574,expansao,expansao
65,7 dias,7.0,110.0,63.21509594576581,46.78490405423419,46.78490405423419,expansao,expansao
65,14 dias,14.0,-10.0,-57.69414502004608,47.69414502004608,47.69414502004608,retracao,retracao
65,28 dias,28.0,-100.0,-174.9083104049078,74.90831040490781,74.90831040490781,retracao,retracao
65,56 dias,56.0,-320.0,-307.5380800235526,-12.461919976447405,12.461919976447405,retracao,retracao
66,12 h,0.5,0.0,49.91708769932043,-49.91708769932043,49.91708769932043,estabilidade,expansao
66,1 dia,1.0,40.0,55.288728962203805,-15.288728962203805,15.288728962203805,expansao,expansao
66,3 dias,3.0,80.0,59.29327962524826,20.70672037475174,20.70672037475174,expansao,expansao
66,7 dias,7.0,120.0,51.834755052056664,68.16524494794334,68.16524494794334,expansao,expansao
66,14 dias,14.0,-40.0,-66.27161978556079,26.271619785560787,26.271619785560787,retracao,retracao
66,28 dias,28.0,-160.0,-181.6340724749718,21.634072474971788,21.634072474971788,retracao,retracao
66,56 dias,56.0,-320.0,-315.45395950189476,-4.546040498105242,4.546040498105242,retracao,retracao
67,12 h,0.5,0.0,-137.31443234999756,137.31443234999756,137.31443234999756,estabilidade,retracao
67,1 dia,1.0,-50.0,-122.80623725448878,72.80623725448878,72.80623725448878,retracao,retracao
67,3 dias,3.0,-100.0,-106.9317302537483,6.931730253748299,6.931730253748299,retracao,retracao
67,7 dias,7.0,-170.0,-109.35537812277094,-60.644621877229056,60.644621877229056,retracao,retracao
67,14 dias,14.0,-260.0,-233.2190640518338,-26.78093594816619,26.78093594816619,retracao,retracao
67,28 dias,28.0,-370.0,-355.2336972569399,-14.766302743060123,14.766302743060123,retracao,retracao
67,56 dias,56.0,-450.0,-493.04680868128077,43.046808681280766,43.046808681280766,retracao,retracao
68,12 h,0.5,0.0,44.41603586086079,-44.41603586086079,44.41603586086079,estabilidade,expansao
68,1 dia,1.0,20.0,58.70874680934598,-38.70874680934598,38.70874680934598,expansao,expansao
68,3 dias,3.0,60.0,63.14577765364622,-3.1457776536462205,3.1457776536462205,expansao,expansao
68,7 dias,7.0,100.0,60.22127819116746,39.77872180883254,39.77872180883254,expansao,expansao
68,14 dias,14.0,-30.0,-60.68796277464444,30.68796277464444,30.68796277464444,retracao,retracao
68,28 dias,28.0,-160.0,-177.90212815950622,17.90212815950622,17.90212815950622,retracao,retracao
68,56 dias,56.0,-320.0,-310.53189777815095,-9.468102221849051,9.468102221849051,retracao,retracao
69,12 h,0.5,0.0,-77.76320085883818,77.76320085883818,77.76320085883818,estabilidade,retracao
69,1 dia,1.0,-50.0,-72.39155959595485,22.391559595954845,22.391559595954845,retracao,retracao
69,3 dias,3.0,-110.0,-68.38700893291036,-41.61299106708964,41.61299106708964,retracao,retracao
69,7 dias,7.0,-160.0,-75.84553350610199,-84.15446649389801,84.15446649389801,retracao,retracao
69,14 dias,14.0,-260.0,-193.9519083437194,-66.0480916562806,66.0480916562806,retracao,retracao
69,28 dias,28.0,-350.0,-309.31436103313035,-40.68563896686965,40.68563896686965,retracao,retracao
69,56 dias,56.0,-450.0,-443.1342480600534,-6.86575193994662,6.86575193994662,retracao,retracao
70,12 h,0.5,0.0,12.661289565801695,-12.661289565801695,12.661289565801695,estabilidade,expansao
70,1 dia,1.0,20.0,27.16948466131049,-7.1694846613104914,7.1694846613104914,expansao,expansao
70,3 dias,3.0,40.0,43.043991662050985,-3.043991662050985,3.043991662050985,expansao,expansao
70,7 dias,7.0,90.0,40.620343793028326,49.379656206971674,49.379656206971674,expansao,expansao
70,14 dias,14.0,-40.0,-83.24334213603454,43.24334213603454,43.24334213603454,retracao,retracao
70,28 dias,28.0,-180.0,-205.25797534114065,25.25797534114065,25.25797534114065,retracao,retracao
70,56 dias,56.0,-320.0,-343.0710867654815,23.071086765481482,23.071086765481482,retracao,retracao
71,12 h,0.5,0.0,-148.5268859702092,148.5268859702092,148.5268859702092,estabilidade,retracao
71,1 dia,1.0,-50.0,-134.234175021724,84.23417502172401,84.23417502172401,retracao,retracao
71,3 dias,3.0,-110.0,-129.79714417742377,19.797144177423775,19.797144177423775,retracao,retracao
71,7 dias,7.0,-190.0,-132.72164363990254,-57.27835636009746,57.27835636009746,retracao,retracao
71,14 dias,14.0,-260.0,-253.6308846057144,-6.369115394285586,6.369115394285586,retracao,retracao
71,28 dias,28.0,-330.0,-370.84504999057623,40.84504999057623,40.84504999057623,retracao,retracao
71,56 dias,56.0,-450.0,-503.47481960922084,53.474819609220845,53.474819609220845,retracao,retracao
72,12 h,0.5,0.0,43.05877118010818,-43.05877118010818,43.05877118010818,estabilidade,expansao
72,1 dia,1.0,60.0,48.430412442991496,11.569587557008504,11.569587557008504,expansao,expansao
72,3 dias,3.0,80.0,52.43496310603598,27.56503689396402,27.56503689396402,expansao,expansao
72,7 dias,7.0,120.0,44.97643853284433,75.02356146715567,75.02356146715567,expansao,expansao
72,14 dias,14.0,80.0,-73.12993630477311,153.1299363047731,153.1299363047731,expansao,retracao
72,28 dias,28.0,-220.0,-188.4923889941841,-31.507611005815903,31.507611005815903,retracao,retracao
72,56 dias,56.0,-310.0,-322.3122760211071,12.312276021107095,12.312276021107095,retracao,retracao
73,12 h,0.5,0.0,-98.4052837122043,98.4052837122043,98.4052837122043,estabilidade,retracao
73,1 dia,1.0,-30.0,-83.89708861669551,53.89708861669551,53.89708861669551,retracao,retracao
73,3 dias,3.0,-80.0,-68.022581615955,-11.977418384044995,11.977418384044995,retracao,retracao
73,7 dias,7.0,-110.0,-70.44622948497766,-39.553770515022336,39.553770515022336,retracao,retracao
73,14 dias,14.0,-200.0,-194.30991541404055,-5.690084585959454,5.690084585959454,retracao,retracao
73,28 dias,28.0,-320.0,-316.3245486191466,-3.675451380853417,3.675451380853417,retracao,retracao
73,56 dias,56.0,-450.0,-454.1376600434874,4.137660043487415,4.137660043487415,retracao,retracao
74,12 h,0.5,0.0,27.066587650170348,-27.066587650170348,27.066587650170348,estabilidade,expansao
74,1 dia,1.0,80.0,41.35929859865551,38.64070140134449,38.64070140134449,expansao,expansao
74,3 dias,3.0,120.0,45.79632944295575,74.20367055704425,74.20367055704425,expansao,expansao
74,7 dias,7.0,150.0,42.87182998047699,107.12817001952301,107.12817001952301,expansao,expansao
74,14 dias,14.0,-50.0,-78.03741098533487,28.037410985334873,28.037410985334873,retracao,retracao
74,28 dias,28.0,-170.0,-195.2515763701967,25.251576370196688,25.251576370196688,retracao,retracao
74,56 dias,56.0,-310.0,-327.88134598884136,17.88134598884136,17.88134598884136,retracao,retracao
75,12 h,0.5,0.0,6.067032729847853,-6.067032729847853,6.067032729847853,estabilidade,expansao
75,1 dia,1.0,10.0,11.438673992731196,-1.4386739927311964,1.4386739927311964,expansao,expansao
75,3 dias,3.0,30.0,15.44322465577568,14.55677534422432,14.55677534422432,expansao,expansao
75,7 dias,7.0,70.0,7.984700082584055,62.015299917415945,62.015299917415945,expansao,expansao
75,14 dias,14.0,-150.0,-110.12167475503338,-39.87832524496662,39.87832524496662,retracao,retracao
75,28 dias,28.0,-230.0,-225.48412744444434,-4.51587255555566,4.51587255555566,retracao,retracao
75,56 dias,56.0,-310.0,-359.3040144713673,49.30401447136728,49.30401447136728,retracao,retracao
76,12 h,0.5,0.0,-91.42241029116568,91.42241029116568,91.42241029116568,estabilidade,retracao
76,1 dia,1.0,-60.0,-76.91421519565691,16.914215195656908,16.914215195656908,retracao,retracao
76,3 dias,3.0,-100.0,-61.039708194916415,-38.960291805083585,38.960291805083585,retracao,retracao
76,7 dias,7.0,-150.0,-63.463356063939045,-86.53664393606095,86.53664393606095,retracao,retracao
76,14 dias,14.0,-210.0,-187.32704199300193,-22.672958006998073,22.672958006998073,retracao,retracao
76,28 dias,28.0,-300.0,-309.341675198108,9.341675198108021,9.341675198108021,retracao,retracao
76,56 dias,56.0,-450.0,-447.15478662244885,-2.845213377551147,2.845213377551147,retracao,retracao
77,12 h,0.5,0.0,68.80382600160344,-68.80382600160344,68.80382600160344,estabilidade,expansao
77,1 dia,1.0,30.0,83.09653695008863,-53.096536950088634,53.096536950088634,expansao,expansao
77,3 dias,3.0,-50.0,87.53356779438887,-137.5335677943889,137.5335677943889,retracao,expansao
77,7 dias,7.0,-90.0,84.60906833191011,-174.60906833191012,174.60906833191012,retracao,expansao
77,14 dias,14.0,-150.0,-36.30017263390178,-113.69982736609822,113.69982736609822,retracao,retracao
77,28 dias,28.0,-200.0,-153.51433801876357,-46.48566198123643,46.48566198123643,retracao,retracao
77,56 dias,56.0,-310.0,-286.14410763740824,-23.85589236259176,23.85589236259176,retracao,retracao
78,12 h,0.5,0.0,98.93890523002005,-98.93890523002005,98.93890523002005,estabilidade,expansao
78,1 dia,1.0,60.0,104.31054649290343,-44.31054649290343,44.31054649290343,expansao,expansao
78,3 dias,3.0,90.0,108.31509715594785,-18.315097155947853,18.315097155947853,expansao,expansao
78,7 dias,7.0,120.0,100.85657258275629,19.143427417243714,19.143427417243714,expansao,expansao
78,14 dias,14.0,-30.0,-17.249802254861166,-12.750197745138834,12.750197745138834,retracao,retracao
78,28 dias,28.0,-140.0,-132.61225494427214,-7.387745055727862,7.387745055727862,retracao,retracao
78,56 dias,56.0,-310.0,-266.4321419711951,-43.56785802880489,43.56785802880489,retracao,retracao
79,12 h,0.5,0.0,-68.71434393441467,68.71434393441467,68.71434393441467,estabilidade,retracao
79,1 dia,1.0,-70.0,-54.206148838905904,-15.793851161094096,15.793851161094096,retracao,retracao
79,3 dias,3.0,-90.0,-38.33164183816541,-51.66835816183459,51.66835816183459,retracao,retracao
79,7 dias,7.0,-130.0,-40.75528970718807,-89.24471029281193,89.24471029281193,retracao,retracao
79,14 dias,14.0,-200.0,-164.61897563625092,-35.38102436374908,35.38102436374908,retracao,retracao
79,28 dias,28.0,-320.0,-286.63360884135705,-33.366391158642955,33.366391158642955,retracao,retracao
79,56 dias,56.0,-440.0,-424.4467202656979,-15.553279734302123,15.553279734302123,retracao,retracao
80,12 h,0.5,0.0,70.91519369945023,-70.91519369945023,70.91519369945023,estabilidade,expansao
80,1 dia,1.0,60.0,85.20790464793542,-25.207904647935422,25.207904647935422,expansao,expansao
80,3 dias,3.0,80.0,89.64493549223566,-9.64493549223566,9.64493549223566,expansao,expansao
80,7 dias,7.0,120.0,86.7204360297569,33.2795639702431,33.2795639702431,expansao,expansao
80,14 dias,14.0,80.0,-34.18880493605498,114.18880493605498,114.18880493605498,expansao,retracao
80,28 dias,28.0,-220.0,-151.40297032091678,-68.59702967908322,68.59702967908322,retracao,retracao
80,56 dias,56.0,-310.0,-284.03273993956145,-25.967260060438548,25.967260060438548,retracao,retracao
81,12 h,0.5,0.0,50.60728977545767,-50.60728977545767,50.60728977545767,estabilidade,expansao
81,1 dia,1.0,40.0,55.978931038341045,-15.978931038341045,15.978931038341045,expansao,expansao
81,3 dias,3.0,90.0,59.98348170138547,30.01651829861453,30.01651829861453,expansao,expansao
81,7 dias,7.0,120.0,52.52495712819385,67.47504287180615,67.47504287180615,expansao,expansao
81,14 dias,14.0,-50.0,-65.58141770942356,15.581417709423562,15.581417709423562,retracao,retracao
81,28 dias,28.0,-130.0,-180.94387039883458,50.94387039883458,50.94387039883458,retracao,retracao
81,56 dias,56.0,-310.0,-314.76375742575755,4.763757425757547,4.763757425757547,retracao,retracao
82,12 h,0.5,0.0,-147.9446737733808,147.9446737733808,147.9446737733808,estabilidade,retracao
82,1 dia,1.0,-90.0,-133.436478677872,43.436478677872,43.436478677872,retracao,retracao
82,3 dias,3.0,-140.0,-117.56197167713152,-22.438028322868476,22.438028322868476,retracao,retracao
82,7 dias,7.0,-210.0,-119.98561954615417,-90.01438045384583,90.01438045384583,retracao,retracao
82,14 dias,14.0,-270.0,-243.84930547521705,-26.15069452478295,26.15069452478295,retracao,retracao
82,28 dias,28.0,-320.0,-365.86393868032314,45.863938680323145,45.863938680323145,retracao,retracao
82,56 dias,56.0,-440.0,-503.6770501046639,63.67705010466392,63.67705010466392,retracao,retracao
83,12 h,0.5,0.0,130.44299480351702,-130.44299480351702,130.44299480351702,estabilidade,expansao
83,1 dia,1.0,30.0,144.73570575200222,-114.73570575200222,114.73570575200222,expansao,expansao
83,3 dias,3.0,90.0,149.17273659630246,-59.17273659630246,59.17273659630246,expansao,expansao
83,7 dias,7.0,150.0,146.2482371338237,3.751762866176307,3.751762866176307,expansao,expansao
83,14 dias,14.0,10.0,25.338996168011747,-15.338996168011747,15.338996168011747,expansao,expansao
83,28 dias,28.0,-180.0,-91.87516921685,-88.12483078315,88.12483078315,retracao,retracao
83,56 dias,56.0,-310.0,-224.50493883549473,-85.49506116450527,85.49506116450527,retracao,retracao
84,12 h,0.5,0.0,65.8441141114792,-65.8441141114792,65.8441141114792,estabilidade,expansao
84,1 dia,1.0,30.0,71.21575537436257,-41.21575537436257,41.21575537436257,expansao,expansao
84,3 dias,3.0,70.0,75.22030603740706,-5.220306037407056,5.220306037407056,expansao,expansao
84,7 dias,7.0,120.0,67.76178146421546,52.23821853578454,52.23821853578454,expansao,expansao
84,14 dias,14.0,-50.0,-50.344593373402006,0.3445933734020059,0.3445933734020059,retracao,retracao
84,28 dias,28.0,-150.0,-165.707046062813,15.707046062812992,15.707046062812992,retracao,retracao
84,56 dias,56.0,-310.0,-299.52693308973596,-10.473066910264038,10.473066910264038,retracao,retracao
85,12 h,0.5,0.0,-91.39093144529848,91.39093144529848,91.39093144529848,estabilidade,retracao
85,1 dia,1.0,-40.0,-76.8827363497897,36.882736349789695,36.882736349789695,retracao,retracao
85,3 dias,3.0,-90.0,-61.0082293490492,-28.991770650950798,28.991770650950798,retracao,retracao
85,7 dias,7.0,-140.0,-63.43187721807186,-76.56812278192814,76.56812278192814,retracao,retracao
85,14 dias,14.0,-220.0,-187.29556314713474,-32.70443685286526,32.70443685286526,retracao,retracao
85,28 dias,28.0,-300.0,-309.31019635224084,9.310196352240837,9.310196352240837,retracao,retracao
85,56 dias,56.0,-440.0,-447.12330777658167,7.123307776581669,7.123307776581669,retracao,retracao
86,12 h,0.5,0.0,29.38958486207487,-29.38958486207487,29.38958486207487,estabilidade,expansao
86,1 dia,1.0,40.0,43.682295810560035,-3.682295810560035,3.682295810560035,expansao,expansao
86,3 dias,3.0,70.0,48.119326654860274,21.880673345139726,21.880673345139726,expansao,expansao
86,7 dias,7.0,90.0,45.19482719238151,44.80517280761849,44.80517280761849,expansao,expansao
86,14 dias,14.0,-30.0,-75.71441377343037,45.714413773430365,45.714413773430365,retracao,retracao
86,28 dias,28.0,-150.0,-192.9285791582921,42.92857915829211,42.92857915829211,retracao,retracao
86,56 dias,56.0,-310.0,-325.55834877693684,15.558348776936839,15.558348776936839,retracao,retracao
87,12 h,0.5,0.0,95.99123441937095,-95.99123441937095,95.99123441937095,estabilidade,expansao
87,1 dia,1.0,40.0,101.3628756822543,-61.3628756822543,61.3628756822543,expansao,expansao
87,3 dias,3.0,110.0,105.36742634529872,4.632573654701275,4.632573654701275,expansao,expansao
87,7 dias,7.0,150.0,97.90890177210713,52.09109822789287,52.09109822789287,expansao,expansao
87,14 dias,14.0,0.0,-20.19747306551028,20.19747306551028,20.19747306551028,estabilidade,retracao
87,28 dias,28.0,-90.0,-135.55992575492127,45.55992575492127,45.55992575492127,retracao,retracao
87,56 dias,56.0,-300.0,-269.37981278184424,-30.620187218155763,30.620187218155763,retracao,retracao
88,12 h,0.5,0.0,-90.02779000380374,90.02779000380374,90.02779000380374,estabilidade,retracao
88,1 dia,1.0,-50.0,-75.51959490829495,25.51959490829495,25.51959490829495,retracao,retracao
88,3 dias,3.0,-90.0,-59.645087907554455,-30.354912092445545,30.354912092445545,retracao,retracao
88,7 dias,7.0,-160.0,-62.068735776577114,-97.93126422342289,97.93126422342289,retracao,retracao
88,14 dias,14.0,-200.0,-185.93242170564,-14.067578294360004,14.067578294360004,retracao,retracao
88,28 dias,28.0,-310.0,-307.9470549107461,-2.0529450892539103,2.0529450892539103,retracao,retracao
88,56 dias,56.0,-440.0,-445.76016633508686,5.760166335086865,5.760166335086865,retracao,retracao
89,12 h,0.5,0.0,93.94332006190528,-93.94332006190528,93.94332006190528,estabilidade,expansao
89,1 dia,1.0,40.0,108.23603101039045,-68.23603101039045,68.23603101039045,expansao,expansao
89,3 dias,3.0,100.0,112.67306185469069,-12.673061854690687,12.673061854690687,expansao,expansao
89,7 dias,7.0,150.0,109.7485623922119,40.251437607788105,40.251437607788105,expansao,expansao
89,14 dias,14.0,-10.0,-11.16067857359998,1.1606785735999807,1.1606785735999807,retracao,retracao
89,28 dias,28.0,-130.0,-128.37484395846172,-1.6251560415382755,1.6251560415382755,retracao,retracao
89,56 dias,56.0,-300.0,-261.00461357710645,-38.995386422893546,38.995386422893546,retracao,retracao
90,12 h,0.5,0.0,-103.15275840474587,103.15275840474587,103.15275840474587,estabilidade,retracao
90,1 dia,1.0,-30.0,-97.7811171418625,67.7811171418625,67.7811171418625,retracao,retracao
90,3 dias,3.0,-70.0,-93.77656647881808,23.776566478818083,23.776566478818083,retracao,retracao
90,7 dias,7.0,-120.0,-101.2350910520097,-18.764908947990307,18.764908947990307,retracao,retracao
90,14 dias,14.0,-190.0,-219.3414658896271,29.341465889627102,29.341465889627102,retracao,retracao
90,28 dias,28.0,-260.0,-334.70391857903815,74.70391857903815,74.70391857903815,retracao,retracao
90,56 dias,56.0,-440.0,-468.5238056059611,28.523805605961115,28.523805605961115,retracao,retracao
91,12 h,0.5,0.0,59.750914351945,-59.750914351945,59.750914351945,estabilidade,expansao
91,1 dia,1.0,30.0,74.25910944745374,-44.25910944745374,44.25910944745374,expansao,expansao
91,3 dias,3.0,80.0,90.13361644819429,-10.133616448194289,10.133616448194289,expansao,expansao
91,7 dias,7.0,110.0,87.70996857917169,22.290031420828313,22.290031420828313,expansao,expansao
91,14 dias,14.0,-50.0,-36.15371734989128,-13.84628265010872,13.84628265010872,retracao,retracao
91,28 dias,28.0,-160.0,-158.16835055499737,-1.8316494450026255,1.8316494450026255,retracao,retracao
91,56 dias,56.0,-300.0,-295.9814619793382,-4.018538020661822,4.018538020661822,retracao,retracao
92,12 h,0.5,0.0,-94.22939311792176,94.22939311792176,94.22939311792176,estabilidade,retracao
92,1 dia,1.0,-30.0,-79.93668216943657,49.936682169436565,49.936682169436565,retracao,retracao
92,3 dias,3.0,-100.0,-75.49965132513633,-24.500348674863673,24.500348674863673,retracao,retracao
92,7 dias,7.0,-150.0,-78.4241507876151,-71.5758492123849,71.5758492123849,retracao,retracao
92,14 dias,14.0,-210.0,-199.333391753427,-10.666608246572991,10.666608246572991,retracao,retracao
92,28 dias,28.0,-290.0,-316.54755713828877,26.547557138288767,26.547557138288767,retracao,retracao
92,56 dias,56.0,-440.0,-449.17732675693344,9.17732675693344,9.17732675693344,retracao,retracao
93,12 h,0.5,0.0,74.23880285739597,-74.23880285739597,74.23880285739597,estabilidade,expansao
93,1 dia,1.0,30.0,79.61044412027928,-49.61044412027928,49.61044412027928,expansao,expansao
93,3 dias,3.0,70.0,83.61499478332377,-13.614994783323766,13.614994783323766,expansao,expansao
93,7 dias,7.0,100.0,76.15647021013214,23.84352978986786,23.84352978986786,expansao,expansao
93,14 dias,14.0,-70.0,-41.94990462748531,-28.05009537251469,28.05009537251469,retracao,retracao
93,28 dias,28.0,-170.0,-157.3123573168963,-12.68764268310369,12.68764268310369,retracao,retracao
93,56 dias,56.0,-300.0,-291.13224434381925,-8.867755656180748,8.867755656180748,retracao,retracao
94,12 h,0.5,0.0,-123.32398124300133,123.32398124300133,123.32398124300133,estabilidade,retracao
94,1 dia,1.0,-50.0,-108.81578614749255,58.815786147492545,58.815786147492545,retracao,retracao
94,3 dias,3.0,-100.0,-92.94127914675205,-7.058720853247948,7.058720853247948,retracao,retracao
94,7 dias,7.0,-160.0,-95.36492701577471,-64.63507298422529,64.63507298422529,retracao,retracao
94,14 dias,14.0,-260.0,-219.22861294483758,-40.77138705516242,40.77138705516242,retracao,retracao
94,28 dias,28.0,-340.0,-341.2432461499436,1.2432461499436158,1.2432461499436158,retracao,retracao
94,56 dias,56.0,-440.0,-479.0563575742845,39.056357574284505,39.056357574284505,retracao,retracao
95,12 h,0.5,0.0,54.475078904456026,-54.475078904456026,54.475078904456026,estabilidade,expansao
95,1 dia,1.0,20.0,68.76778985294122,-48.76778985294122,48.76778985294122,expansao,expansao
95,3 dias,3.0,80.0,73.20482069724146,6.795179302758541,6.795179302758541,expansao,expansao
95,7 dias,7.0,120.0,70.2803212347627,49.719678765237305,49.719678765237305,expansao,expansao
95,14 dias,14.0,-20.0,-50.628919731049194,30.628919731049194,30.628919731049194,retracao,retracao
95,28 dias,28.0,-120.0,-167.84308511591098,47.84308511591098,47.84308511591098,retracao,retracao
95,56 dias,56.0,-300.0,-300.4728547345557,0.47285473455571037,0.47285473455571037,retracao,retracao
96,12 h,0.5,0.0,49.625017751733225,-49.625017751733225,49.625017751733225,estabilidade,expansao
96,1 dia,1.0,90.0,54.99665901461657,35.00334098538343,35.00334098538343,expansao,expansao
96,3 dias,3.0,140.0,59.00120967766105,80.99879032233895,80.99879032233895,expansao,expansao
96,7 dias,7.0,160.0,51.54268510446943,108.45731489553057,108.45731489553057,expansao,expansao
96,14 dias,14.0,-50.0,-66.56368973314801,16.56368973314801,16.56368973314801,retracao,retracao
96,28 dias,28.0,-160.0,-181.926142422559,21.926142422558996,21.926142422558996,retracao,retracao
96,56 dias,56.0,-290.0,-315.74602944948197,25.746029449481966,25.746029449481966,retracao,retracao
97,12 h,0.5,0.0,1.1755476739037363,-1.1755476739037363,1.1755476739037363,estabilidade,expansao
97,1 dia,1.0,80.0,15.683742769412504,64.3162572305875,64.3162572305875,expansao,expansao
97,3 dias,3.0,-50.0,31.558249770153026,-81.55824977015303,81.55824977015303,retracao,expansao
97,7 dias,7.0,-100.0,29.134601901130395,-129.1346019011304,129.1346019011304,retracao,expansao
97,14 dias,14.0,-170.0,-94.72908402793254,-75.27091597206746,75.27091597206746,retracao,retracao
97,28 dias,28.0,-230.0,-216.74371723303864,-13.256282766961363,13.256282766961363,retracao,retracao
97,56 dias,56.0,-290.0,-354.5568286573794,64.55682865737941,64.55682865737941,retracao,retracao
98,12 h,0.5,0.0,-94.08868016705432,94.08868016705432,94.08868016705432,estabilidade,retracao
98,1 dia,1.0,-50.0,-79.79596921856911,29.795969218569113,29.795969218569113,retracao,retracao
98,3 dias,3.0,-120.0,-75.35893837426887,-44.641061625731126,44.641061625731126,retracao,retracao
98,7 dias,7.0,-180.0,-78.28343783674765,-101.71656216325235,101.71656216325235,retracao,retracao
98,14 dias,14.0,-220.0,-199.19267880255956,-20.807321197440444,20.807321197440444,retracao,retracao
98,28 dias,28.0,-350.0,-316.4068441874213,-33.593155812578686,33.593155812578686,retracao,retracao
98,56 dias,56.0,-440.0,-449.03661380606604,9.036613806066043,9.036613806066043,retracao,retracao
99,12 h,0.5,0.0,114.61384415335613,-114.61384415335613,114.61384415335613,estabilidade,expansao
99,1 dia,1.0,40.0,119.98548541623944,-79.98548541623944,79.98548541623944,expansao,expansao
99,3 dias,3.0,80.0,123.99003607928393,-43.990036079283925,43.990036079283925,expansao,expansao
99,7 dias,7.0,130.0,116.53151150609233,13.468488493907671,13.468488493907671,expansao,expansao
99,14 dias,14.0,-60.0,-1.5748633315251084,-58.42513666847489,58.42513666847489,retracao,retracao
99,28 dias,28.0,-170.0,-116.9373160209361,-53.062683979063905,53.062683979063905,retracao,retracao
99,56 dias,56.0,-290.0,-250.75720304785904,-39.242796952140964,39.242796952140964,retracao,retracao
100,12 h,0.5,0.0,-106.63488759202589,106.63488759202589,106.63488759202589,estabilidade,retracao
100,1 dia,1.0,-40.0,-92.12669249651712,52.12669249651712,52.12669249651712,retracao,retracao
100,3 dias,3.0,-70.0,-76.25218549577662,6.252185495776615,6.252185495776615,retracao,retracao
100,7 dias,7.0,-120.0,-78.67583336479927,-41.324166635200726,41.324166635200726,retracao,retracao
100,14 dias,14.0,-210.0,-202.53951929386216,-7.460480706137844,7.460480706137844,retracao,retracao
100,28 dias,28.0,-330.0,-324.5541524989682,-5.445847501031778,5.445847501031778,retracao,retracao
100,56 dias,56.0,-440.0,-462.3672639233091,22.36726392330911,22.36726392330911,retracao,retracao
101,12 h,0.5,0.0,93.94332006190528,-93.94332006190528,93.94332006190528,estabilidade,expansao
101,1 dia,1.0,50.0,108.23603101039045,-58.23603101039045,58.23603101039045,expansao,expansao
101,3 dias,3.0,100.0,112.67306185469069,-12.673061854690687,12.673061854690687,expansao,expansao
101,7 dias,7.0,160.0,109.7485623922119,50.251437607788105,50.251437607788105,expansao,expansao
101,14 dias,14.0,10.0,-11.16067857359998,21.16067857359998,21.16067857359998,expansao,retracao
101,28 dias,28.0,-130.0,-128.37484395846172,-1.6251560415382755,1.6251560415382755,retracao,retracao
101,56 dias,56.0,-290.0,-261.00461357710645,-28.995386422893546,28.995386422893546,retracao,retracao
102,12 h,0.5,0.0,80.22969387796596,-80.22969387796596,80.22969387796596,estabilidade,expansao
102,1 dia,1.0,60.0,85.6013351408493,-25.6013351408493,25.6013351408493,expansao,expansao
102,3 dias,3.0,110.0,89.60588580389376,20.394114196106244,20.394114196106244,expansao,expansao
102,7 dias,7.0,160.0,82.14736123070216,77.85263876929784,77.85263876929784,expansao,expansao
102,14 dias,14.0,10.0,-35.95901360691526,45.95901360691526,45.95901360691526,expansao,retracao
102,28 dias,28.0,-140.0,-151.32146629632626,11.321466296326264,11.321466296326264,retracao,retracao
102,56 dias,56.0,-290.0,-285.1413533232492,-4.858646676750823,4.858646676750823,retracao,retracao
103,12 h,0.5,0.0,-112.35969252629364,112.35969252629364,112.35969252629364,estabilidade,retracao
103,1 dia,1.0,-60.0,-97.85149743078486,37.85149743078486,37.85149743078486,retracao,retracao
103,3 dias,3.0,-120.0,-81.97699043004437,-38.02300956995563,38.02300956995563,retracao,retracao
103,7 dias,7.0,-160.0,-84.40063829906703,-75.59936170093297,75.59936170093297,retracao,retracao
103,14 dias,14.0,-260.0,-208.2643242281299,-51.73567577187009,51.73567577187009,retracao,retracao
103,28 dias,28.0,-350.0,-330.278957433236,-19.721042566764027,19.721042566764027,retracao,retracao
103,56 dias,56.0,-430.0,-468.0920688575768,38.092068857576805,38.092068857576805,retracao,retracao
104,12 h,0.5,0.0,86.4652691364942,-86.4652691364942,86.4652691364942,estabilidade,expansao
104,1 dia,1.0,50.0,100.75798008497934,-50.75798008497934,50.75798008497934,expansao,expansao
104,3 dias,3.0,80.0,105.19501092927963,-25.195010929279633,25.195010929279633,expansao,expansao
104,7 dias,7.0,110.0,102.27051146680081,7.729488533199188,7.729488533199188,expansao,expansao
104,14 dias,14.0,-30.0,-18.638729499011063,-11.361270500988937,11.361270500988937,retracao,retracao
104,28 dias,28.0,-150.0,-135.85289488387284,-14.147105116127165,14.147105116127165,retracao,retracao
104,56 dias,56.0,-290.0,-268.4826645025176,-21.517335497482406,21.517335497482406,retracao,retracao
105,12 h,0.5,0.0,81.0897527427224,-81.0897527427224,81.0897527427224,estabilidade,expansao
105,1 dia,1.0,30.0,86.46139400560577,-56.46139400560577,56.46139400560577,expansao,expansao
105,3 dias,3.0,90.0,90.46594466865025,-0.46594466865025197,0.46594466865025197,expansao,expansao
105,7 dias,7.0,110.0,83.00742009545866,26.992579904541344,26.992579904541344,expansao,expansao
105,14 dias,14.0,-30.0,-35.09895474215881,5.09895474215881,5.09895474215881,retracao,retracao
105,28 dias,28.0,-130.0,-150.4614074315698,20.461407431569796,20.461407431569796,retracao,retracao
105,56 dias,56.0,-290.0,-284.28129445849277,-5.718705541507234,5.718705541507234,retracao,retracao
106,12 h,0.5,0.0,-42.37321985215942,42.37321985215942,42.37321985215942,estabilidade,retracao
106,1 dia,1.0,-50.0,-27.865024756650655,-22.134975243349345,22.134975243349345,retracao,retracao
106,3 dias,3.0,-90.0,-11.990517755910162,-78.00948224408984,78.00948224408984,retracao,retracao
106,7 dias,7.0,-170.0,-14.41416562493282,-155.58583437506718,155.58583437506718,retracao,retracao
106,14 dias,14.0,-240.0,-138.27785155399567,-101.72214844600433,101.72214844600433,retracao,retracao
106,28 dias,28.0,-360.0,-260.29248475910174,-99.70751524089826,99.70751524089826,retracao,retracao
106,56 dias,56.0,-430.0,-398.1055961834426,-31.89440381655743,31.89440381655743,retracao,retracao
107,12 h,0.5,0.0,13.479271747365246,-13.479271747365246,13.479271747365246,estabilidade,expansao
107,1 dia,1.0,20.0,27.77198269585044,-7.77198269585044,7.77198269585044,expansao,expansao
107,3 dias,3.0,50.0,32.20901354015071,17.790986459849293,17.790986459849293,expansao,expansao
107,7 dias,7.0,80.0,29.284514077671915,50.715485922328085,50.715485922328085,expansao,expansao
107,14 dias,14.0,-50.0,-91.62472688813997,41.624726888139975,41.624726888139975,retracao,retracao
107,28 dias,28.0,-150.0,-208.8388922730017,58.838892273001704,58.838892273001704,retracao,retracao
107,56 dias,56.0,-360.0,-341.46866189164643,-18.531338108353566,18.531338108353566,retracao,retracao
108,12 h,0.5,0.0,116.6070450356732,-116.6070450356732,116.6070450356732,estabilidade,expansao
108,1 dia,1.0,60.0,121.97868629855657,-61.97868629855657,61.97868629855657,expansao,expansao
108,3 dias,3.0,110.0,125.98323696160105,-15.983236961601051,15.983236961601051,expansao,expansao
108,7 dias,7.0,160.0,118.5247123884094,41.4752876115906,41.4752876115906,expansao,expansao
108,14 dias,14.0,10.0,0.4183375507919891,9.581662449208011,9.581662449208011,expansao,expansao
108,28 dias,28.0,-140.0,-114.944115138619,-25.055884861381003,25.055884861381003,retracao,retracao
108,56 dias,56.0,-290.0,-248.76400216554197,-41.23599783445803,41.23599783445803,retracao,retracao
109,12 h,0.5,0.0,-70.0695239851656,70.0695239851656,70.0695239851656,estabilidade,retracao
109,1 dia,1.0,-70.0,-55.56132888965681,-14.438671110343194,14.438671110343194,retracao,retracao
109,3 dias,3.0,-110.0,-39.68682188891631,-70.31317811108369,70.31317811108369,retracao,retracao
109,7 dias,7.0,-180.0,-42.11046975793897,-137.88953024206103,137.88953024206103,retracao,retracao
109,14 dias,14.0,-260.0,-165.97415568700185,-94.02584431299815,94.02584431299815,retracao,retracao
109,28 dias,28.0,-340.0,-287.98878889210795,-52.01121110789205,52.01121110789205,retracao,retracao
109,56 dias,56.0,-430.0,-425.8019003164487,-4.198099683551277,4.198099683551277,retracao,retracao
110,12 h,0.5,0.0,4.665789266075549,-4.665789266075549,4.665789266075549,estabilidade,expansao
110,1 dia,1.0,10.0,18.958500214560715,-8.958500214560715,8.958500214560715,expansao,expansao
110,3 dias,3.0,30.0,23.395531058860954,6.6044689411390465,6.6044689411390465,expansao,expansao
110,7 dias,7.0,60.0,20.47103159638219,39.52896840361781,39.52896840361781,expansao,expansao
110,14 dias,14.0,-50.0,-100.43820936942969,50.438209369429686,50.438209369429686,retracao,retracao
110,28 dias,28.0,-170.0,-217.65237475429143,47.65237475429143,47.65237475429143,retracao,retracao
110,56 dias,56.0,-390.0,-350.28214437293616,-39.71785562706384,39.71785562706384,retracao,retracao
111,12 h,0.5,0.0,103.91803166973466,-103.91803166973466,103.91803166973466,estabilidade,expansao
111,1 dia,1.0,50.0,109.28967293261803,-59.28967293261803,59.28967293261803,expansao,expansao
111,3 dias,3.0,90.0,113.29422359566246,-23.29422359566246,23.29422359566246,expansao,expansao
111,7 dias,7.0,120.0,105.83569902247086,14.164300977529138,14.164300977529138,expansao,expansao
111,14 dias,14.0,-20.0,-12.270675815146575,-7.729324184853425,7.729324184853425,retracao,retracao
111,28 dias,28.0,-120.0,-127.63312850455753,7.633128504557533,7.633128504557533,retracao,retracao
111,56 dias,56.0,-290.0,-261.45301553148056,-28.54698446851944,28.54698446851944,retracao,retracao
112,12 h,0.5,0.0,-52.35859223472136,52.35859223472136,52.35859223472136,estabilidade,retracao
112,1 dia,1.0,-50.0,-37.85039713921259,-12.149602860787411,12.149602860787411,retracao,retracao
112,3 dias,3.0,-100.0,-21.975890138472096,-78.0241098615279,78.0241098615279,retracao,retracao
112,7 dias,7.0,-140.0,-24.399538007494755,-115.60046199250525,115.60046199250525,retracao,retracao
112,14 dias,14.0,-200.0,-148.2632239365576,-51.73677606344239,51.73677606344239,retracao,retracao
112,28 dias,28.0,-280.0,-270.27785714166373,-9.72214285833627,9.72214285833627,retracao,retracao
112,56 dias,56.0,-430.0,-408.09096856600456,-21.909031433995438,21.909031433995438,retracao,retracao
113,12 h,0.5,0.0,99.60905739867273,-99.60905739867273,99.60905739867273,estabilidade,expansao
113,1 dia,1.0,60.0,113.90176834715793,-53.901768347157926,53.901768347157926,expansao,expansao
113,3 dias,3.0,110.0,118.33879919145816,-8.338799191458165,8.338799191458165,expansao,expansao
113,7 dias,7.0,160.0,115.4142997289794,44.5857002710206,44.5857002710206,expansao,expansao
113,14 dias,14.0,0.0,-5.494941236832503,5.494941236832503,5.494941236832503,estabilidade,retracao
113,28 dias,28.0,-180.0,-122.70910662169427,-57.290893378305725,57.290893378305725,retracao,retracao
113,56 dias,56.0,-290.0,-255.33887624033895,-34.66112375966105,34.66112375966105,retracao,retracao
114,12 h,0.5,0.0,-69.89821366288814,69.89821366288814,69.89821366288814,estabilidade,retracao
114,1 dia,1.0,-40.0,-64.5265724000048,24.526572400004795,24.526572400004795,retracao,retracao
114,3 dias,3.0,-80.0,-60.52202173696031,-19.477978263039688,19.477978263039688,retracao,retracao
114,7 dias,7.0,-150.0,-67.98054631015194,-82.01945368984806,82.01945368984806,retracao,retracao
114,14 dias,14.0,-230.0,-186.08692114776935,-43.913078852230655,43.913078852230655,retracao,retracao
114,28 dias,28.0,-310.0,-301.44937383718036,-8.55062616281964,8.55062616281964,retracao,retracao
114,56 dias,56.0,-430.0,-435.26926086410333,5.26926086410333,5.26926086410333,retracao,retracao
115,12 h,0.5,0.0,113.20278887867329,-113.20278887867329,113.20278887867329,estabilidade,expansao
115,1 dia,1.0,60.0,127.710983974182,-67.710983974182,67.710983974182,expansao,expansao
115,3 dias,3.0,120.0,143.5854909749225,-23.585490974922493,23.585490974922493,expansao,expansao
115,7 dias,7.0,150.0,141.16184310589995,8.838156894100052,8.838156894100052,expansao,expansao
115,14 dias,14.0,-10.0,17.29815717683701,-27.29815717683701,27.29815717683701,retracao,expansao
115,28 dias,28.0,-130.0,-104.71647602826908,-25.283523971730915,25.283523971730915,retracao,retracao
115,56 dias,56.0,-290.0,-242.52958745260992,-47.47041254739008,47.47041254739008,retracao,retracao
116,12 h,0.5,0.0,-91.48514690808967,91.48514690808967,91.48514690808967,estabilidade,retracao
116,1 dia,1.0,-40.0,-77.19243595960448,37.19243595960448,37.19243595960448,retracao,retracao
116,3 dias,3.0,-90.0,-72.75540511530424,-17.244594884695758,17.244594884695758,retracao,retracao
116,7 dias,7.0,-130.0,-75.679904577783,-54.320095422216994,54.320095422216994,retracao,retracao
116,14 dias,14.0,-190.0,-196.58914554359492,6.589145543594924,6.589145543594924,retracao,retracao
116,28 dias,28.0,-300.0,-313.80331092845665,13.803310928456654,13.803310928456654,retracao,retracao
116,56 dias,56.0,-430.0,-446.4330805471014,16.433080547101383,16.433080547101383,retracao,retracao
117,12 h,0.5,0.0,51.34556930428815,-51.34556930428815,51.34556930428815,estabilidade,expansao
117,1 dia,1.0,20.0,56.71721056717152,-36.71721056717152,36.71721056717152,expansao,expansao
117,3 dias,3.0,60.0,60.72176123021595,-0.7217612302159466,0.7217612302159466,expansao,expansao
117,7 dias,7.0,110.0,53.26323665702435,56.73676334297565,56.73676334297565,expansao,expansao
117,14 dias,14.0,-20.0,-64.84313818059309,44.84313818059309,44.84313818059309,retracao,retracao
117,28 dias,28.0,-130.0,-180.20559087000407,50.20559087000407,50.20559087000407,retracao,retracao
117,56 dias,56.0,-290.0,-314.02547789692704,24.025477896927043,24.025477896927043,retracao,retracao
118,12 h,0.5,0.0,-65.74147685806815,65.74147685806815,65.74147685806815,estabilidade,retracao
118,1 dia,1.0,-40.0,-51.233281762559386,11.233281762559386,11.233281762559386,retracao,retracao
118,3 dias,3.0,-80.0,-35.35877476181889,-44.64122523818111,44.64122523818111,retracao,retracao
118,7 dias,7.0,-140.0,-37.78242263084152,-102.21757736915848,102.21757736915848,retracao,retracao
118,14 dias,14.0,-220.0,-161.6461085599044,-58.353891440095595,58.353891440095595,retracao,retracao
118,28 dias,28.0,-300.0,-283.6607417650105,-16.339258234989472,16.339258234989472,retracao,retracao
118,56 dias,56.0,-430.0,-421.4738531893513,-8.526146810648697,8.526146810648697,retracao,retracao
119,12 h,0.5,0.0,76.58832163136005,-76.58832163136005,76.58832163136005,estabilidade,expansao
119,1 dia,1.0,50.0,90.88103257984524,-40.88103257984524,40.88103257984524,expansao,expansao
119,3 dias,3.0,80.0,95.31806342414545,-15.31806342414545,15.31806342414545,expansao,expansao
119,7 dias,7.0,120.0,92.39356396166669,27.606436038333314,27.606436038333314,expansao,expansao
119,14 dias,14.0,20.0,-28.51567700414519,48.51567700414519,48.51567700414519,expansao,retracao
119,28 dias,28.0,-110.0,-145.72984238900696,35.72984238900696,35.72984238900696,retracao,retracao
119,56 dias,56.0,-280.0,-278.35961200765166,-1.6403879923483373,1.6403879923483373,retracao,retracao
120,12 h,0.5,0.0,15.465851791180285,-15.465851791180285,15.465851791180285,estabilidade,expansao
120,1 dia,1.0,10.0,20.83749305406363,-10.837493054063629,10.837493054063629,expansao,expansao
120,3 dias,3.0,40.0,24.842043717108083,15.157956282891917,15.157956282891917,expansao,expansao
120,7 dias,7.0,90.0,17.383519143916487,72.61648085608351,72.61648085608351,expansao,expansao
120,14 dias,14.0,-70.0,-100.72285569370094,30.722855693700936,30.722855693700936,retracao,retracao
120,28 dias,28.0,-180.0,-216.0853083831119,36.08530838311191,36.08530838311191,retracao,retracao
120,56 dias,56.0,-310.0,-349.90519541003493,39.905195410034935,39.905195410034935,retracao,retracao
121,12 h,0.5,0.0,-85.77240017533231,85.77240017533231,85.77240017533231,estabilidade,retracao
121,1 dia,1.0,-50.0,-71.26420507982351,21.264205079823512,21.264205079823512,retracao,retracao
121,3 dias,3.0,-100.0,-55.38969807908305,-44.61030192091695,44.61030192091695,retracao,retracao
121,7 dias,7.0,-140.0,-57.81334594810568,-82.18665405189432,82.18665405189432,retracao,retracao
121,14 dias,14.0,-220.0,-181.67703187716856,-38.32296812283144,38.32296812283144,retracao,retracao
121,28 dias,28.0,-300.0,-303.69166508227465,3.6916650822746533,3.6916650822746533,retracao,retracao
121,56 dias,56.0,-430.0,-441.5047765066155,11.504776506615485,11.504776506615485,retracao,retracao
122,12 h,0.5,0.0,-93.08439417267878,93.08439417267878,93.08439417267878,estabilidade,retracao
122,1 dia,1.0,-40.0,-78.79168322419358,38.79168322419358,38.79168322419358,retracao,retracao
122,3 dias,3.0,-80.0,-74.35465237989334,-5.645347620106662,5.645347620106662,retracao,retracao
122,7 dias,7.0,-120.0,-77.27915184237212,-42.720848157627884,42.720848157627884,retracao,retracao
122,14 dias,14.0,-200.0,-198.188392808184,-1.8116071918159946,1.8116071918159946,retracao,retracao
122,28 dias,28.0,-290.0,-315.40255819304576,25.402558193045763,25.402558193045763,retracao,retracao
122,56 dias,56.0,-420.0,-448.03232781169044,28.032327811690436,28.032327811690436,retracao,retracao
123,12 h,0.5,0.0,73.81078081614885,-73.81078081614885,73.81078081614885,estabilidade,expansao
123,1 dia,1.0,140.0,79.18242207903222,60.81757792096778,60.81757792096778,expansao,expansao
123,3 dias,3.0,150.0,83.18697274207668,66.81302725792332,66.81302725792332,expansao,expansao
123,7 dias,7.0,150.0,75.72844816888505,74.27155183111495,74.27155183111495,expansao,expansao
123,14 dias,14.0,60.0,-42.377926668732385,102.37792666873239,102.37792666873239,expansao,retracao
123,28 dias,28.0,-170.0,-157.74037935814337,-12.259620641856628,12.259620641856628,retracao,retracao
123,56 dias,56.0,-280.0,-291.56026638506637,11.56026638506637,11.56026638506637,retracao,retracao
124,12 h,0.5,0.0,-45.0341467403334,45.0341467403334,45.0341467403334,estabilidade,retracao
124,1 dia,1.0,-10.0,-30.5259516448246,20.5259516448246,20.5259516448246,retracao,retracao
124,3 dias,3.0,-30.0,-14.651444644084137,-15.348555355915863,15.348555355915863,retracao,retracao
124,7 dias,7.0,-50.0,-17.075092513106767,-32.92490748689323,32.92490748689323,retracao,retracao
124,14 dias,14.0,-140.0,-140.93877844216965,0.9387784421696495,0.9387784421696495,retracao,retracao
124,28 dias,28.0,-270.0,-262.95341164727574,-7.046588352724257,7.046588352724257,retracao,retracao
124,56 dias,56.0,-410.0,-400.7665230716166,-9.233476928383425,9.233476928383425,retracao,retracao
125,12 h,0.5,0.0,25.01761954771716,-25.01761954771716,25.01761954771716,estabilidade,expansao
125,1 dia,1.0,60.0,39.310330496202326,20.689669503797674,20.689669503797674,expansao,expansao
125,3 dias,3.0,110.0,43.747361340502565,66.25263865949744,66.25263865949744,expansao,expansao
125,7 dias,7.0,140.0,40.82286187802383,99.17713812197617,99.17713812197617,expansao,expansao
125,14 dias,14.0,20.0,-80.08637908778807,100.08637908778807,100.08637908778807,expansao,retracao
125,28 dias,28.0,-150.0,-197.30054447264985,47.30054447264985,47.30054447264985,retracao,retracao
125,56 dias,56.0,-280.0,-329.9303140912946,49.930314091294576,49.930314091294576,retracao,retracao
126,12 h,0.5,0.0,-53.39933218938877,53.39933218938877,53.39933218938877,estabilidade,retracao
126,1 dia,1.0,-10.0,-48.02769092650544,38.02769092650544,38.02769092650544,retracao,retracao
126,3 dias,3.0,-30.0,-44.023140263460974,14.023140263460974,14.023140263460974,retracao,retracao
126,7 dias,7.0,-50.0,-51.481664836652584,1.481664836652584,1.481664836652584,retracao,retracao
126,14 dias,14.0,-140.0,-169.58803967427,29.588039674269993,29.588039674269993,retracao,retracao
126,28 dias,28.0,-270.0,-284.950492363681,14.950492363681008,14.950492363681008,retracao,retracao
126,56 dias,56.0,-410.0,-418.770379390604,8.770379390603978,8.770379390603978,retracao,retracao
127,12 h,0.5,0.0,18.380516838287008,-18.380516838287008,18.380516838287008,estabilidade,expansao
127,1 dia,1.0,70.0,32.888711933795776,37.111288066204224,37.111288066204224,expansao,expansao
127,3 dias,3.0,80.0,48.7632189345363,31.236781065463703,31.236781065463703,expansao,expansao
127,7 dias,7.0,110.0,46.33957106551367,63.66042893448633,63.66042893448633,expansao,expansao
127,14 dias,14.0,-40.0,-77.52411486354924,37.524114863549244,37.524114863549244,retracao,retracao
127,28 dias,28.0,-170.0,-199.53874806865537,29.538748068655366,29.538748068655366,retracao,retracao
127,56 dias,56.0,-280.0,-337.35185949299614,57.35185949299614,57.35185949299614,retracao,retracao
128,12 h,0.5,0.0,-108.64419309764794,108.64419309764794,108.64419309764794,estabilidade,retracao
128,1 dia,1.0,-50.0,-94.35148214916275,44.35148214916275,44.35148214916275,retracao,retracao
128,3 dias,3.0,-90.0,-89.91445130486251,-0.08554869513748997,0.08554869513748997,retracao,retracao
128,7 dias,7.0,-140.0,-92.83895076734129,-47.16104923265871,47.16104923265871,retracao,retracao
128,14 dias,14.0,-200.0,-213.7481917331532,13.748191733153192,13.748191733153192,retracao,retracao
128,28 dias,28.0,-310.0,-330.96235711801495,20.96235711801495,20.96235711801495,retracao,retracao
128,56 dias,56.0,-410.0,-463.5921267366597,53.59212673665968,53.59212673665968,retracao,retracao
129,12 h,0.5,0.0,129.69091486606078,-129.69091486606078,129.69091486606078,estabilidade,expansao
129,1 dia,1.0,50.0,135.06255612894415,-85.06255612894415,85.06255612894415,expansao,expansao
129,3 dias,3.0,100.0,139.06710679198858,-39.06710679198858,39.06710679198858,expansao,expansao
129,7 dias,7.0,140.0,131.60858221879698,8.391417781203018,8.391417781203018,expansao,expansao
129,14 dias,14.0,-10.0,13.502207381179545,-23.502207381179545,23.502207381179545,retracao,expansao
129,28 dias,28.0,-70.0,-101.86024530823144,31.86024530823144,31.86024530823144,retracao,retracao
129,56 dias,56.0,-280.0,-235.68013233515438,-44.31986766484562,44.31986766484562,retracao,retracao
130,12 h,0.5,0.0,-81.41296135826737,81.41296135826737,81.41296135826737,estabilidade,retracao
130,1 dia,1.0,-60.0,-66.90476626275859,6.904766262758585,6.904766262758585,retracao,retracao
130,3 dias,3.0,-90.0,-51.03025926201809,-38.96974073798191,38.96974073798191,retracao,retracao
130,7 dias,7.0,-150.0,-53.45390713104075,-96.54609286895925,96.54609286895925,retracao,retracao
130,14 dias,14.0,-190.0,-177.31759306010363,-12.682406939896367,12.682406939896367,retracao,retracao
130,28 dias,28.0,-260.0,-299.33222626520967,39.33222626520967,39.33222626520967,retracao,retracao
130,56 dias,56.0,-410.0,-437.14533768955056,27.14533768955056,27.14533768955056,retracao,retracao
131,12 h,0.5,0.0,58.26362946229348,-58.26362946229348,58.26362946229348,estabilidade,expansao
131,1 dia,1.0,50.0,72.5563404107787,-22.556340410778702,22.556340410778702,expansao,expansao
131,3 dias,3.0,100.0,76.99337125507894,23.00662874492106,23.00662874492106,expansao,expansao
131,7 dias,7.0,130.0,74.06887179260018,55.93112820739982,55.93112820739982,expansao,expansao
131,14 dias,14.0,-50.0,-46.84036917321171,-3.1596308267882875,3.1596308267882875,retracao,retracao
131,28 dias,28.0,-160.0,-164.0545345580735,4.054534558073499,4.054534558073499,retracao,retracao
131,56 dias,56.0,-280.0,-296.68430417671823,16.68430417671823,16.68430417671823,retracao,retracao
132,12 h,0.5,0.0,-90.77350442927026,90.77350442927026,90.77350442927026,estabilidade,retracao
132,1 dia,1.0,-80.0,-85.40186316638692,5.401863166386917,5.401863166386917,retracao,retracao
132,3 dias,3.0,-130.0,-81.39731250334246,-48.60268749665754,48.60268749665754,retracao,retracao
132,7 dias,7.0,-180.0,-88.85583707653409,-91.14416292346591,91.14416292346591,retracao,retracao
132,14 dias,14.0,-220.0,-206.9622119141515,-13.03778808584849,13.03778808584849,retracao,retracao
132,28 dias,28.0,-290.0,-322.3246646035625,32.324664603562496,32.324664603562496,retracao,retracao
132,56 dias,56.0,-410.0,-456.14455163048547,46.144551630485466,46.144551630485466,retracao,retracao
133,12 h,0.5,0.0,79.18621547930394,-79.18621547930394,79.18621547930394,estabilidade,expansao
133,1 dia,1.0,100.0,93.69441057481276,6.305589425187236,6.305589425187236,expansao,expansao
133,3 dias,3.0,90.0,109.56891757555326,-19.568917575553257,19.568917575553257,expansao,expansao
133,7 dias,7.0,70.0,107.1452697065306,-37.1452697065306,37.1452697065306,expansao,expansao
133,14 dias,14.0,-90.0,-16.718416222532255,-73.28158377746774,73.28158377746774,retracao,retracao
133,28 dias,28.0,-250.0,-138.73304942763838,-111.26695057236162,111.26695057236162,retracao,retracao
133,56 dias,56.0,-280.0,-276.5461608519792,-3.4538391480207906,3.4538391480207906,retracao,retracao
134,12 h,0.5,0.0,-146.70630190128537,146.70630190128537,146.70630190128537,estabilidade,retracao
134,1 dia,1.0,-60.0,-132.41359095280018,72.41359095280018,72.41359095280018,retracao,retracao
134,3 dias,3.0,-110.0,-127.97656010849994,17.97656010849994,17.97656010849994,retracao,retracao
134,7 dias,7.0,-160.0,-130.9010595709787,-29.098940429021297,29.098940429021297,retracao,retracao
134,14 dias,14.0,-200.0,-251.81030053679058,51.81030053679058,51.81030053679058,retracao,retracao
134,28 dias,28.0,-290.0,-369.02446592165234,79.02446592165234,79.02446592165234,retracao,retracao
134,56 dias,56.0,-410.0,-501.6542355402971,91.65423554029712,91.65423554029712,retracao,retracao
135,12 h,0.5,0.0,83.00563857969715,-83.00563857969715,83.00563857969715,estabilidade,expansao
135,1 dia,1.0,140.0,88.37727984258052,51.62272015741948,51.62272015741948,expansao,expansao
135,3 dias,3.0,150.0,92.38183050562498,57.618169494375024,57.618169494375024,expansao,expansao
135,7 dias,7.0,150.0,84.92330593243335,65.07669406756665,65.07669406756665,expansao,expansao
135,14 dias,14.0,60.0,-33.18306890518407,93.18306890518407,93.18306890518407,expansao,retracao
135,28 dias,28.0,-170.0,-148.54552159459507,-21.454478405404927,21.454478405404927,retracao,retracao
135,56 dias,56.0,-280.0,-282.36540862151804,2.3654086215180428,2.3654086215180428,retracao,retracao
136,12 h,0.5,0.0,-110.01193945564556,110.01193945564556,110.01193945564556,estabilidade,retracao
136,1 dia,1.0,-60.0,-95.50374436013678,35.50374436013678,35.50374436013678,retracao,retracao
136,3 dias,3.0,-120.0,-79.6292373593963,-40.3707626406037,40.3707626406037,retracao,retracao
136,7 dias,7.0,-150.0,-82.05288522841893,-67.94711477158107,67.94711477158107,retracao,retracao
136,14 dias,14.0,-200.0,-205.91657115748183,5.916571157481826,5.916571157481826,retracao,retracao
136,28 dias,28.0,-260.0,-327.9312043625879,67.93120436258789,67.93120436258789,retracao,retracao
136,56 dias,56.0,-410.0,-465.7443157869288,55.74431578692878,55.74431578692878,retracao,retracao
137,12 h,0.5,0.0,28.275924521818737,-28.275924521818737,28.275924521818737,estabilidade,expansao
137,1 dia,1.0,20.0,42.56863547030393,-22.56863547030393,22.56863547030393,expansao,expansao
137,3 dias,3.0,60.0,47.0056663146042,12.994333685395802,12.994333685395802,expansao,expansao
137,7 dias,7.0,80.0,44.081166852125406,35.918833147874594,35.918833147874594,expansao,expansao
137,14 dias,14.0,-60.0,-76.82807411368648,16.828074113686483,16.828074113686483,retracao,retracao
137,28 dias,28.0,-150.0,-194.04223949854827,44.04223949854827,44.04223949854827,retracao,retracao
137,56 dias,56.0,-280.0,-326.672009117193,46.672009117193,46.672009117193,retracao,retracao
138,12 h,0.5,0.0,-88.5208233968733,88.5208233968733,88.5208233968733,estabilidade,retracao
138,1 dia,1.0,-50.0,-83.14918213398995,33.14918213398995,33.14918213398995,retracao,retracao
138,3 dias,3.0,-90.0,-79.1446314709455,-10.855368529054502,10.855368529054502,retracao,retracao
138,7 dias,7.0,-160.0,-86.60315604413712,-73.39684395586288,73.39684395586288,retracao,retracao
138,14 dias,14.0,-200.0,-204.70953088175452,4.709530881754517,4.709530881754517,retracao,retracao
138,28 dias,28.0,-260.0,-320.0719835711655,60.071983571165504,60.071983571165504,retracao,retracao
138,56 dias,56.0,-410.0,-453.8918705980885,43.891870598088474,43.891870598088474,retracao,retracao
139,12 h,0.5,0.0,88.91647573293767,-88.91647573293767,88.91647573293767,estabilidade,expansao
139,1 dia,1.0,40.0,103.42467082844644,-63.42467082844644,63.42467082844644,expansao,expansao
139,3 dias,3.0,100.0,119.29917782918693,-19.29917782918693,19.29917782918693,expansao,expansao
139,7 dias,7.0,140.0,116.87552996016433,23.12447003983567,23.12447003983567,expansao,expansao
139,14 dias,14.0,-10.0,-6.988155968898553,-3.0118440311014467,3.0118440311014467,retracao,retracao
139,28 dias,28.0,-80.0,-129.00278917400465,49.00278917400465,49.00278917400465,retracao,retracao
139,56 dias,56.0,-280.0,-266.8159005983455,-13.184099401654521,13.184099401654521,retracao,retracao
140,12 h,0.5,0.0,-91.48514690808967,91.48514690808967,91.48514690808967,estabilidade,retracao
140,1 dia,1.0,-50.0,-77.19243595960448,27.19243595960448,27.19243595960448,retracao,retracao
140,3 dias,3.0,-90.0,-72.75540511530424,-17.244594884695758,17.244594884695758,retracao,retracao
140,7 dias,7.0,-160.0,-75.679904577783,-84.320095422217,84.320095422217,retracao,retracao
140,14 dias,14.0,-200.0,-196.58914554359492,-3.410854456405076,3.410854456405076,retracao,retracao
140,28 dias,28.0,-260.0,-313.80331092845665,53.80331092845665,53.80331092845665,retracao,retracao
140,56 dias,56.0,-410.0,-446.4330805471014,36.43308054710138,36.43308054710138,retracao,retracao
141,12 h,0.5,0.0,70.38809650522302,-70.38809650522302,70.38809650522302,estabilidade,expansao
141,1 dia,1.0,40.0,75.75973776810633,-35.75973776810633,35.75973776810633,expansao,expansao
141,3 dias,3.0,70.0,79.76428843115082,-9.764288431150817,9.764288431150817,expansao,expansao
141,7 dias,7.0,110.0,72.30576385795922,37.69423614204078,37.69423614204078,expansao,expansao
141,14 dias,14.0,-20.0,-45.800610979658245,25.800610979658245,25.800610979658245,retracao,retracao
141,28 dias,28.0,-120.0,-161.1630636690692,41.1630636690692,41.1630636690692,retracao,retracao
141,56 dias,56.0,-280.0,-294.9829506959922,14.982950695992201,14.982950695992201,retracao,retracao
142,12 h,0.5,0.0,-108.74252260417173,108.74252260417173,108.74252260417173,estabilidade,retracao
142,1 dia,1.0,-40.0,-94.23432750866294,54.23432750866294,54.23432750866294,retracao,retracao
142,3 dias,3.0,-90.0,-78.35982050792245,-11.64017949207755,11.64017949207755,retracao,retracao
142,7 dias,7.0,-140.0,-80.7834683769451,-59.216531623054905,59.216531623054905,retracao,retracao
142,14 dias,14.0,-210.0,-204.647154306008,-5.352845693992009,5.352845693992009,retracao,retracao
142,28 dias,28.0,-290.0,-326.6617875111141,36.661787511114085,36.661787511114085,retracao,retracao
142,56 dias,56.0,-410.0,-464.47489893545486,54.47489893545486,54.47489893545486,retracao,retracao
143,12 h,0.5,0.0,43.64556198360371,-43.64556198360371,43.64556198360371,estabilidade,expansao
143,1 dia,1.0,50.0,57.93827293208888,-7.9382729320888785,7.9382729320888785,expansao,expansao
143,3 dias,3.0,90.0,62.375303776389146,27.624696223610854,27.624696223610854,expansao,expansao
143,7 dias,7.0,140.0,59.450804313910325,80.54919568608967,80.54919568608967,expansao,expansao
143,14 dias,14.0,0.0,-61.458436651901536,61.458436651901536,61.458436651901536,estabilidade,retracao
143,28 dias,28.0,-120.0,-178.67260203676332,58.67260203676332,58.67260203676332,retracao,retracao
143,56 dias,56.0,-280.0,-311.302371655408,31.302371655408024,31.302371655408024,retracao,retracao
144,12 h,0.5,0.0,-103.84296048088308,103.84296048088308,103.84296048088308,estabilidade,retracao
144,1 dia,1.0,-40.0,-98.47131921799975,58.47131921799975,58.47131921799975,retracao,retracao
144,3 dias,3.0,-90.0,-94.4667685549553,4.466768554955294,4.466768554955294,retracao,retracao
144,7 dias,7.0,-140.0,-101.92529312814689,-38.07470687185311,38.07470687185311,retracao,retracao
144,14 dias,14.0,-210.0,-220.0316679657643,10.031667965764314,10.031667965764314,retracao,retracao
144,28 dias,28.0,-300.0,-335.3941206551753,35.3941206551753,35.3941206551753,retracao,retracao
144,56 dias,56.0,-410.0,-469.2140076820983,59.21400768209833,59.21400768209833,retracao,retracao
145,12 h,0.5,0.0,106.16424036152006,-106.16424036152006,106.16424036152006,estabilidade,expansao
145,1 dia,1.0,120.0,120.67243545702883,-0.6724354570288256,0.6724354570288256,expansao,expansao
145,3 dias,3.0,160.0,136.54694245776926,23.453057542230738,23.453057542230738,expansao,expansao
145,7 dias,7.0,200.0,134.12329458874672,65.87670541125328,65.87670541125328,expansao,expansao
145,14 dias,14.0,-30.0,10.259608659683778,-40.25960865968378,40.25960865968378,retracao,expansao
145,28 dias,28.0,-150.0,-111.75502454542233,-38.24497545457767,38.24497545457767,retracao,retracao
145,56 dias,56.0,-270.0,-249.56813596976315,-20.431864030236852,20.431864030236852,retracao,retracao
146,12 h,0.5,0.0,-60.599305496661984,60.599305496661984,60.599305496661984,estabilidade,retracao
146,1 dia,1.0,-30.0,-46.306594548176804,16.306594548176804,16.306594548176804,retracao,retracao
146,3 dias,3.0,-70.0,-41.869563703876594,-28.130436296123406,28.130436296123406,retracao,retracao
146,7 dias,7.0,-110.0,-44.79406316635536,-65.20593683364464,65.20593683364464,retracao,retracao
146,14 dias,14.0,-180.0,-165.70330413216726,-14.296695867832739,14.296695867832739,retracao,retracao
146,28 dias,28.0,-270.0,-282.9174695170291,12.917469517029076,12.917469517029076,retracao,retracao
146,56 dias,56.0,-410.0,-415.5472391356737,5.547239135673692,5.547239135673692,retracao,retracao
147,12 h,0.5,0.0,100.15434624265211,-100.15434624265211,100.15434624265211,estabilidade,expansao
147,1 dia,1.0,60.0,105.52598750553545,-45.525987505535454,45.525987505535454,expansao,expansao
147,3 dias,3.0,100.0,109.53053816857991,-9.530538168579909,9.530538168579909,expansao,expansao
147,7 dias,7.0,150.0,102.07201359538831,47.92798640461169,47.92798640461169,expansao,expansao
147,14 dias,14.0,-30.0,-16.034361242229124,-13.965638757770876,13.965638757770876,retracao,retracao
147,28 dias,28.0,-150.0,-131.3968139316401,-18.60318606835989,18.60318606835989,retracao,retracao
147,56 dias,56.0,-270.0,-265.2167009585631,-4.783299041436919,4.783299041436919,retracao,retracao
148,12 h,0.5,0.0,-104.9729052223854,104.9729052223854,104.9729052223854,estabilidade,retracao
148,1 dia,1.0,-40.0,-90.46471012687662,50.464710126876625,50.464710126876625,retracao,retracao
148,3 dias,3.0,-90.0,-74.59020312613613,-15.409796873863868,15.409796873863868,retracao,retracao
148,7 dias,7.0,-140.0,-77.01385099515879,-62.98614900484121,62.98614900484121,retracao,retracao
148,14 dias,14.0,-210.0,-200.87753692422166,-9.122463075778342,9.122463075778342,retracao,retracao
148,28 dias,28.0,-290.0,-322.8921701293277,32.892170129327724,32.892170129327724,retracao,retracao
148,56 dias,56.0,-410.0,-460.70528155366856,50.705281553668556,50.705281553668556,retracao,retracao
149,12 h,0.5,0.0,71.51992355304456,-71.51992355304456,71.51992355304456,estabilidade,expansao
149,1 dia,1.0,60.0,85.81263450152976,-25.812634501529757,25.812634501529757,expansao,expansao
149,3 dias,3.0,110.0,90.24966534583,19.750334654170004,19.750334654170004,expansao,expansao
149,7 dias,7.0,150.0,87.32516588335123,62.67483411664877,62.67483411664877,expansao,expansao
149,14 dias,14.0,50.0,-33.58407508246067,83.58407508246067,83.58407508246067,expansao,retracao
149,28 dias,28.0,-50.0,-150.79824046732244,100.79824046732244,100.79824046732244,retracao,retracao
149,56 dias,56.0,-270.0,-283.4280100859671,13.428010085967117,13.428010085967117,retracao,retracao
150,12 h,0.5,0.0,-79.52124532280757,79.52124532280757,79.52124532280757,estabilidade,retracao
150,1 dia,1.0,-50.0,-74.14960405992426,24.149604059924258,24.149604059924258,retracao,retracao
150,3 dias,3.0,-100.0,-70.14505339687979,-29.85494660312021,29.85494660312021,retracao,retracao
150,7 dias,7.0,-160.0,-77.60357797007143,-82.39642202992857,82.39642202992857,retracao,retracao
150,14 dias,14.0,-240.0,-195.70995280768886,-44.290047192311135,44.290047192311135,retracao,retracao
150,28 dias,28.0,-310.0,-311.07240549709985,1.072405497099851,1.072405497099851,retracao,retracao
150,56 dias,56.0,-410.0,-444.8922925240228,34.89229252402282,34.89229252402282,retracao,retracao
151,12 h,0.5,0.0,79.62514492079782,-79.62514492079782,79.62514492079782,estabilidade,expansao
151,1 dia,1.0,50.0,94.13334001630659,-44.13334001630659,44.13334001630659,expansao,expansao
151,3 dias,3.0,110.0,110.00784701704714,-0.007847017047140525,0.007847017047140525,expansao,expansao
151,7 dias,7.0,150.0,107.58419914802448,42.41580085197552,42.41580085197552,expansao,expansao
151,14 dias,14.0,30.0,-16.279486781038344,46.279486781038344,46.279486781038344,expansao,retracao
151,28 dias,28.0,-90.0,-138.2941199861445,48.294119986144494,48.294119986144494,retracao,retracao
151,56 dias,56.0,-270.0,-276.1072314104853,6.107231410485326,6.107231410485326,retracao,retracao
152,12 h,0.5,0.0,-124.98794032969519,124.98794032969519,124.98794032969519,estabilidade,retracao
152,1 dia,1.0,-40.0,-110.69522938120998,70.69522938120998,70.69522938120998,retracao,retracao
152,3 dias,3.0,-90.0,-106.25819853690975,16.258198536909745,16.258198536909745,retracao,retracao
152,7 dias,7.0,-120.0,-109.18269799938852,-10.817302000611477,10.817302000611477,retracao,retracao
152,14 dias,14.0,-180.0,-230.09193896520043,50.09193896520043,50.09193896520043,retracao,retracao
152,28 dias,28.0,-280.0,-347.3061043500622,67.30610435006218,67.30610435006218,retracao,retracao
152,56 dias,56.0,-400.0,-479.93587396870686,79.93587396870686,79.93587396870686,retracao,retracao
153,12 h,0.5,0.0,23.722235175682926,-23.722235175682926,23.722235175682926,estabilidade,expansao
153,1 dia,1.0,50.0,29.093876438566298,20.906123561433702,20.906123561433702,expansao,expansao
153,3 dias,3.0,80.0,33.09842710161075,46.90157289838925,46.90157289838925,expansao,expansao
153,7 dias,7.0,130.0,25.639902528419128,104.36009747158087,104.36009747158087,expansao,expansao
153,14 dias,14.0,-30.0,-92.4664723091983,62.466472309198295,62.466472309198295,retracao,retracao
153,28 dias,28.0,-100.0,-207.82892499860927,107.82892499860927,107.82892499860927,retracao,retracao
153,56 dias,56.0,-270.0,-341.64881202553227,71.64881202553227,71.64881202553227,retracao,retracao
154,12 h,0.5,0.0,-81.33292737948949,81.33292737948949,81.33292737948949,estabilidade,retracao
154,1 dia,1.0,-60.0,-66.82473228398072,6.8247322839807225,6.8247322839807225,retracao,retracao
154,3 dias,3.0,-110.0,-50.95022528324023,-59.04977471675977,59.04977471675977,retracao,retracao
154,7 dias,7.0,-150.0,-53.37387315226289,-96.62612684773711,96.62612684773711,retracao,retracao
154,14 dias,14.0,-200.0,-177.23755908132574,-22.76244091867426,22.76244091867426,retracao,retracao
154,28 dias,28.0,-320.0,-299.25219228643186,-20.747807713568136,20.747807713568136,retracao,retracao
154,56 dias,56.0,-400.0,-437.0653037107727,37.065303710772696,37.065303710772696,retracao,retracao
155,12 h,0.5,0.0,58.688868597595885,-58.688868597595885,58.688868597595885,estabilidade,expansao
155,1 dia,1.0,-40.0,72.98157954608108,-112.98157954608108,112.98157954608108,retracao,expansao
155,3 dias,3.0,-90.0,77.41861039038132,-167.41861039038133,167.41861039038133,retracao,expansao
155,7 dias,7.0,-430.0,74.49411092790255,-504.49411092790257,504.49411092790257,retracao,expansao
155,14 dias,14.0,-540.0,-46.41513003790932,-493.5848699620907,493.5848699620907,retracao,retracao
155,28 dias,28.0,-700.0,-163.62929542277107,-536.3707045772289,536.3707045772289,retracao,retracao
155,56 dias,56.0,-910.0,-296.2590650414158,-613.7409349585841,613.7409349585841,retracao,retracao
156,12 h,0.5,0.0,-76.32040797734334,76.32040797734334,76.32040797734334,estabilidade,retracao
156,1 dia,1.0,-50.0,-70.94876671445999,20.948766714459992,20.948766714459992,retracao,retracao
156,3 dias,3.0,-80.0,-66.94421605141552,-13.055783948584477,13.055783948584477,retracao,retracao
156,7 dias,7.0,-120.0,-74.40274062460713,-45.597259375392866,45.597259375392866,retracao,retracao
156,14 dias,14.0,-200.0,-192.50911546222454,-7.490884537775457,7.490884537775457,retracao,retracao
156,28 dias,28.0,-280.0,-307.87156815163553,27.87156815163553,27.87156815163553,retracao,retracao
156,56 dias,56.0,-400.0,-441.6914551785585,41.6914551785585,41.6914551785585,retracao,retracao
157,12 h,0.5,0.0,-71.7416666107274,71.7416666107274,71.7416666107274,estabilidade,retracao
157,1 dia,1.0,-40.0,-57.23347151521861,17.23347151521861,17.23347151521861,retracao,retracao
157,3 dias,3.0,-90.0,-41.358964514478146,-48.641035485521854,48.641035485521854,retracao,retracao
157,7 dias,7.0,-140.0,-43.782612383500805,-96.2173876164992,96.2173876164992,retracao,retracao
157,14 dias,14.0,-190.0,-167.6462983125637,-22.353701687436313,22.353701687436313,retracao,retracao
157,28 dias,28.0,-270.0,-289.6609315176697,19.660931517669724,19.660931517669724,retracao,retracao
157,56 dias,56.0,-400.0,-427.4740429420106,27.474042942010612,27.474042942010612,retracao,retracao
158,12 h,0.5,0.0,-85.41464628820111,85.41464628820111,85.41464628820111,estabilidade,retracao
158,1 dia,1.0,-30.0,-71.12193533971592,41.12193533971592,41.12193533971592,retracao,retracao
158,3 dias,3.0,-80.0,-66.68490449541565,-13.315095504584349,13.315095504584349,retracao,retracao
158,7 dias,7.0,-120.0,-69.60940395789444,-50.39059604210556,50.39059604210556,retracao,retracao
158,14 dias,14.0,-190.0,-190.51864492370635,0.5186449237063471,0.5186449237063471,retracao,retracao
158,28 dias,28.0,-280.0,-307.7328103085681,27.732810308568105,27.732810308568105,retracao,retracao
158,56 dias,56.0,-400.0,-440.3625799272128,40.36257992721278,40.36257992721278,retracao,retracao
159,12 h,0.5,0.0,108.1271074836992,-108.1271074836992,108.1271074836992,estabilidade,expansao
159,1 dia,1.0,30.0,113.49874874658258,-83.49874874658258,83.49874874658258,expansao,expansao
159,3 dias,3.0,80.0,117.50329940962706,-37.50329940962706,37.50329940962706,expansao,expansao
159,7 dias,7.0,120.0,110.04477483643544,9.955225163564563,9.955225163564563,expansao,expansao
159,14 dias,14.0,-30.0,-8.061600001182029,-21.93839999881797,21.93839999881797,retracao,retracao
159,28 dias,28.0,-110.0,-123.42405269059299,13.424052690592987,13.424052690592987,retracao,retracao
159,56 dias,56.0,-270.0,-257.24393971751596,-12.756060282484043,12.756060282484043,retracao,retracao
160,12 h,0.5,0.0,-89.36930709533954,89.36930709533954,89.36930709533954,estabilidade,retracao
160,1 dia,1.0,-30.0,-74.86111199983074,44.86111199983074,44.86111199983074,retracao,retracao
160,3 dias,3.0,-70.0,-58.98660499909025,-11.013395000909753,11.013395000909753,retracao,retracao
160,7 dias,7.0,-130.0,-61.410252868112906,-68.5897471318871,68.5897471318871,retracao,retracao
160,14 dias,14.0,-200.0,-185.2739387971758,-14.726061202824212,14.726061202824212,retracao,retracao
160,28 dias,28.0,-280.0,-307.28857200228185,27.288572002281853,27.288572002281853,retracao,retracao
160,56 dias,56.0,-400.0,-445.1016834266227,45.101683426622685,45.101683426622685,retracao,retracao
161,12 h,0.5,0.0,57.21650318545754,-57.21650318545754,57.21650318545754,estabilidade,expansao
161,1 dia,1.0,20.0,71.50921413394273,-51.509214133942734,51.509214133942734,expansao,expansao
161,3 dias,3.0,80.0,75.94624497824297,4.053755021757027,4.053755021757027,expansao,expansao
161,7 dias,7.0,130.0,73.02174551576421,56.97825448423579,56.97825448423579,expansao,expansao
161,14 dias,14.0,-30.0,-47.887495450047666,17.887495450047666,17.887495450047666,retracao,retracao
161,28 dias,28.0,-150.0,-165.10166083490947,15.101660834909467,15.101660834909467,retracao,retracao
161,56 dias,56.0,-270.0,-297.73143045355414,27.73143045355414,27.73143045355414,retracao,retracao
162,12 h,0.5,0.0,-81.9662350370263,81.9662350370263,81.9662350370263,estabilidade,retracao
162,1 dia,1.0,-30.0,-76.59459377414294,46.594593774142936,46.594593774142936,retracao,retracao
162,3 dias,3.0,-70.0,-72.59004311109848,2.590043111098481,2.590043111098481,retracao,retracao
162,7 dias,7.0,-120.0,-80.04856768429009,-39.95143231570991,39.95143231570991,retracao,retracao
162,14 dias,14.0,-200.0,-198.15494252190751,-1.8450574780924853,1.8450574780924853,retracao,retracao
162,28 dias,28.0,-280.0,-313.5173952113185,33.5173952113185,33.5173952113185,retracao,retracao
162,56 dias,56.0,-400.0,-447.33728223824147,47.33728223824147,47.33728223824147,retracao,retracao
163,12 h,0.5,0.0,99.35289223176233,-99.35289223176233,99.35289223176233,estabilidade,expansao
163,1 dia,1.0,50.0,113.8610873272711,-63.86108732727109,63.86108732727109,expansao,expansao
163,3 dias,3.0,120.0,129.7355943280116,-9.735594328011587,9.735594328011587,expansao,expansao
163,7 dias,7.0,160.0,127.31194645898898,32.688053541011016,32.688053541011016,expansao,expansao
163,14 dias,14.0,10.0,3.448260529926074,6.551739470073926,6.551739470073926,expansao,expansao
163,28 dias,28.0,-110.0,-118.56637267518,8.566372675180006,8.566372675180006,retracao,retracao
163,56 dias,56.0,-270.0,-256.3794840995209,-13.62051590047912,13.62051590047912,retracao,retracao
164,12 h,0.5,0.0,-101.21667370376677,101.21667370376677,101.21667370376677,estabilidade,retracao
164,1 dia,1.0,-130.0,-86.92396275528158,-43.07603724471842,43.07603724471842,retracao,retracao
164,3 dias,3.0,-150.0,-82.48693191098134,-67.51306808901866,67.51306808901866,retracao,retracao
164,7 dias,7.0,-190.0,-85.4114313734601,-104.5885686265399,104.5885686265399,retracao,retracao
164,14 dias,14.0,-230.0,-206.320672339272,-23.679327660728006,23.679327660728006,retracao,retracao
164,28 dias,28.0,-270.0,-323.5348377241338,53.53483772413381,53.53483772413381,retracao,retracao
164,56 dias,56.0,-390.0,-456.1646073427785,66.16460734277848,66.16460734277848,retracao,retracao
165,12 h,0.5,0.0,98.32661820234469,-98.32661820234469,98.32661820234469,estabilidade,expansao
165,1 dia,1.0,80.0,103.698259465228,-23.698259465228006,23.698259465228006,expansao,expansao
165,3 dias,3.0,160.0,107.70281012827246,52.29718987172754,52.29718987172754,expansao,expansao
165,7 dias,7.0,190.0,100.24428555508086,89.75571444491914,89.75571444491914,expansao,expansao
165,14 dias,14.0,50.0,-17.862089282536573,67.86208928253657,67.86208928253657,expansao,retracao
165,28 dias,28.0,-120.0,-133.22454197194753,13.22454197194753,13.22454197194753,retracao,retracao
165,56 dias,56.0,-260.0,-267.04442899887056,7.044428998870558,7.044428998870558,retracao,retracao
166,12 h,0.5,0.0,-135.5799365252289,135.5799365252289,135.5799365252289,estabilidade,retracao
166,1 dia,1.0,-90.0,-121.07174142972013,31.071741429720134,31.071741429720134,retracao,retracao
166,3 dias,3.0,-120.0,-105.19723442897964,-14.802765571020359,14.802765571020359,retracao,retracao
166,7 dias,7.0,-150.0,-107.62088229800229,-42.379117701997714,42.379117701997714,retracao,retracao
166,14 dias,14.0,-180.0,-231.48456822706518,51.48456822706518,51.48456822706518,retracao,retracao
166,28 dias,28.0,-250.0,-353.4992014321713,103.49920143217128,103.49920143217128,retracao,retracao
166,56 dias,56.0,-390.0,-491.31231285651205,101.31231285651205,101.31231285651205,retracao,retracao
167,12 h,0.5,0.0,93.94332006190528,-93.94332006190528,93.94332006190528,estabilidade,expansao
167,1 dia,1.0,40.0,108.23603101039045,-68.23603101039045,68.23603101039045,expansao,expansao
167,3 dias,3.0,110.0,112.67306185469069,-2.673061854690687,2.673061854690687,expansao,expansao
167,7 dias,7.0,150.0,109.7485623922119,40.251437607788105,40.251437607788105,expansao,expansao
167,14 dias,14.0,0.0,-11.16067857359998,11.16067857359998,11.16067857359998,estabilidade,retracao
167,28 dias,28.0,-110.0,-128.37484395846172,18.374843958461724,18.374843958461724,retracao,retracao
167,56 dias,56.0,-260.0,-261.00461357710645,1.0046135771064542,1.0046135771064542,retracao,retracao
168,12 h,0.5,0.0,-86.61875407620283,86.61875407620283,86.61875407620283,estabilidade,retracao
168,1 dia,1.0,-40.0,-81.24711281331948,41.247112813319475,41.247112813319475,retracao,retracao
168,3 dias,3.0,-80.0,-77.24256215027502,-2.7574378497249796,2.7574378497249796,retracao,retracao
168,7 dias,7.0,-130.0,-84.70108672346663,-45.29891327653337,45.29891327653337,retracao,retracao
168,14 dias,14.0,-170.0,-202.80746156108404,32.80746156108404,32.80746156108404,retracao,retracao
168,28 dias,28.0,-270.0,-318.169914250495,48.169914250495026,48.169914250495026,retracao,retracao
168,56 dias,56.0,-390.0,-451.989801277418,61.989801277417996,61.989801277417996,retracao,retracao
169,12 h,0.5,0.0,38.94597152265624,-38.94597152265624,38.94597152265624,estabilidade,expansao
169,1 dia,1.0,50.0,53.454166618164976,-3.454166618164976,3.454166618164976,expansao,expansao
169,3 dias,3.0,100.0,69.3286736189055,30.671326381094502,30.671326381094502,expansao,expansao
169,7 dias,7.0,160.0,66.90502574988284,93.09497425011716,93.09497425011716,expansao,expansao
169,14 dias,14.0,10.0,-56.95866017918004,66.95866017918004,66.95866017918004,expansao,retracao
169,28 dias,28.0,-100.0,-178.97329338428614,78.97329338428614,78.97329338428614,retracao,retracao
169,56 dias,56.0,-260.0,-316.78640480862697,56.78640480862697,56.78640480862697,retracao,retracao
170,12 h,0.5,0.0,60.26586557597126,-60.26586557597126,60.26586557597126,estabilidade,expansao
170,1 dia,1.0,20.0,74.55857652445643,-54.55857652445643,54.55857652445643,expansao,expansao
170,3 dias,3.0,50.0,78.99560736875667,-28.995607368756666,28.995607368756666,expansao,expansao
170,7 dias,7.0,60.0,76.0711079062779,-16.071107906277902,16.071107906277902,expansao,expansao
170,14 dias,14.0,-120.0,-44.838133059534,-75.161866940466,75.161866940466,retracao,retracao
170,28 dias,28.0,-190.0,-162.05229844439577,-27.947701555604226,27.947701555604226,retracao,retracao
170,56 dias,56.0,-250.0,-294.68206806304045,44.68206806304045,44.68206806304045,retracao,retracao
171,12 h,0.5,0.0,-11.972700958552537,11.972700958552537,11.972700958552537,estabilidade,retracao
171,1 dia,1.0,90.0,-6.601059695669164,96.60105969566916,96.60105969566916,expansao,retracao
171,3 dias,3.0,160.0,-2.5965090326247093,162.5965090326247,162.5965090326247,expansao,retracao
171,7 dias,7.0,310.0,-10.055033605816334,320.05503360581633,320.05503360581633,expansao,retracao
171,14 dias,14.0,300.0,-128.16140844343374,428.16140844343374,428.16140844343374,expansao,retracao
171,28 dias,28.0,10.0,-243.52386113284476,253.52386113284476,253.52386113284476,expansao,retracao
171,56 dias,56.0,-250.0,-377.34374815976776,127.34374815976776,127.34374815976776,retracao,retracao
172,12 h,0.5,0.0,-91.27608075595141,91.27608075595141,91.27608075595141,estabilidade,retracao
172,1 dia,1.0,-40.0,-76.76788566044263,36.76788566044263,36.76788566044263,retracao,retracao
172,3 dias,3.0,-80.0,-60.89337865970214,-19.106621340297863,19.106621340297863,retracao,retracao
172,7 dias,7.0,-130.0,-63.317026528724796,-66.6829734712752,66.6829734712752,retracao,retracao
172,14 dias,14.0,-190.0,-187.18071245778768,-2.8192875422123223,2.8192875422123223,retracao,retracao
172,28 dias,28.0,-270.0,-309.19534566289377,39.19534566289377,39.19534566289377,retracao,retracao
172,56 dias,56.0,-390.0,-447.00845708723455,57.00845708723455,57.00845708723455,retracao,retracao
173,12 h,0.5,0.0,-54.98547216647792,54.98547216647792,54.98547216647792,estabilidade,retracao
173,1 dia,1.0,-30.0,-40.69276121799274,10.69276121799274,10.69276121799274,retracao,retracao
173,3 dias,3.0,-80.0,-36.2557303736925,-43.7442696263075,43.7442696263075,retracao,retracao
173,7 dias,7.0,-130.0,-39.18022983617128,-90.81977016382872,90.81977016382872,retracao,retracao
173,14 dias,14.0,-190.0,-160.08947080198317,-29.91052919801683,29.91052919801683,retracao,retracao
173,28 dias,28.0,-270.0,-277.3036361868449,7.303636186844926,7.303636186844926,retracao,retracao
173,56 dias,56.0,-380.0,-409.93340580548966,29.933405805489656,29.933405805489656,retracao,retracao
174,12 h,0.5,0.0,-49.84201651046888,49.84201651046888,49.84201651046888,estabilidade,retracao
174,1 dia,1.0,-50.0,-44.47037524758552,-5.5296247524144775,5.5296247524144775,retracao,retracao
174,3 dias,3.0,-90.0,-40.46582458454105,-49.53417541545895,49.53417541545895,retracao,retracao
174,7 dias,7.0,-140.0,-47.92434915773268,-92.07565084226732,92.07565084226732,retracao,retracao
174,14 dias,14.0,-190.0,-166.0307239953501,-23.969276004649913,23.969276004649913,retracao,retracao
174,28 dias,28.0,-250.0,-281.3931766847611,31.3931766847611,31.3931766847611,retracao,retracao
174,56 dias,56.0,-380.0,-415.2130637116841,35.21306371168407,35.21306371168407,retracao,retracao
175,12 h,0.5,0.0,6.5498365366082965,-6.5498365366082965,6.5498365366082965,estabilidade,expansao
175,1 dia,1.0,40.0,21.058031632117064,18.941968367882936,18.941968367882936,expansao,expansao
175,3 dias,3.0,70.0,36.932538632857586,33.067461367142414,33.067461367142414,expansao,expansao
175,7 dias,7.0,100.0,34.508890763834955,65.49110923616504,65.49110923616504,expansao,expansao
175,14 dias,14.0,-50.0,-89.35479516522796,39.354795165227955,39.354795165227955,retracao,retracao
175,28 dias,28.0,-140.0,-211.36942837033408,71.36942837033408,71.36942837033408,retracao,retracao
175,56 dias,56.0,-250.0,-349.1825397946749,99.18253979467488,99.18253979467488,retracao,retracao
176,12 h,0.5,0.0,-84.01705650302071,84.01705650302071,84.01705650302071,estabilidade,retracao
176,1 dia,1.0,-50.0,-69.72434555453552,19.724345554535518,19.724345554535518,retracao,retracao
176,3 dias,3.0,-90.0,-65.28731471023528,-24.71268528976472,24.71268528976472,retracao,retracao
176,7 dias,7.0,-130.0,-68.21181417271404,-61.78818582728596,61.78818582728596,retracao,retracao
176,14 dias,14.0,-190.0,-189.12105513852595,-0.8789448614740536,0.8789448614740536,retracao,retracao
176,28 dias,28.0,-270.0,-306.3352205233877,36.335220523387704,36.335220523387704,retracao,retracao
176,56 dias,56.0,-380.0,-438.9649901420324,58.96499014203238,58.96499014203238,retracao,retracao
177,12 h,0.5,0.0,18.885185512522668,-18.885185512522668,18.885185512522668,estabilidade,expansao
177,1 dia,1.0,0.0,24.256826775405983,-24.256826775405983,24.256826775405983,estabilidade,expansao
177,3 dias,3.0,20.0,28.261377438450467,-8.261377438450467,8.261377438450467,expansao,expansao
177,7 dias,7.0,50.0,20.802852865258842,29.197147134741158,29.197147134741158,expansao,expansao
177,14 dias,14.0,-110.0,-97.3035219723586,-12.696478027641405,12.696478027641405,retracao,retracao
177,28 dias,28.0,-270.0,-212.66597466176958,-57.33402533823042,57.33402533823042,retracao,retracao
177,56 dias,56.0,-360.0,-346.4858616886926,-13.51413831130742,13.51413831130742,retracao,retracao
178,12 h,0.5,0.0,92.59662283995578,-92.59662283995578,92.59662283995578,estabilidade,expansao
178,1 dia,1.0,30.0,107.10481793546455,-77.10481793546455,77.10481793546455,expansao,expansao
178,3 dias,3.0,80.0,122.97932493620505,-42.979324936205046,42.979324936205046,expansao,expansao
178,7 dias,7.0,150.0,120.55567706718244,29.444322932817556,29.444322932817556,expansao,expansao
178,14 dias,14.0,-40.0,-3.308008861880438,-36.69199113811956,36.69199113811956,retracao,retracao
178,28 dias,28.0,-110.0,-125.32264206698653,15.322642066986532,15.322642066986532,retracao,retracao
178,56 dias,56.0,-250.0,-263.13575349132736,13.135753491327364,13.135753491327364,retracao,retracao
179,12 h,0.5,0.0,53.30704877122902,-53.30704877122902,53.30704877122902,estabilidade,expansao
179,1 dia,1.0,100.0,67.59975971971419,32.400240280285814,32.400240280285814,expansao,expansao
179,3 dias,3.0,160.0,72.03679056401442,87.96320943598558,87.96320943598558,expansao,expansao
179,7 dias,7.0,190.0,69.11229110153566,120.88770889846434,120.88770889846434,expansao,expansao
179,14 dias,14.0,-70.0,-51.79694986427623,-18.20305013572377,18.20305013572377,retracao,retracao
179,28 dias,28.0,-130.0,-169.011115249138,39.01111524913799,39.01111524913799,retracao,retracao
179,56 dias,56.0,-240.0,-301.6408848677827,61.64088486778269,61.64088486778269,retracao,retracao
180,12 h,0.5,0.0,13.684387510741601,-13.684387510741601,13.684387510741601,estabilidade,expansao
180,1 dia,1.0,50.0,19.056028773624917,30.943971226375083,30.943971226375083,expansao,expansao
180,3 dias,3.0,120.0,23.0605794366694,96.9394205633306,96.9394205633306,expansao,expansao
180,7 dias,7.0,70.0,15.602054863477775,54.397945136522225,54.397945136522225,expansao,expansao
180,14 dias,14.0,-50.0,-102.50431997413966,52.50431997413966,52.50431997413966,retracao,retracao
180,28 dias,28.0,-160.0,-217.86677266355065,57.86677266355065,57.86677266355065,retracao,retracao
180,56 dias,56.0,-230.0,-351.68665969047356,121.68665969047356,121.68665969047356,retracao,retracao
181,12 h,0.5,0.0,108.87474175157587,-108.87474175157587,108.87474175157587,estabilidade,expansao
181,1 dia,1.0,50.0,123.38293684708458,-73.38293684708458,73.38293684708458,expansao,expansao
181,3 dias,3.0,110.0,139.25744384782507,-29.257443847825073,29.257443847825073,expansao,expansao
181,7 dias,7.0,140.0,136.83379597880247,3.1662040211975295,3.1662040211975295,expansao,expansao
181,14 dias,14.0,-50.0,12.970110049739588,-62.97011004973959,62.97011004973959,retracao,expansao
181,28 dias,28.0,-140.0,-109.0445231553665,-30.955476844633495,30.955476844633495,retracao,retracao
181,56 dias,56.0,-230.0,-246.85763457970734,16.857634579707337,16.857634579707337,retracao,retracao
182,12 h,0.5,0.0,-23.087323921288757,23.087323921288757,23.087323921288757,estabilidade,retracao
182,1 dia,1.0,50.0,-8.794612972803563,58.79461297280356,58.79461297280356,expansao,retracao
182,3 dias,3.0,80.0,-4.357582128503324,84.35758212850332,84.35758212850332,expansao,retracao
182,7 dias,7.0,100.0,-7.282081590982074,107.28208159098207,107.28208159098207,expansao,retracao
182,14 dias,14.0,-50.0,-128.19132255679398,78.19132255679398,78.19132255679398,retracao,retracao
182,28 dias,28.0,-120.0,-245.40548794165574,125.40548794165574,125.40548794165574,retracao,retracao
182,56 dias,56.0,-230.0,-378.03525756030047,148.03525756030047,148.03525756030047,retracao,retracao
183,12 h,0.5,0.0,108.19164983890093,-108.19164983890093,108.19164983890093,estabilidade,expansao
183,1 dia,1.0,40.0,113.56329110178427,-73.56329110178427,73.56329110178427,expansao,expansao
183,3 dias,3.0,70.0,117.56784176482876,-47.567841764828756,47.567841764828756,expansao,expansao
183,7 dias,7.0,110.0,110.10931719163713,-0.10931719163713183,0.10931719163713183,expansao,expansao
183,14 dias,14.0,-30.0,-7.9970576459803056,-22.002942354019694,22.002942354019694,retracao,retracao
183,28 dias,28.0,-110.0,-123.3595103353913,13.359510335391306,13.359510335391306,retracao,retracao
183,56 dias,56.0,-230.0,-257.17939736231426,27.179397362314262,27.179397362314262,retracao,retracao
184,12 h,0.5,0.0,115.00368551511156,-115.00368551511156,115.00368551511156,estabilidade,expansao
184,1 dia,1.0,50.0,129.51188061062027,-79.51188061062027,79.51188061062027,expansao,expansao
184,3 dias,3.0,120.0,145.38638761136082,-25.386387611360817,25.386387611360817,expansao,expansao
184,7 dias,7.0,160.0,142.96273974233821,17.037260257661785,17.037260257661785,expansao,expansao
184,14 dias,14.0,-10.0,19.099053813275333,-29.099053813275333,29.099053813275333,retracao,expansao
184,28 dias,28.0,-80.0,-102.91557939183078,22.915579391830775,22.915579391830775,retracao,retracao
184,56 dias,56.0,-220.0,-240.72869081617162,20.72869081617162,20.72869081617162,retracao,retracao
185,12 h,0.5,0.0,42.5252106269766,-42.5252106269766,42.5252106269766,estabilidade,expansao
185,1 dia,1.0,60.0,56.817921575461824,3.182078424538176,3.182078424538176,expansao,expansao
185,3 dias,3.0,90.0,61.25495241976209,28.74504758023791,28.74504758023791,expansao,expansao
185,7 dias,7.0,130.0,58.33045295728333,71.66954704271667,71.66954704271667,expansao,expansao
185,14 dias,14.0,-20.0,-62.57878800852859,42.57878800852859,42.57878800852859,retracao,retracao
185,28 dias,28.0,-110.0,-179.79295339339035,69.79295339339035,69.79295339339035,retracao,retracao
185,56 dias,56.0,-220.0,-312.422723012035,92.42272301203502,92.42272301203502,retracao,retracao
186,12 h,0.5,0.0,-88.5208233968733,88.5208233968733,88.5208233968733,estabilidade,retracao
186,1 dia,1.0,-40.0,-83.14918213398995,43.14918213398995,43.14918213398995,retracao,retracao
186,3 dias,3.0,-80.0,-79.1446314709455,-0.8553685290545019,0.8553685290545019,retracao,retracao
186,7 dias,7.0,-120.0,-86.60315604413712,-33.39684395586288,33.39684395586288,retracao,retracao
186,14 dias,14.0,-180.0,-204.70953088175452,24.709530881754517,24.709530881754517,retracao,retracao
186,28 dias,28.0,-260.0,-320.0719835711655,60.071983571165504,60.071983571165504,retracao,retracao
186,56 dias,56.0,-380.0,-453.8918705980885,73.89187059808847,73.89187059808847,retracao,retracao
187,12 h,0.5,0.0,90.79682035467175,-90.79682035467175,90.79682035467175,estabilidade,expansao
187,1 dia,1.0,30.0,105.30501545018058,-75.30501545018058,75.30501545018058,expansao,expansao
187,3 dias,3.0,80.0,121.17952245092107,-41.17952245092107,41.17952245092107,expansao,expansao
187,7 dias,7.0,120.0,118.75587458189841,1.2441254181015893,1.2441254181015893,expansao,expansao
187,14 dias,14.0,-30.0,-5.107811347164471,-24.89218865283553,24.89218865283553,retracao,retracao
187,28 dias,28.0,-120.0,-127.12244455227058,7.122444552270579,7.122444552270579,retracao,retracao
187,56 dias,56.0,-210.0,-264.93555597661145,54.935555976611454,54.935555976611454,retracao,retracao
188,12 h,0.5,0.0,90.80373446752223,-90.80373446752223,90.80373446752223,estabilidade,expansao
188,1 dia,1.0,30.0,105.09644541600737,-75.09644541600737,75.09644541600737,expansao,expansao
188,3 dias,3.0,40.0,109.53347626030764,-69.53347626030764,69.53347626030764,expansao,expansao
188,7 dias,7.0,60.0,106.60897679782884,-46.608976797828845,46.608976797828845,expansao,expansao
188,14 dias,14.0,-40.0,-14.300264167983002,-25.699735832016998,25.699735832016998,retracao,retracao
188,28 dias,28.0,-90.0,-131.51442955284477,41.514429552844774,41.514429552844774,retracao,retracao
188,56 dias,56.0,-200.0,-264.14419917148945,64.14419917148945,64.14419917148945,retracao,retracao
189,12 h,0.5,0.0,-177.6470764772646,177.6470764772646,177.6470764772646,estabilidade,retracao
189,1 dia,1.0,10.0,-172.27543521438122,182.27543521438122,182.27543521438122,expansao,retracao
189,3 dias,3.0,40.0,-168.27088455133674,208.27088455133674,208.27088455133674,expansao,retracao
189,7 dias,7.0,70.0,-175.72940912452836,245.72940912452836,245.72940912452836,expansao,retracao
189,14 dias,14.0,-90.0,-293.8357839621458,203.8357839621458,203.8357839621458,retracao,retracao
189,28 dias,28.0,-240.0,-409.1982366515567,169.19823665155673,169.19823665155673,retracao,retracao
189,56 dias,56.0,-380.0,-543.0181236784798,163.0181236784798,163.0181236784798,retracao,retracao
190,12 h,0.5,0.0,-97.60261221310861,97.60261221310861,97.60261221310861,estabilidade,retracao
190,1 dia,1.0,-20.0,-83.09441711759982,63.09441711759982,63.09441711759982,retracao,retracao
190,3 dias,3.0,-60.0,-67.21991011685932,7.2199101168593245,7.2199101168593245,retracao,retracao
190,7 dias,7.0,-80.0,-69.64355798588197,-10.35644201411803,10.35644201411803,retracao,retracao
190,14 dias,14.0,-160.0,-193.50724391494487,33.507243914944866,33.507243914944866,retracao,retracao
190,28 dias,28.0,-250.0,-315.52187712005093,65.52187712005093,65.52187712005093,retracao,retracao
190,56 dias,56.0,-350.0,-453.3349885443918,103.33498854439182,103.33498854439182,retracao,retracao
191,12 h,0.5,0.0,254.90319999073978,-254.90319999073978,254.90319999073978,estabilidade,expansao
191,1 dia,1.0,20.0,269.1959109392249,-249.19591093922492,249.19591093922492,expansao,expansao
191,3 dias,3.0,60.0,273.63294178352515,-213.63294178352515,213.63294178352515,expansao,expansao
191,7 dias,7.0,90.0,270.7084423210464,-180.7084423210464,180.7084423210464,expansao,expansao
191,14 dias,14.0,-30.0,149.79920135523446,-179.79920135523446,179.79920135523446,retracao,expansao
191,28 dias,28.0,-110.0,32.58503597037269,-142.5850359703727,142.5850359703727,retracao,expansao
191,56 dias,56.0,-250.0,-100.04473364827203,-149.95526635172797,149.95526635172797,retracao,retracao
192,12 h,0.5,0.0,261.6126595762559,-261.6126595762559,261.6126595762559,estabilidade,expansao
192,1 dia,1.0,220.0,266.9843008391392,-46.98430083913922,46.98430083913922,expansao,expansao
192,3 dias,3.0,420.0,270.9888515021837,149.0111484978163,149.0111484978163,expansao,expansao
192,7 dias,7.0,620.0,263.5303269289921,356.4696730710079,356.4696730710079,expansao,expansao
192,14 dias,14.0,440.0,145.42395209137464,294.57604790862536,294.57604790862536,expansao,expansao
192,28 dias,28.0,270.0,30.061499401963715,239.93850059803628,239.93850059803628,expansao,expansao
192,56 dias,56.0,140.0,-103.75838762495925,243.75838762495925,243.75838762495925,expansao,retracao
193,12 h,0.5,0.0,278.8896159440065,-278.8896159440065,278.8896159440065,estabilidade,expansao
193,1 dia,1.0,160.0,293.3978110395153,-133.39781103951532,133.39781103951532,expansao,expansao
193,3 dias,3.0,380.0,309.2723180402558,70.72768195974419,70.72768195974419,expansao,expansao
193,7 dias,7.0,760.0,306.8486701712331,453.1513298287669,453.1513298287669,expansao,expansao
193,14 dias,14.0,610.0,182.98498424217024,427.01501575782976,427.01501575782976,expansao,expansao
193,28 dias,28.0,370.0,60.97035103706412,309.0296489629359,309.0296489629359,expansao,expansao
193,56 dias,56.0,70.0,-76.84276038727671,146.8427603872767,146.8427603872767,expansao,retracao
194,12 h,0.5,0.0,316.7126889807381,-316.7126889807381,316.7126889807381,estabilidade,expansao
194,1 dia,1.0,220.0,331.00539992922324,-111.00539992922324,111.00539992922324,expansao,expansao
194,3 dias,3.0,700.0,335.4424307735235,364.5575692264765,364.5575692264765,expansao,expansao
194,7 dias,7.0,910.0,332.5179313110447,577.4820686889552,577.4820686889552,expansao,expansao
194,14 dias,14.0,720.0,211.60869034523284,508.39130965476716,508.39130965476716,expansao,expansao
194,28 dias,28.0,430.0,94.39452496037102,335.60547503962897,335.60547503962897,expansao,expansao
194,56 dias,56.0,120.0,-38.23524465827367,158.23524465827367,158.23524465827367,expansao,retracao
195,12 h,0.5,0.0,25.40834036694426,-25.40834036694426,25.40834036694426,estabilidade,expansao
195,1 dia,1.0,0.0,30.77998162982763,-30.77998162982763,30.77998162982763,estabilidade,expansao
195,3 dias,3.0,130.0,34.784532292872086,95.21546770712791,95.21546770712791,expansao,expansao
195,7 dias,7.0,140.0,27.32600771968046,112.67399228031954,112.67399228031954,expansao,expansao
195,14 dias,14.0,-30.0,-90.78036711793695,60.78036711793695,60.78036711793695,retracao,retracao
195,28 dias,28.0,-100.0,-206.14281980734793,106.14281980734793,106.14281980734793,retracao,retracao
195,56 dias,56.0,-230.0,-339.9627068342709,109.96270683427088,109.96270683427088,retracao,retracao
196,12 h,0.5,0.0,80.64368820939893,-80.64368820939893,80.64368820939893,estabilidade,expansao
196,1 dia,1.0,30.0,95.15188330490776,-65.15188330490776,65.15188330490776,expansao,expansao
196,3 dias,3.0,40.0,111.02639030564819,-71.02639030564819,71.02639030564819,expansao,expansao
196,7 dias,7.0,60.0,108.60274243662553,-48.60274243662553,48.60274243662553,expansao,expansao
196,14 dias,14.0,-40.0,-15.26094349243732,-24.73905650756268,24.73905650756268,retracao,retracao
196,28 dias,28.0,-90.0,-137.2755766975434,47.275576697543414,47.275576697543414,retracao,retracao
196,56 dias,56.0,-200.0,-275.0886881218843,75.08868812188427,75.08868812188427,retracao,retracao
197,12 h,0.5,0.0,32.38574992561304,-32.38574992561304,32.38574992561304,estabilidade,expansao
197,1 dia,1.0,0.0,46.678460874098235,-46.678460874098235,46.678460874098235,estabilidade,expansao
197,3 dias,3.0,70.0,51.1154917183985,18.884508281601498,18.884508281601498,expansao,expansao
197,7 dias,7.0,80.0,48.19099225591974,31.80900774408026,31.80900774408026,expansao,expansao
197,14 dias,14.0,-80.0,-72.71824870989218,-7.28175129010782,7.28175129010782,retracao,retracao
197,28 dias,28.0,-150.0,-189.93241409475394,39.93241409475394,39.93241409475394,retracao,retracao
197,56 dias,56.0,-220.0,-322.56218371339867,102.56218371339867,102.56218371339867,retracao,retracao
198,12 h,0.5,0.0,148.41637891110707,-148.41637891110707,148.41637891110707,estabilidade,expansao
198,1 dia,1.0,0.0,153.78802017399045,-153.78802017399045,153.78802017399045,estabilidade,expansao
198,3 dias,3.0,160.0,157.79257083703493,2.20742916296507,2.20742916296507,expansao,expansao
198,7 dias,7.0,180.0,150.33404626384328,29.665953736156723,29.665953736156723,expansao,expansao
198,14 dias,14.0,40.0,32.22767142622584,7.7723285737741605,7.7723285737741605,expansao,expansao
198,28 dias,28.0,-60.0,-83.13478126318512,23.13478126318512,23.13478126318512,retracao,retracao
198,56 dias,56.0,-130.0,-216.95466829010806,86.95466829010806,86.95466829010806,retracao,retracao
199,12 h,0.5,0.0,118.72299020985673,-118.72299020985673,118.72299020985673,estabilidade,expansao
199,1 dia,1.0,130.0,133.2311853053655,-3.2311853053655,3.2311853053655,expansao,expansao
199,3 dias,3.0,80.0,149.105692306106,-69.105692306106,69.105692306106,expansao,expansao
199,7 dias,7.0,30.0,146.6820444370834,-116.68204443708339,116.68204443708339,expansao,expansao
199,14 dias,14.0,-40.0,22.81835850802051,-62.81835850802051,62.81835850802051,retracao,expansao
199,28 dias,28.0,-150.0,-99.19627469708557,-50.80372530291443,50.80372530291443,retracao,retracao
199,56 dias,56.0,-200.0,-237.00938612142642,37.00938612142642,37.00938612142642,retracao,retracao
200,12 h,0.5,0.0,186.9530080831621,-186.9530080831621,186.9530080831621,estabilidade,expansao
200,1 dia,1.0,0.0,201.24571903164724,-201.24571903164724,201.24571903164724,estabilidade,expansao
200,3 dias,3.0,200.0,205.68274987594748,-5.682749875947479,5.682749875947479,expansao,expansao
200,7 dias,7.0,230.0,202.75825041346872,27.241749586531284,27.241749586531284,expansao,expansao
200,14 dias,14.0,100.0,81.84900944765683,18.150990552343174,18.150990552343174,expansao,expansao
200,28 dias,28.0,-20.0,-35.36515593720496,15.36515593720496,15.36515593720496,retracao,retracao
200,56 dias,56.0,-80.0,-167.99492555584968,87.99492555584968,87.99492555584968,retracao,retracao
201,12 h,0.5,0.0,-89.63590290712533,89.63590290712533,89.63590290712533,estabilidade,retracao
201,1 dia,1.0,90.0,-84.26426164424198,174.26426164424197,174.26426164424197,expansao,retracao
201,3 dias,3.0,150.0,-80.25971098119751,230.25971098119751,230.25971098119751,expansao,retracao
201,7 dias,7.0,210.0,-87.71823555438914,297.71823555438914,297.71823555438914,expansao,retracao
201,14 dias,14.0,40.0,-205.82461039200655,245.82461039200655,245.82461039200655,expansao,retracao
201,28 dias,28.0,-90.0,-321.1870630814176,231.1870630814176,231.1870630814176,retracao,retracao
201,56 dias,56.0,-140.0,-455.00695010834056,315.00695010834056,315.00695010834056,retracao,retracao
202,12 h,0.5,0.0,-11.197945865763813,11.197945865763813,11.197945865763813,estabilidade,retracao
202,1 dia,1.0,10.0,3.3102492297449544,6.689750770255046,6.689750770255046,expansao,expansao
202,3 dias,3.0,30.0,19.184756230485476,10.815243769514524,10.815243769514524,expansao,expansao
202,7 dias,7.0,70.0,16.761108361462817,53.23889163853718,53.23889163853718,expansao,expansao
202,14 dias,14.0,-80.0,-107.10257756760006,27.102577567600065,27.102577567600065,retracao,retracao
202,28 dias,28.0,-230.0,-229.11721077270616,-0.8827892272938413,0.8827892272938413,retracao,retracao
202,56 dias,56.0,-350.0,-366.930322197047,16.93032219704702,16.93032219704702,retracao,retracao
203,12 h,0.5,0.0,218.42371645135302,-218.42371645135302,218.42371645135302,estabilidade,expansao
203,1 dia,1.0,0.0,232.71642739983815,-232.71642739983815,232.71642739983815,estabilidade,expansao
203,3 dias,3.0,230.0,237.1534582441384,-7.153458244138392,7.153458244138392,expansao,expansao
203,7 dias,7.0,260.0,234.22895878165963,25.771041218340372,25.771041218340372,expansao,expansao
203,14 dias,14.0,150.0,113.31971781584774,36.68028218415226,36.68028218415226,expansao,expansao
203,28 dias,28.0,40.0,-3.894447569014048,43.89444756901405,43.89444756901405,expansao,retracao
203,56 dias,56.0,-20.0,-136.52421718765876,116.52421718765876,116.52421718765876,retracao,retracao
204,12 h,0.5,0.0,280.4221890949031,-280.4221890949031,280.4221890949031,estabilidade,expansao
204,1 dia,1.0,340.0,285.7938303577865,54.206169642213524,54.206169642213524,expansao,expansao
204,3 dias,3.0,310.0,289.7983810208309,20.201618979169098,20.201618979169098,expansao,expansao
204,7 dias,7.0,310.0,282.33985644763925,27.66014355236075,27.66014355236075,expansao,expansao
204,14 dias,14.0,250.0,164.2334816100219,85.7665183899781,85.7665183899781,expansao,expansao
204,28 dias,28.0,140.0,48.87102892061088,91.12897107938912,91.12897107938912,expansao,expansao
204,56 dias,56.0,110.0,-84.9488581063121,194.94885810631212,194.94885810631212,expansao,retracao
205,12 h,0.5,0.0,297.6672559465982,-297.6672559465982,297.6672559465982,estabilidade,expansao
205,1 dia,1.0,410.0,312.17545104210694,97.82454895789306,97.82454895789306,expansao,expansao
205,3 dias,3.0,400.0,328.04995804284744,71.95004195715256,71.95004195715256,expansao,expansao
205,7 dias,7.0,400.0,325.62631017382483,74.37368982617517,74.37368982617517,expansao,expansao
205,14 dias,14.0,370.0,201.76262424476198,168.23737575523802,168.23737575523802,expansao,expansao
205,28 dias,28.0,230.0,79.74799103965586,150.25200896034414,150.25200896034414,expansao,expansao
205,56 dias,56.0,210.0,-58.065120384685,268.065120384685,268.065120384685,expansao,retracao
206,12 h,0.5,20.0,11.328742202179725,8.671257797820275,8.671257797820275,expansao,expansao
206,1 dia,1.0,0.0,25.62145315066492,-25.62145315066492,25.62145315066492,estabilidade,expansao
206,3 dias,3.0,100.0,30.058483994965187,69.94151600503481,69.94151600503481,expansao,expansao
206,7 dias,7.0,30.0,27.133984532486394,2.8660154675136056,2.8660154675136056,expansao,expansao
206,14 dias,14.0,-150.0,-93.7752564333255,-56.224743566674505,56.224743566674505,retracao,retracao
