amostra_id,idade_label,idade_dias,epsilon_t,epsilon_previsto,residuo,erro_absoluto,sinal_real,sinal_previsto
0,12 h,0.5,0.0,61.12359050846183,-61.12359050846183,61.12359050846183,estabilidade,expansao
0,1 dia,1.0,30.0,56.537590803863424,-26.537590803863424,26.537590803863424,expansao,expansao
0,3 dias,3.0,-50.0,65.34340662485502,-115.34340662485502,115.34340662485502,retracao,expansao
0,7 dias,7.0,-180.0,55.461501588684456,-235.46150158868446,235.46150158868446,retracao,expansao
0,14 dias,14.0,-360.0,-62.69840151569352,-297.3015984843065,297.3015984843065,retracao,retracao
0,28 dias,28.0,-590.0,-191.1063932444472,-398.8936067555528,398.8936067555528,retracao,retracao
0,56 dias,56.0,-760.0,-341.2461057329268,-418.7538942670732,418.7538942670732,retracao,retracao
1,12 h,0.5,0.0,-48.086449483474155,48.086449483474155,48.086449483474155,estabilidade,retracao
1,1 dia,1.0,40.0,-52.647075402294206,92.6470754022942,92.6470754022942,expansao,retracao
1,3 dias,3.0,80.0,-70.88957907757461,150.8895790775746,150.8895790775746,expansao,retracao
1,7 dias,7.0,120.0,-45.6504249477596,165.6504249477596,165.6504249477596,expansao,retracao
1,14 dias,14.0,-30.0,-171.22334929161667,141.22334929161667,141.22334929161667,retracao,retracao
1,28 dias,28.0,-250.0,-298.9208750185793,48.920875018579295,48.920875018579295,retracao,retracao
1,56 dias,56.0,-500.0,-455.7457613407034,-44.25423865929662,44.25423865929662,retracao,retracao
2,12 h,0.5,-10.0,29.38264044478143,-39.38264044478143,39.38264044478143,retracao,expansao
2,1 dia,1.0,0.0,26.204828110845654,-26.204828110845654,26.204828110845654,estabilidade,expansao
2,3 dias,3.0,10.0,13.493578775102492,-3.493578775102492,3.493578775102492,expansao,expansao
2,7 dias,7.0,30.0,36.52122313544541,-6.52122313544541,6.52122313544541,expansao,expansao
2,14 dias,14.0,-160.0,-56.41829257148507,-103.58170742851493,103.58170742851493,retracao,retracao
2,28 dias,28.0,-310.0,-194.81584954047753,-115.18415045952247,115.18415045952247,retracao,retracao
2,56 dias,56.0,-420.0,-323.3545286220921,-96.64547137790788,96.64547137790788,retracao,retracao
3,12 h,0.5,0.0,77.10993855321615,-77.10993855321615,77.10993855321615,estabilidade,expansao
3,1 dia,1.0,-30.0,72.86794578125287,-102.86794578125287,102.86794578125287,retracao,expansao
3,3 dias,3.0,-60.0,83.04978933278457,-143.04978933278457,143.04978933278457,retracao,expansao
3,7 dias,7.0,-120.0,75.91993975769438,-195.91993975769438,195.91993975769438,retracao,expansao
3,14 dias,14.0,-240.0,-37.423866289792926,-202.57613371020707,202.57613371020707,retracao,retracao
3,28 dias,28.0,-300.0,-156.19966390476526,-143.80033609523474,143.80033609523474,retracao,retracao
3,56 dias,56.0,-410.0,-287.0749881656822,-122.92501183431779,122.92501183431779,retracao,retracao
4,12 h,0.5,0.0,86.15117647051915,-86.15117647051915,86.15117647051915,estabilidade,expansao
4,1 dia,1.0,30.0,81.92883873798519,-51.92883873798519,51.92883873798519,expansao,expansao
4,3 dias,3.0,60.0,65.03948780784921,-5.039487807849213,5.039487807849213,expansao,expansao
4,7 dias,7.0,100.0,92.98494742795307,7.015052572046926,7.015052572046926,expansao,expansao
4,14 dias,14.0,-110.0,-27.851942307898497,-82.1480576921015,82.1480576921015,retracao,retracao
4,28 dias,28.0,-290.0,-146.07739881885016,-143.92260118114984,143.92260118114984,retracao,retracao
4,56 dias,56.0,-400.0,-283.95814670895237,-116.04185329104763,116.04185329104763,retracao,retracao
5,12 h,0.5,0.0,-25.336907094786,25.336907094786,25.336907094786,estabilidade,retracao
5,1 dia,1.0,-40.0,-28.900262836883144,-11.099737163116856,11.099737163116856,retracao,retracao
5,3 dias,3.0,-100.0,-43.153685805271635,-56.846314194728365,56.846314194728365,retracao,retracao
5,7 dias,7.0,-450.0,-23.21038871021935,-426.7896112897806,426.7896112897806,retracao,retracao
5,14 dias,14.0,-560.0,-121.5475121314084,-438.4524878685916,438.4524878685916,retracao,retracao
5,28 dias,28.0,-870.0,-270.740284528918,-599.259715471082,599.259715471082,retracao,retracao
5,56 dias,56.0,-1000.0,-420.86939446756696,-579.130605532433,579.130605532433,retracao,retracao
6,12 h,0.5,0.0,-86.02758012501089,86.02758012501089,86.02758012501089,estabilidade,retracao
6,1 dia,1.0,-50.0,-90.58851972193382,40.58851972193382,40.58851972193382,retracao,retracao
6,3 dias,3.0,-130.0,-81.68246347024069,-48.31753652975931,48.31753652975931,retracao,retracao
6,7 dias,7.0,-290.0,-91.36388764500809,-198.6361123549919,198.6361123549919,retracao,retracao
6,14 dias,14.0,-450.0,-209.17294924193044,-240.82705075806956,240.82705075806956,retracao,retracao
6,28 dias,28.0,-580.0,-336.8792579557729,-243.1207420442271,243.1207420442271,retracao,retracao
6,56 dias,56.0,-760.0,-485.6156044144301,-274.3843955855699,274.3843955855699,retracao,retracao
7,12 h,0.5,0.0,96.51432545196573,-96.51432545196573,96.51432545196573,estabilidade,expansao
7,1 dia,1.0,110.0,92.5268531201462,17.4731468798538,17.4731468798538,expansao,expansao
7,3 dias,3.0,190.0,76.5769637928681,113.4230362071319,113.4230362071319,expansao,expansao
7,7 dias,7.0,220.0,106.40134661868763,113.59865338131237,113.59865338131237,expansao,expansao
7,14 dias,14.0,-40.0,-11.147427507161467,-28.852572492838533,28.852572492838533,retracao,retracao
7,28 dias,28.0,-270.0,-122.79665279810823,-147.20334720189177,147.20334720189177,retracao,retracao
7,56 dias,56.0,-390.0,-247.5249382482006,-142.4750617517994,142.4750617517994,retracao,retracao
8,12 h,0.5,0.0,-25.336907094786,25.336907094786,25.336907094786,estabilidade,retracao
8,1 dia,1.0,-90.0,-28.900262836883144,-61.099737163116856,61.099737163116856,retracao,retracao
8,3 dias,3.0,-250.0,-43.153685805271635,-206.84631419472836,206.84631419472836,retracao,retracao
8,7 dias,7.0,-370.0,-23.21038871021935,-346.7896112897806,346.7896112897806,retracao,retracao
8,14 dias,14.0,-500.0,-121.5475121314084,-378.4524878685916,378.4524878685916,retracao,retracao
8,28 dias,28.0,-580.0,-270.740284528918,-309.259715471082,309.259715471082,retracao,retracao
8,56 dias,56.0,-740.0,-420.86939446756696,-319.13060553243304,319.13060553243304,retracao,retracao
9,12 h,0.5,0.0,16.976955682286047,-16.976955682286047,16.976955682286047,estabilidade,expansao
9,1 dia,1.0,70.0,12.879628077358035,57.120371922641965,57.120371922641965,expansao,expansao
9,3 dias,3.0,150.0,23.64013229703079,126.35986770296921,126.35986770296921,expansao,expansao
9,7 dias,7.0,170.0,17.667604058222736,152.33239594177726,152.33239594177726,expansao,expansao
9,14 dias,14.0,-60.0,-93.6508896507708,33.65088965077079,33.65088965077079,retracao,retracao
9,28 dias,28.0,-260.0,-208.37606258875567,-51.62393741124433,51.62393741124433,retracao,retracao
9,56 dias,56.0,-270.0,-331.15013749569766,61.15013749569766,61.15013749569766,retracao,retracao
10,12 h,0.5,0.0,-69.32999421065753,69.32999421065753,69.32999421065753,estabilidade,retracao
10,1 dia,1.0,-40.0,-73.57169524004965,33.57169524004965,33.57169524004965,retracao,retracao
10,3 dias,3.0,-120.0,-90.5384993576181,-29.461500642381907,29.461500642381907,retracao,retracao
10,7 dias,7.0,-170.0,-62.74794611237925,-107.25205388762075,107.25205388762075,retracao,retracao
10,14 dias,14.0,-380.0,-183.8559220042446,-196.1440779957554,196.1440779957554,retracao,retracao
10,28 dias,28.0,-550.0,-302.62355082722377,-247.37644917277623,247.37644917277623,retracao,retracao
10,56 dias,56.0,-660.0,-441.58864334138104,-218.41135665861896,218.41135665861896,retracao,retracao
11,12 h,0.5,0.0,69.27939312702608,-69.27939312702608,69.27939312702608,estabilidade,expansao
11,1 dia,1.0,10.0,65.88066335811078,-55.88066335811078,55.88066335811078,expansao,expansao
11,3 dias,3.0,20.0,52.28574428244963,-32.28574428244963,32.28574428244963,expansao,expansao
11,7 dias,7.0,50.0,73.54604916295656,-23.546049162956564,23.546049162956564,expansao,expansao
11,14 dias,14.0,-100.0,-22.486310633686813,-77.51368936631319,77.51368936631319,retracao,retracao
11,28 dias,28.0,-220.0,-167.0695557821051,-52.93044421789489,52.93044421789489,retracao,retracao
11,56 dias,56.0,-380.0,-307.9796112225713,-72.0203887774287,72.0203887774287,retracao,retracao
12,12 h,0.5,0.0,-85.6266184022045,85.6266184022045,85.6266184022045,estabilidade,retracao
12,1 dia,1.0,-50.0,-89.78659627632102,39.78659627632102,39.78659627632102,retracao,retracao
12,3 dias,3.0,-150.0,-79.27669313340223,-70.72330686659777,70.72330686659777,retracao,retracao
12,7 dias,7.0,-270.0,-85.75042352571833,-184.24957647428167,184.24957647428167,retracao,retracao
12,14 dias,14.0,-370.0,-197.9460210033509,-172.0539789966491,172.0539789966491,retracao,retracao
12,28 dias,28.0,-480.0,-314.4254014786138,-165.57459852138618,165.57459852138618,retracao,retracao
12,56 dias,56.0,-650.0,-440.707891460112,-209.29210853988798,209.29210853988798,retracao,retracao
13,12 h,0.5,10.0,-4.199510564828245,14.199510564828245,14.199510564828245,expansao,retracao
13,1 dia,1.0,0.0,-8.320475743222659,8.320475743222659,8.320475743222659,estabilidade,retracao
13,3 dias,3.0,20.0,-24.804336456800172,44.80433645680017,44.80433645680017,expansao,retracao
13,7 dias,7.0,20.0,3.9521035964205566,16.047896403579443,16.047896403579443,expansao,expansao
13,14 dias,14.0,-180.0,-115.46557038147654,-64.53442961852346,64.53442961852346,retracao,retracao
13,28 dias,28.0,-250.0,-230.85259537651916,-19.14740462348084,19.14740462348084,retracao,retracao
13,56 dias,56.0,-370.0,-363.0564802348033,-6.943519765196697,6.943519765196697,retracao,retracao
14,12 h,0.5,0.0,-88.5775080783042,88.5775080783042,88.5775080783042,estabilidade,retracao
14,1 dia,1.0,-60.0,-92.11785158759098,32.11785158759098,32.11785158759098,retracao,retracao
14,3 dias,3.0,-180.0,-106.27922562473803,-73.72077437526197,73.72077437526197,retracao,retracao
14,7 dias,7.0,-300.0,-86.15183066720282,-213.84816933279717,213.84816933279717,retracao,retracao
14,14 dias,14.0,-400.0,-184.16678282904678,-215.83321717095322,215.83321717095322,retracao,retracao
14,28 dias,28.0,-530.0,-332.71521270786627,-197.28478729213373,197.28478729213373,retracao,retracao
14,56 dias,56.0,-630.0,-481.5556376091348,-148.4443623908652,148.4443623908652,retracao,retracao
15,12 h,0.5,0.0,61.12359050846183,-61.12359050846183,61.12359050846183,estabilidade,expansao
15,1 dia,1.0,30.0,56.537590803863424,-26.537590803863424,26.537590803863424,expansao,expansao
15,3 dias,3.0,70.0,65.34340662485502,4.656593375144979,4.656593375144979,expansao,expansao
15,7 dias,7.0,110.0,55.461501588684456,54.538498411315544,54.538498411315544,expansao,expansao
15,14 dias,14.0,-20.0,-62.69840151569352,42.69840151569352,42.69840151569352,retracao,retracao
15,28 dias,28.0,-140.0,-191.1063932444472,51.10639324444719,51.10639324444719,retracao,retracao
15,56 dias,56.0,-370.0,-341.2461057329268,-28.75389426707318,28.75389426707318,retracao,retracao
16,12 h,0.5,0.0,-69.56893933756166,69.56893933756166,69.56893933756166,estabilidade,retracao
16,1 dia,1.0,-60.0,-74.57150403173193,14.571504031731934,14.571504031731934,retracao,retracao
16,3 dias,3.0,-180.0,-94.58176280841312,-85.41823719158688,85.41823719158688,retracao,retracao
16,7 dias,7.0,-300.0,-72.87811888139969,-227.1218811186003,227.1218811186003,retracao,retracao
16,14 dias,14.0,-400.0,-204.63818608015953,-195.36181391984047,195.36181391984047,retracao,retracao
16,28 dias,28.0,-530.0,-344.70999751692773,-185.29000248307227,185.29000248307227,retracao,retracao
16,56 dias,56.0,-630.0,-526.283455258663,-103.71654474133697,103.71654474133697,retracao,retracao
17,12 h,0.5,0.0,39.17028693114264,-39.17028693114264,39.17028693114264,estabilidade,expansao
17,1 dia,1.0,20.0,35.98043742927524,-15.980437429275241,15.980437429275241,expansao,expansao
17,3 dias,3.0,40.0,23.221039421805756,16.778960578194244,16.778960578194244,expansao,expansao
17,7 dias,7.0,90.0,46.152386438696084,43.847613561303916,43.847613561303916,expansao,expansao
17,14 dias,14.0,-30.0,-46.95564961927644,16.955649619276443,16.955649619276443,retracao,retracao
17,28 dias,28.0,-140.0,-185.69024729035303,45.69024729035303,45.69024729035303,retracao,retracao
17,56 dias,56.0,-360.0,-314.90300777613584,-45.09699222386416,45.09699222386416,retracao,retracao
18,12 h,0.5,0.0,52.65596196078232,-52.65596196078232,52.65596196078232,estabilidade,expansao
18,1 dia,1.0,60.0,48.327397907758524,11.672602092241476,11.672602092241476,expansao,expansao
18,3 dias,3.0,100.0,58.16295633504839,41.83704366495161,41.83704366495161,expansao,expansao
18,7 dias,7.0,-20.0,50.34053651147434,-70.34053651147434,70.34053651147434,retracao,expansao
18,14 dias,14.0,-130.0,-64.21526747085957,-65.78473252914043,65.78473252914043,retracao,retracao
18,28 dias,28.0,-240.0,-185.41506095552523,-54.584939044474766,54.584939044474766,retracao,retracao
18,56 dias,56.0,-360.0,-321.1383769558289,-38.8616230441711,38.8616230441711,retracao,retracao
19,12 h,0.5,0.0,55.73192955230462,-55.73192955230462,55.73192955230462,estabilidade,expansao
19,1 dia,1.0,30.0,51.39455105608411,-21.39455105608411,21.39455105608411,expansao,expansao
19,3 dias,3.0,60.0,34.0450370712021,25.954962928797897,25.954962928797897,expansao,expansao
19,7 dias,7.0,100.0,61.070170581813784,38.929829418186216,38.929829418186216,expansao,expansao
19,14 dias,14.0,-50.0,-61.37728984564909,11.377289845649088,11.377289845649088,retracao,retracao
19,28 dias,28.0,-190.0,-182.8238877398233,-7.176112260176694,7.176112260176694,retracao,retracao
19,56 dias,56.0,-360.0,-327.14691839637067,-32.853081603629334,32.853081603629334,retracao,retracao
20,12 h,0.5,0.0,103.15454791620198,-103.15454791620198,103.15454791620198,estabilidade,expansao
20,1 dia,1.0,20.0,99.88327051362097,-79.88327051362097,79.88327051362097,expansao,expansao
20,3 dias,3.0,60.0,86.79816090329712,-26.798160903297116,26.798160903297116,expansao,expansao
20,7 dias,7.0,120.0,109.07808471447868,10.921915285521322,10.921915285521322,expansao,expansao
20,14 dias,14.0,-20.0,14.830058046515774,-34.830058046515774,34.830058046515774,retracao,expansao
20,28 dias,28.0,-210.0,-126.18452084454145,-83.81547915545855,83.81547915545855,retracao,retracao
20,56 dias,56.0,-360.0,-259.9572437702856,-100.04275622971443,100.04275622971443,retracao,retracao
21,12 h,0.5,0.0,-86.39300205875038,86.39300205875038,86.39300205875038,estabilidade,retracao
21,1 dia,1.0,-70.0,-91.31936358941282,21.319363589412816,21.319363589412816,retracao,retracao
21,3 dias,3.0,-160.0,-83.87499507267759,-76.12500492732241,76.12500492732241,retracao,retracao
21,7 dias,7.0,-290.0,-96.47979471736082,-193.52020528263918,193.52020528263918,retracao,retracao
21,14 dias,14.0,-380.0,-219.40476338663586,-160.59523661336414,160.59523661336414,retracao,retracao
21,28 dias,28.0,-500.0,-357.34288624518376,-142.65711375481624,142.65711375481624,retracao,retracao
21,56 dias,56.0,-620.0,-526.542860993252,-93.45713900674798,93.45713900674798,retracao,retracao
22,12 h,0.5,0.0,-63.606546466228565,63.606546466228565,63.606546466228565,estabilidade,retracao
22,1 dia,1.0,-60.0,-68.11705561670999,8.11705561670999,8.11705561670999,retracao,retracao
22,3 dias,3.0,-130.0,-86.15909221863564,-43.840907781364365,43.840907781364365,retracao,retracao
22,7 dias,7.0,-250.0,-60.51900394211117,-189.48099605788883,189.48099605788883,retracao,retracao
22,14 dias,14.0,-370.0,-185.39029352922668,-184.60970647077332,184.60970647077332,retracao,retracao
22,28 dias,28.0,-480.0,-311.6845497427062,-168.31545025729378,168.31545025729378,retracao,retracao
22,56 dias,56.0,-590.0,-465.7028970378642,-124.2971029621358,124.2971029621358,retracao,retracao
23,12 h,0.5,0.0,-33.66433740277439,33.66433740277439,33.66433740277439,estabilidade,retracao
23,1 dia,1.0,-20.0,-36.82586415656746,16.825864156567462,16.825864156567462,retracao,retracao
23,3 dias,3.0,-70.0,-49.471971171739796,-20.528028828260204,20.528028828260204,retracao,retracao
23,7 dias,7.0,-100.0,-26.31404217025512,-73.68595782974488,73.68595782974488,retracao,retracao
23,14 dias,14.0,-200.0,-119.02555975518753,-80.97444024481247,80.97444024481247,retracao,retracao
23,28 dias,28.0,-460.0,-256.9671204801839,-203.0328795198161,203.0328795198161,retracao,retracao
23,56 dias,56.0,-580.0,-384.59380707380615,-195.40619292619385,195.40619292619385,retracao,retracao
24,12 h,0.5,0.0,-21.383612593052618,21.383612593052618,21.383612593052618,estabilidade,retracao
24,1 dia,1.0,10.0,-25.757740478213435,35.757740478213435,35.757740478213435,expansao,retracao
24,3 dias,3.0,20.0,-16.104437379472017,36.10443737947202,36.10443737947202,expansao,retracao
24,7 dias,7.0,40.0,-24.291367860142742,64.29136786014274,64.29136786014274,expansao,retracao
24,14 dias,14.0,-120.0,-139.48506549239596,19.48506549239596,19.48506549239596,retracao,retracao
24,28 dias,28.0,-240.0,-261.9606462769002,21.960646276900206,21.960646276900206,retracao,retracao
24,56 dias,56.0,-360.0,-400.23553687688104,40.23553687688104,40.23553687688104,retracao,retracao
25,12 h,0.5,0.0,44.864826923640976,-44.864826923640976,44.864826923640976,estabilidade,expansao
25,1 dia,1.0,20.0,40.655018383191646,-20.655018383191646,20.655018383191646,expansao,expansao
25,3 dias,3.0,70.0,23.81578422139438,46.18421577860562,46.18421577860562,expansao,expansao
25,7 dias,7.0,100.0,51.86147737817561,48.13852262182439,48.13852262182439,expansao,expansao
25,14 dias,14.0,-50.0,-68.80000366849058,18.800003668490575,18.800003668490575,retracao,retracao
25,28 dias,28.0,-190.0,-186.67464280107146,-3.3253571989285433,3.3253571989285433,retracao,retracao
25,56 dias,56.0,-360.0,-323.8537559344321,-36.146244065567885,36.146244065567885,retracao,retracao
26,12 h,0.5,0.0,-80.44373540458184,80.44373540458184,80.44373540458184,estabilidade,retracao
26,1 dia,1.0,-50.0,-83.67606902856065,33.67606902856065,33.67606902856065,retracao,retracao
26,3 dias,3.0,-120.0,-96.6054035244759,-23.394596475524096,23.394596475524096,retracao,retracao
26,7 dias,7.0,-190.0,-74.01392948447712,-115.98607051552288,115.98607051552288,retracao,retracao
26,14 dias,14.0,-310.0,-167.71674325200985,-142.28325674799015,142.28325674799015,retracao,retracao
26,28 dias,28.0,-430.0,-307.64089634220676,-122.35910365779324,122.35910365779324,retracao,retracao
26,56 dias,56.0,-580.0,-439.23276766623025,-140.76723233376975,140.76723233376975,retracao,retracao
27,12 h,0.5,0.0,41.25943575638374,-41.25943575638374,41.25943575638374,estabilidade,expansao
27,1 dia,1.0,0.0,37.38559874808814,-37.38559874808814,37.38559874808814,estabilidade,expansao
27,3 dias,3.0,10.0,49.04006535429073,-39.04006535429073,39.04006535429073,expansao,expansao
27,7 dias,7.0,10.0,44.85546188854215,-34.85546188854215,34.85546188854215,expansao,expansao
27,14 dias,14.0,-110.0,-63.33416346759725,-46.66583653240275,46.66583653240275,retracao,retracao
27,28 dias,28.0,-200.0,-171.80159969987383,-28.198400300126167,28.198400300126167,retracao,retracao
27,56 dias,56.0,-350.0,-282.06020119539926,-67.93979880460074,67.93979880460074,retracao,retracao
28,12 h,0.5,0.0,52.283056446659,-52.283056446659,52.283056446659,estabilidade,expansao
28,1 dia,1.0,20.0,47.96048517744765,-27.96048517744765,27.96048517744765,expansao,expansao
28,3 dias,3.0,50.0,30.670200100602216,19.329799899397784,19.329799899397784,expansao,expansao
28,7 dias,7.0,80.0,57.813791427287185,22.186208572712815,22.186208572712815,expansao,expansao
28,14 dias,14.0,-60.0,-64.42636782204752,4.426367822047524,4.426367822047524,retracao,retracao
28,28 dias,28.0,-200.0,-185.45836335996538,-14.541636640034625,14.541636640034625,retracao,retracao
28,56 dias,56.0,-350.0,-328.95218930400006,-21.047810695999942,21.047810695999942,retracao,retracao
29,12 h,0.5,0.0,-7.178775330627531,7.178775330627531,7.178775330627531,estabilidade,retracao
29,1 dia,1.0,-100.0,-10.609368191126407,-89.3906318088736,89.3906318088736,retracao,retracao
29,3 dias,3.0,-140.0,-24.331739633121884,-115.66826036687812,115.66826036687812,retracao,retracao
29,7 dias,7.0,-180.0,-3.3263394852835404,-176.67366051471646,176.67366051471646,retracao,retracao
29,14 dias,14.0,-310.0,-99.8047825640971,-210.19521743590292,210.19521743590292,retracao,retracao
29,28 dias,28.0,-390.0,-245.2801942768556,-144.7198057231444,144.7198057231444,retracao,retracao
29,56 dias,56.0,-560.0,-387.9745828460024,-172.02541715399758,172.02541715399758,retracao,retracao
30,12 h,0.5,0.0,46.70600931830322,-46.70600931830322,46.70600931830322,estabilidade,expansao
30,1 dia,1.0,20.0,42.483381174998186,-22.483381174998186,22.483381174998186,expansao,expansao
30,3 dias,3.0,40.0,52.74268324116298,-12.742683241162979,12.742683241162979,expansao,expansao
30,7 dias,7.0,70.0,45.76775069533886,24.23224930466114,24.23224930466114,expansao,expansao
30,14 dias,14.0,-100.0,-67.30495055093272,-32.695049449067284,32.695049449067284,retracao,retracao
30,28 dias,28.0,-230.0,-185.5385385634737,-44.46146143652629,44.46146143652629,retracao,retracao
30,56 dias,56.0,-350.0,-315.329443619528,-34.67055638047202,34.67055638047202,retracao,retracao
31,12 h,0.5,0.0,-69.35376073955143,69.35376073955143,69.35376073955143,estabilidade,retracao
31,1 dia,1.0,-60.0,-73.56356928000073,13.563569280000735,13.563569280000735,retracao,retracao
31,3 dias,3.0,-120.0,-90.402803441798,-29.597196558202,29.597196558202,retracao,retracao
31,7 dias,7.0,-180.0,-62.35711028501677,-117.64288971498323,117.64288971498323,retracao,retracao
31,14 dias,14.0,-270.0,-183.01859133168298,-86.98140866831702,86.98140866831702,retracao,retracao
31,28 dias,28.0,-380.0,-300.89323046426387,-79.10676953573613,79.10676953573613,retracao,retracao
31,56 dias,56.0,-500.0,-438.0723435976245,-61.927656402375476,61.927656402375476,retracao,retracao
32,12 h,0.5,0.0,30.76406215753488,-30.76406215753488,30.76406215753488,estabilidade,expansao
32,1 dia,1.0,70.0,27.16176263683559,42.83823736316441,42.83823736316441,expansao,expansao
32,3 dias,3.0,120.0,12.752564554038457,107.24743544596154,107.24743544596154,expansao,expansao
32,7 dias,7.0,170.0,32.38431142027352,137.61568857972648,137.61568857972648,expansao,expansao
32,14 dias,14.0,-50.0,-66.49802490134572,16.498024901345715,16.498024901345715,retracao,retracao
32,28 dias,28.0,-240.0,-216.7812230997157,-23.218776900284297,23.218776900284297,retracao,retracao
32,56 dias,56.0,-380.0,-369.0911846400853,-10.908815359914684,10.908815359914684,retracao,retracao
33,12 h,0.5,0.0,-85.6767386175553,85.6767386175553,85.6767386175553,estabilidade,retracao
33,1 dia,1.0,30.0,-89.88683670702262,119.88683670702262,119.88683670702262,expansao,retracao
33,3 dias,3.0,70.0,-79.57741442550704,149.57741442550704,149.57741442550704,expansao,retracao
33,7 dias,7.0,80.0,-86.45210654062953,166.45210654062953,166.45210654062953,expansao,retracao
33,14 dias,14.0,-90.0,-199.34938703317331,109.34938703317331,109.34938703317331,retracao,retracao
33,28 dias,28.0,-280.0,-317.23213353825867,37.232133538258665,37.232133538258665,retracao,retracao
33,56 dias,56.0,-490.0,-446.3213555794017,-43.67864442059829,43.67864442059829,retracao,retracao
34,12 h,0.5,0.0,42.58113646130832,-42.58113646130832,42.58113646130832,estabilidade,expansao
34,1 dia,1.0,20.0,38.37132792085902,-18.371327920859017,18.371327920859017,expansao,expansao
34,3 dias,3.0,50.0,21.532093759061752,28.467906240938248,28.467906240938248,expansao,expansao
34,7 dias,7.0,90.0,49.57778691584298,40.42221308415702,40.42221308415702,expansao,expansao
34,14 dias,14.0,-40.0,-71.08369413082323,31.083694130823233,31.083694130823233,retracao,retracao
34,28 dias,28.0,-160.0,-188.95833326340409,28.958333263404086,28.958333263404086,retracao,retracao
34,56 dias,56.0,-350.0,-326.1374463967648,-23.8625536032352,23.8625536032352,retracao,retracao
35,12 h,0.5,0.0,-88.26101708077779,88.26101708077779,88.26101708077779,estabilidade,retracao
35,1 dia,1.0,-70.0,-91.62575955200394,21.62575955200394,21.62575955200394,retracao,retracao
35,3 dias,3.0,-110.0,-105.08472943690849,-4.915270563091511,4.915270563091511,retracao,retracao
35,7 dias,7.0,-170.0,-83.55252617488831,-86.44747382511169,86.44747382511169,retracao,retracao
35,14 dias,14.0,-220.0,-179.10906380388354,-40.890936196116456,40.890936196116456,retracao,retracao
35,28 dias,28.0,-340.0,-322.74066461700556,-17.259335382994436,17.259335382994436,retracao,retracao
35,56 dias,56.0,-490.0,-461.74743138687927,-28.25256861312073,28.25256861312073,retracao,retracao
36,12 h,0.5,0.0,73.19788517615726,-73.19788517615726,73.19788517615726,estabilidade,expansao
36,1 dia,1.0,10.0,68.98778708668996,-58.98778708668996,58.98778708668996,expansao,expansao
36,3 dias,3.0,50.0,79.29720936820556,-29.297209368205557,29.297209368205557,expansao,expansao
36,7 dias,7.0,90.0,72.42251725308304,17.577482746916957,17.577482746916957,expansao,expansao
36,14 dias,14.0,-50.0,-40.47476323946074,-9.525236760539258,9.525236760539258,retracao,retracao
36,28 dias,28.0,-180.0,-158.3575097445461,-21.642490255453907,21.642490255453907,retracao,retracao
36,56 dias,56.0,-350.0,-287.44673178568905,-62.55326821431095,62.55326821431095,retracao,retracao
37,12 h,0.5,0.0,-69.3164133370039,69.3164133370039,69.3164133370039,estabilidade,retracao
37,1 dia,1.0,90.0,-73.57633864579188,163.57633864579188,163.57633864579188,expansao,retracao
37,3 dias,3.0,30.0,-90.61603988094387,120.61603988094387,120.61603988094387,expansao,retracao
37,7 dias,7.0,10.0,-62.97128087087211,72.9712808708721,72.9712808708721,expansao,retracao
37,14 dias,14.0,-150.0,-184.33439667427987,34.33439667427987,34.33439667427987,retracao,retracao
37,28 dias,28.0,-370.0,-303.61230532034386,-66.38769467965614,66.38769467965614,retracao,retracao
37,56 dias,56.0,-490.0,-443.59795748067074,-46.40204251932926,46.40204251932926,retracao,retracao
38,12 h,0.5,0.0,76.28872876036809,-76.28872876036809,76.28872876036809,estabilidade,expansao
38,1 dia,1.0,30.0,73.02718730243765,-43.02718730243765,43.02718730243765,expansao,expansao
38,3 dias,3.0,60.0,59.981021470715916,0.018978529284083834,0.018978529284083834,expansao,expansao
38,7 dias,7.0,100.0,82.3388328391018,17.661167160898202,17.661167160898202,expansao,expansao
38,14 dias,14.0,-150.0,-11.772890603753524,-138.22710939624648,138.22710939624648,retracao,retracao
38,28 dias,28.0,-220.0,-152.5148630445957,-67.4851369554043,67.4851369554043,retracao,retracao
38,56 dias,56.0,-350.0,-285.74237306990966,-64.25762693009034,64.25762693009034,retracao,retracao
39,12 h,0.5,0.0,-85.8817758621722,85.8817758621722,85.8817758621722,estabilidade,retracao
39,1 dia,1.0,-90.0,-90.29691119625646,0.2969111962564597,0.2969111962564597,retracao,retracao
39,3 dias,3.0,-120.0,-80.80763789320852,-39.19236210679148,39.19236210679148,retracao,retracao
39,7 dias,7.0,-160.0,-89.32262796526636,-70.67737203473364,70.67737203473364,retracao,retracao
39,14 dias,14.0,-210.0,-205.09042988244693,-4.9095701175530735,4.9095701175530735,retracao,retracao
39,28 dias,28.0,-360.0,-328.7142192368059,-31.28578076319411,31.28578076319411,retracao,retracao
39,56 dias,56.0,-490.0,-469.28552697649627,-20.71447302350373,20.71447302350373,retracao,retracao
40,12 h,0.5,0.0,115.35102878146171,-115.35102878146171,115.35102878146171,estabilidade,expansao
40,1 dia,1.0,50.0,111.14122024101238,-61.14122024101238,61.14122024101238,expansao,expansao
40,3 dias,3.0,80.0,94.30198607921511,-14.301986079215112,14.301986079215112,expansao,expansao
40,7 dias,7.0,130.0,122.34767923599634,7.652320764003662,7.652320764003662,expansao,expansao
40,14 dias,14.0,-30.0,1.686198189330156,-31.686198189330156,31.686198189330156,retracao,expansao
40,28 dias,28.0,-120.0,-116.1884409432507,-3.811559056749303,3.811559056749303,retracao,retracao
40,56 dias,56.0,-340.0,-253.36755407661138,-86.63244592338862,86.63244592338862,retracao,retracao
41,12 h,0.5,0.0,55.069008239413336,-55.069008239413336,55.069008239413336,estabilidade,expansao
41,1 dia,1.0,20.0,51.502112153806934,-31.502112153806934,31.502112153806934,expansao,expansao
41,3 dias,3.0,60.0,37.23452781138127,22.76547218861873,22.76547218861873,expansao,expansao
41,7 dias,7.0,90.0,57.14950215835924,32.85049784164076,32.85049784164076,expansao,expansao
41,14 dias,14.0,-20.0,-41.23718607195981,21.237186071959812,21.237186071959812,retracao,retracao
41,28 dias,28.0,-150.0,-190.5290880877295,40.52908808772949,40.52908808772949,retracao,retracao
41,56 dias,56.0,-340.0,-340.85645726289846,0.8564572628984592,0.8564572628984592,retracao,retracao
42,12 h,0.5,0.0,-85.56396813301599,85.56396813301599,85.56396813301599,estabilidade,retracao
42,1 dia,1.0,40.0,-89.66129573794403,129.66129573794404,129.66129573794404,expansao,retracao
42,3 dias,3.0,100.0,-78.9007915182712,178.9007915182712,178.9007915182712,expansao,retracao
42,7 dias,7.0,110.0,-84.87331975707929,194.8733197570793,194.8733197570793,expansao,retracao
42,14 dias,14.0,-60.0,-196.1918134660728,136.1918134660728,136.1918134660728,retracao,retracao
42,28 dias,28.0,-390.0,-310.9169864040577,-79.0830135959423,79.0830135959423,retracao,retracao
42,56 dias,56.0,-480.0,-433.69106131099977,-46.30893868900023,46.30893868900023,retracao,retracao
43,12 h,0.5,0.0,62.53002818782019,-62.53002818782019,62.53002818782019,estabilidade,expansao
43,1 dia,1.0,10.0,58.11519650416716,-48.11519650416716,48.11519650416716,expansao,expansao
43,3 dias,3.0,40.0,40.45586976955511,-0.4558697695551075,0.4558697695551075,expansao,expansao
43,7 dias,7.0,70.0,66.86137778070673,3.138622219293268,3.138622219293268,expansao,expansao
43,14 dias,14.0,-70.0,-56.670427270811274,-13.329572729188726,13.329572729188726,retracao,retracao
43,28 dias,28.0,-210.0,-180.28571441309575,-29.714285586904253,29.714285586904253,retracao,retracao
43,56 dias,56.0,-340.0,-328.9461235658636,-11.053876434136384,11.053876434136384,retracao,retracao
44,12 h,0.5,0.0,-98.68153217838648,98.68153217838648,98.68153217838648,estabilidade,retracao
44,1 dia,1.0,10.0,-102.02715679466246,112.02715679466246,112.02715679466246,expansao,retracao
44,3 dias,3.0,-10.0,-115.40965525976642,105.40965525976642,105.40965525976642,retracao,retracao
44,7 dias,7.0,-60.0,-93.72450915814505,33.724509158145054,33.724509158145054,retracao,retracao
44,14 dias,14.0,-200.0,-189.01339681783818,-10.986603182161815,10.986603182161815,retracao,retracao
44,28 dias,28.0,-400.0,-332.109697692356,-67.89030230764399,67.89030230764399,retracao,retracao
44,56 dias,56.0,-480.0,-470.0458645850214,-9.954135414978623,9.954135414978623,retracao,retracao
45,12 h,0.5,0.0,40.8944154313273,-40.8944154313273,40.8944154313273,estabilidade,expansao
45,1 dia,1.0,160.0,36.63419712650912,123.36580287349088,123.36580287349088,expansao,expansao
45,3 dias,3.0,140.0,46.74313854662154,93.25686145337846,93.25686145337846,expansao,expansao
45,7 dias,7.0,110.0,39.46748470869261,70.53251529130739,70.53251529130739,expansao,expansao
45,14 dias,14.0,-30.0,-74.1314787987624,44.1314787987624,44.1314787987624,retracao,retracao
45,28 dias,28.0,-220.0,-193.4175913336702,-26.582408666329798,26.582408666329798,retracao,retracao
45,56 dias,56.0,-330.0,-325.3135454344581,-4.686454565541908,4.686454565541908,retracao,retracao
46,12 h,0.5,0.0,-67.26037781574647,67.26037781574647,67.26037781574647,estabilidade,retracao
46,1 dia,1.0,-50.0,-71.4701863561958,21.470186356195796,21.470186356195796,retracao,retracao
46,3 dias,3.0,-100.0,-88.30942051799306,-11.690579482006939,11.690579482006939,retracao,retracao
46,7 dias,7.0,-160.0,-60.263727361211835,-99.73627263878817,99.73627263878817,retracao,retracao
46,14 dias,14.0,-250.0,-180.92520840787802,-69.07479159212198,69.07479159212198,retracao,retracao
46,28 dias,28.0,-350.0,-298.7998475404589,-51.20015245954107,51.20015245954107,retracao,retracao
46,56 dias,56.0,-480.0,-435.9789606738196,-44.021039326180414,44.021039326180414,retracao,retracao
47,12 h,0.5,0.0,68.06654902571802,-68.06654902571802,68.06654902571802,estabilidade,expansao
47,1 dia,1.0,40.0,64.79527162313701,-24.795271623137012,24.795271623137012,expansao,expansao
47,3 dias,3.0,80.0,51.71016201281316,28.289837987186843,28.289837987186843,expansao,expansao
47,7 dias,7.0,110.0,73.99008582399469,36.00991417600531,36.00991417600531,expansao,expansao
47,14 dias,14.0,-50.0,-20.25794084396813,-29.74205915603187,29.74205915603187,retracao,retracao
47,28 dias,28.0,-140.0,-161.27251973502538,21.272519735025384,21.272519735025384,retracao,retracao
47,56 dias,56.0,-330.0,-295.04524266076953,-34.95475733923047,34.95475733923047,retracao,retracao
48,12 h,0.5,0.0,-80.26155347014496,80.26155347014496,80.26155347014496,estabilidade,retracao
48,1 dia,1.0,-120.0,-84.47165155961228,-35.52834844038772,35.52834844038772,retracao,retracao
48,3 dias,3.0,-150.0,-74.1622292780967,-75.8377707219033,75.8377707219033,retracao,retracao
48,7 dias,7.0,-180.0,-81.03692139321919,-98.96307860678081,98.96307860678081,retracao,retracao
48,14 dias,14.0,-250.0,-193.93420188576297,-56.065798114237026,56.065798114237026,retracao,retracao
48,28 dias,28.0,-300.0,-311.8169483908483,11.816948390848324,11.816948390848324,retracao,retracao
48,56 dias,56.0,-470.0,-440.9061704319913,-29.093829568008687,29.093829568008687,retracao,retracao
49,12 h,0.5,0.0,68.78729379523699,-68.78729379523699,68.78729379523699,estabilidade,expansao
49,1 dia,1.0,30.0,64.35879390203704,-34.358793902037036,34.358793902037036,expansao,expansao
49,3 dias,3.0,60.0,46.64479432923736,13.355205670762643,13.355205670762643,expansao,expansao
49,7 dias,7.0,90.0,72.94095666401367,17.05904333598633,17.05904333598633,expansao,expansao
49,14 dias,14.0,-30.0,-50.78220332116112,20.78220332116112,20.78220332116112,retracao,retracao
49,28 dias,28.0,-160.0,-174.7802003307592,14.780200330759186,14.780200330759186,retracao,retracao
49,56 dias,56.0,-330.0,-324.2060292181542,-5.793970781845815,5.793970781845815,retracao,retracao
50,12 h,0.5,0.0,-64.44193672898942,64.44193672898942,64.44193672898942,estabilidade,retracao
50,1 dia,1.0,-120.0,-67.7132141315704,-52.286785868429604,52.286785868429604,retracao,retracao
50,3 dias,3.0,-150.0,-80.79832374189428,-69.20167625810572,69.20167625810572,retracao,retracao
50,7 dias,7.0,-180.0,-58.51839993071272,-121.48160006928728,121.48160006928728,retracao,retracao
50,14 dias,14.0,-250.0,-152.7664265986756,-97.2335734013244,97.2335734013244,retracao,retracao
50,28 dias,28.0,-300.0,-293.7810054897328,-6.21899451026718,6.21899451026718,retracao,retracao
50,56 dias,56.0,-470.0,-427.55372841547694,-42.44627158452306,42.44627158452306,retracao,retracao
51,12 h,0.5,0.0,49.689606415650445,-49.689606415650445,49.689606415650445,estabilidade,expansao
51,1 dia,1.0,40.0,45.27447108156619,-5.27447108156619,5.27447108156619,expansao,expansao
51,3 dias,3.0,90.0,54.763744384614085,35.236255615385915,35.236255615385915,expansao,expansao
51,7 dias,7.0,130.0,46.24875431255629,83.75124568744371,83.75124568744371,expansao,expansao
51,14 dias,14.0,-60.0,-69.51904760462432,9.519047604624319,9.519047604624319,retracao,retracao
51,28 dias,28.0,-190.0,-193.1428369589833,3.1428369589833096,3.1428369589833096,retracao,retracao
51,56 dias,56.0,-330.0,-333.71414469867364,3.7141446986736355,3.7141446986736355,retracao,retracao
52,12 h,0.5,0.0,-69.26548506080269,69.26548506080269,69.26548506080269,estabilidade,retracao
52,1 dia,1.0,-60.0,-73.59375141732525,13.593751417325251,13.593751417325251,retracao,retracao
52,3 dias,3.0,-120.0,-90.90681684341553,-29.093183156584473,29.093183156584473,retracao,retracao
52,7 dias,7.0,-170.0,-63.808786215220294,-106.1912137847797,106.1912137847797,retracao,retracao
52,14 dias,14.0,-280.0,-186.12867668691197,-93.87132331308803,93.87132331308803,retracao,retracao
52,28 dias,28.0,-350.0,-307.3201346695438,-42.67986533045621,42.67986533045621,retracao,retracao
52,56 dias,56.0,-470.0,-451.1328855030064,-18.867114496993622,18.867114496993622,retracao,retracao
53,12 h,0.5,0.0,60.02694518183614,-60.02694518183614,60.02694518183614,estabilidade,expansao
53,1 dia,1.0,20.0,56.731770460567475,-36.731770460567475,36.731770460567475,expansao,expansao
53,3 dias,3.0,60.0,43.55107157549287,16.44892842450713,16.44892842450713,expansao,expansao
53,7 dias,7.0,100.0,65.6398168371729,34.3601831628271,34.3601831628271,expansao,expansao
53,14 dias,14.0,-40.0,-28.942772292417544,-11.057227707582456,11.057227707582456,retracao,retracao
53,28 dias,28.0,-130.0,-170.62647610672997,40.62647610672997,40.62647610672997,retracao,retracao
53,56 dias,56.0,-330.0,-305.7374488789845,-24.26255112101552,24.26255112101552,retracao,retracao
54,12 h,0.5,0.0,-311.8188640085368,311.8188640085368,311.8188640085368,estabilidade,retracao
54,1 dia,1.0,0.0,-316.4048637131351,316.4048637131351,316.4048637131351,estabilidade,retracao
54,3 dias,3.0,10.0,-307.59904789214363,317.59904789214363,317.59904789214363,expansao,retracao
54,7 dias,7.0,20.0,-317.4809529283142,337.4809529283142,337.4809529283142,expansao,retracao
54,14 dias,14.0,-140.0,-435.6408560326921,295.6408560326921,295.6408560326921,retracao,retracao
54,28 dias,28.0,-290.0,-564.0488477614458,274.0488477614458,274.0488477614458,retracao,retracao
54,56 dias,56.0,-470.0,-714.1885602499254,244.18856024992544,244.18856024992544,retracao,retracao
55,12 h,0.5,0.0,101.71725918931537,-101.71725918931537,101.71725918931537,estabilidade,expansao
55,1 dia,1.0,30.0,97.20675003883395,-67.20675003883395,67.20675003883395,expansao,expansao
55,3 dias,3.0,60.0,79.1647134369083,-19.1647134369083,19.1647134369083,expansao,expansao
55,7 dias,7.0,100.0,104.80480171343271,-4.80480171343271,4.80480171343271,expansao,expansao
55,14 dias,14.0,-60.0,-20.066487873682775,-39.933512126317225,39.933512126317225,retracao,retracao
55,28 dias,28.0,-180.0,-146.3607440871623,-33.63925591283771,33.63925591283771,retracao,retracao
55,56 dias,56.0,-330.0,-300.37909138232027,-29.62090861767973,29.62090861767973,retracao,retracao
56,12 h,0.5,0.0,-72.09543532684688,72.09543532684688,72.09543532684688,estabilidade,retracao
56,1 dia,1.0,-50.0,-75.52602818734574,25.526028187345744,25.526028187345744,retracao,retracao
56,3 dias,3.0,-100.0,-89.24839962934124,-10.751600370658764,10.751600370658764,retracao,retracao
56,7 dias,7.0,-160.0,-68.24299948150292,-91.75700051849708,91.75700051849708,retracao,retracao
56,14 dias,14.0,-250.0,-164.72144256031646,-85.27855743968354,85.27855743968354,retracao,retracao
56,28 dias,28.0,-360.0,-310.196854273075,-49.80314572692498,49.80314572692498,retracao,retracao
56,56 dias,56.0,-470.0,-452.89124284222174,-17.108757157778257,17.108757157778257,retracao,retracao
57,12 h,0.5,0.0,95.78871705927727,-95.78871705927727,95.78871705927727,estabilidade,expansao
57,1 dia,1.0,30.0,91.5747460440783,-61.574746044078296,61.574746044078296,expansao,expansao
57,3 dias,3.0,70.0,101.86867662266732,-31.868676622667323,31.868676622667323,expansao,expansao
57,7 dias,7.0,110.0,94.9630011016915,15.036998898308497,15.036998898308497,expansao,expansao
57,14 dias,14.0,-20.0,-17.988500351095354,-2.011499648904646,2.011499648904646,retracao,retracao
57,28 dias,28.0,-190.0,-135.979688776667,-54.02031122333301,54.02031122333301,retracao,retracao
57,56 dias,56.0,-330.0,-265.28579465878255,-64.71420534121745,64.71420534121745,retracao,retracao
58,12 h,0.5,0.0,31.365392924032676,-31.365392924032676,31.365392924032676,estabilidade,expansao
58,1 dia,1.0,30.0,27.123691894640558,2.876308105359442,2.876308105359442,expansao,expansao
58,3 dias,3.0,70.0,10.156887777072143,59.84311222292786,59.84311222292786,expansao,expansao
58,7 dias,7.0,120.0,37.94744102231098,82.05255897768902,82.05255897768902,expansao,expansao
58,14 dias,14.0,-90.0,-83.16053486955438,-6.8394651304456175,6.8394651304456175,retracao,retracao
58,28 dias,28.0,-200.0,-201.92816369253356,1.928163692533559,1.928163692533559,retracao,retracao
58,56 dias,56.0,-320.0,-340.89325620669086,20.893256206690864,20.893256206690864,retracao,retracao
59,12 h,0.5,0.0,-89.19348848881553,89.19348848881553,89.19348848881553,estabilidade,retracao
59,1 dia,1.0,40.0,-92.29199712814331,132.2919971281433,132.2919971281433,expansao,retracao
59,3 dias,3.0,90.0,-104.68603168545441,194.6860316854544,194.6860316854544,expansao,retracao
59,7 dias,7.0,110.0,-81.02395776824731,191.02395776824733,191.02395776824733,expansao,retracao
59,14 dias,14.0,-80.0,-172.85322175066545,92.85322175066545,92.85322175066545,retracao,retracao
59,28 dias,28.0,-360.0,-309.0302752706333,-50.9697247293667,50.9697247293667,retracao,retracao
59,56 dias,56.0,-460.0,-433.12794745419853,-26.872052545801466,26.872052545801466,retracao,retracao
60,12 h,0.5,0.0,-85.6767386175553,85.6767386175553,85.6767386175553,estabilidade,retracao
60,1 dia,1.0,-60.0,-89.88683670702262,29.886836707022624,29.886836707022624,retracao,retracao
60,3 dias,3.0,-120.0,-79.57741442550704,-40.422585574492956,40.422585574492956,retracao,retracao
60,7 dias,7.0,-170.0,-86.45210654062953,-83.54789345937047,83.54789345937047,retracao,retracao
60,14 dias,14.0,-210.0,-199.34938703317331,-10.650612966826685,10.650612966826685,retracao,retracao
60,28 dias,28.0,-340.0,-317.23213353825867,-22.767866461741335,22.767866461741335,retracao,retracao
60,56 dias,56.0,-460.0,-446.3213555794017,-13.678644420598289,13.678644420598289,retracao,retracao
61,12 h,0.5,0.0,-69.33084301526088,69.33084301526088,69.33084301526088,estabilidade,retracao
61,1 dia,1.0,-40.0,-73.57140502719076,33.571405027190764,33.571405027190764,retracao,retracao
61,3 dias,3.0,-80.0,-90.53365307491023,10.533653074910234,10.533653074910234,retracao,retracao
61,7 dias,7.0,-160.0,-62.733987689973475,-97.26601231002653,97.26601231002653,retracao,retracao
61,14 dias,14.0,-230.0,-183.82601733736743,-46.17398266263257,46.17398266263257,retracao,retracao
61,28 dias,28.0,-340.0,-302.56175367140384,-37.438246328596165,37.438246328596165,retracao,retracao
61,56 dias,56.0,-460.0,-441.46306120767554,-18.536938792324463,18.536938792324463,retracao,retracao
62,12 h,0.5,0.0,58.321189006821186,-58.321189006821186,58.321189006821186,estabilidade,expansao
62,1 dia,1.0,50.0,54.9755643905452,-4.975564390545202,4.975564390545202,expansao,expansao
62,3 dias,3.0,50.0,41.59306592544121,8.40693407455879,8.40693407455879,expansao,expansao
62,7 dias,7.0,10.0,63.27821202706258,-53.27821202706258,53.27821202706258,expansao,expansao
62,14 dias,14.0,-130.0,-32.01067563263055,-97.98932436736945,97.98932436736945,retracao,retracao
62,28 dias,28.0,-280.0,-175.10697650714837,-104.89302349285163,104.89302349285163,retracao,retracao
62,56 dias,56.0,-320.0,-313.04314339981374,-6.956856600186256,6.956856600186256,retracao,retracao
63,12 h,0.5,0.0,108.66054099653459,-108.66054099653459,108.66054099653459,estabilidade,expansao
63,1 dia,1.0,30.0,104.33767242252796,-74.33767242252796,74.33767242252796,expansao,expansao
63,3 dias,3.0,80.0,114.19601276588637,-34.196012765886366,34.196012765886366,expansao,expansao
63,7 dias,7.0,140.0,106.41915677444936,33.58084322555064,33.58084322555064,expansao,expansao
63,14 dias,14.0,-30.0,-8.056910501644637,-21.943089498355363,21.943089498355363,retracao,retracao
63,28 dias,28.0,-130.0,-129.09723057383047,-0.9027694261695274,0.9027694261695274,retracao,retracao
63,56 dias,56.0,-320.0,-264.5015997491746,-55.4984002508254,55.4984002508254,retracao,retracao
64,12 h,0.5,0.0,-69.13001584610754,69.13001584610754,69.13001584610754,estabilidade,retracao
64,1 dia,1.0,-90.0,-73.64006938960407,-16.359930610395935,16.359930610395935,retracao,retracao
64,3 dias,3.0,-140.0,-91.68028356359014,-48.31971643640986,48.31971643640986,retracao,retracao
64,7 dias,7.0,-180.0,-66.03655043118647,-113.96344956881353,113.96344956881353,retracao,retracao
64,14 dias,14.0,-240.0,-190.90146152051344,-49.098538479486564,49.098538479486564,retracao,retracao
64,28 dias,28.0,-330.0,-317.18296073841583,-12.81703926158417,12.81703926158417,retracao,retracao
64,56 dias,56.0,-450.0,-471.1757940424195,21.17579404241951,21.17579404241951,retracao,retracao
65,12 h,0.5,0.0,57.3480346109352,-57.3480346109352,57.3480346109352,estabilidade,expansao
65,1 dia,1.0,30.0,53.77936835357417,-23.77936835357417,23.77936835357417,expansao,expansao
65,3 dias,3.0,60.0,39.504703324129935,20.495296675870065,20.495296675870065,expansao,expansao
65,7 dias,7.0,110.0,59.40551629707076,50.59448370292924,50.59448370292924,expansao,expansao
65,14 dias,14.0,-10.0,-39.00595433781331,29.005954337813307,29.005954337813307,retracao,retracao
65,28 dias,28.0,-100.0,-188.347421162713,88.347421162713,88.347421162713,retracao,retracao
65,56 dias,56.0,-320.0,-338.7739199561421,18.773919956142095,18.773919956142095,retracao,retracao
66,12 h,0.5,0.0,49.973509911004925,-49.973509911004925,49.973509911004925,estabilidade,expansao
66,1 dia,1.0,40.0,45.73151713904164,-5.731517139041642,5.731517139041642,expansao,expansao
66,3 dias,3.0,80.0,55.9133606905734,24.0866393094266,24.0866393094266,expansao,expansao
66,7 dias,7.0,120.0,48.78351111548312,71.21648888451688,71.21648888451688,expansao,expansao
66,14 dias,14.0,-40.0,-64.56029493200413,24.560294932004126,24.560294932004126,retracao,retracao
66,28 dias,28.0,-160.0,-183.33609254697646,23.33609254697646,23.33609254697646,retracao,retracao
66,56 dias,56.0,-320.0,-314.2114168078934,-5.788583192106614,5.788583192106614,retracao,retracao
67,12 h,0.5,0.0,-69.32999421065753,69.32999421065753,69.32999421065753,estabilidade,retracao
67,1 dia,1.0,-50.0,-73.57169524004965,23.57169524004965,23.57169524004965,retracao,retracao
67,3 dias,3.0,-100.0,-90.5384993576181,-9.461500642381907,9.461500642381907,retracao,retracao
67,7 dias,7.0,-170.0,-62.74794611237925,-107.25205388762075,107.25205388762075,retracao,retracao
67,14 dias,14.0,-260.0,-183.8559220042446,-76.1440779957554,76.1440779957554,retracao,retracao
67,28 dias,28.0,-370.0,-302.62355082722377,-67.37644917277623,67.37644917277623,retracao,retracao
67,56 dias,56.0,-450.0,-441.58864334138104,-8.411356658618956,8.411356658618956,retracao,retracao
68,12 h,0.5,0.0,41.987757218986644,-41.987757218986644,41.987757218986644,estabilidade,expansao
68,1 dia,1.0,20.0,38.716479816405695,-18.716479816405695,18.716479816405695,expansao,expansao
68,3 dias,3.0,60.0,25.63137020608181,34.36862979391819,34.36862979391819,expansao,expansao
68,7 dias,7.0,100.0,47.911294017263344,52.088705982736656,52.088705982736656,expansao,expansao
68,14 dias,14.0,-30.0,-46.3367326506995,16.336732650699503,16.336732650699503,retracao,retracao
68,28 dias,28.0,-160.0,-187.35131154175673,27.35131154175673,27.35131154175673,retracao,retracao
68,56 dias,56.0,-320.0,-321.12403446750085,1.1240344675008487,1.1240344675008487,retracao,retracao
69,12 h,0.5,0.0,-85.89544501181332,85.89544501181332,85.89544501181332,estabilidade,retracao
69,1 dia,1.0,-50.0,-90.32424949553872,40.32424949553872,40.32424949553872,retracao,retracao
69,3 dias,3.0,-110.0,-80.88965279105528,-29.110347208944717,29.110347208944717,retracao,retracao
69,7 dias,7.0,-160.0,-89.51399606024214,-70.48600393975786,70.48600393975786,retracao,retracao
69,14 dias,14.0,-260.0,-205.4731660723985,-54.5268339276015,54.5268339276015,retracao,retracao
69,28 dias,28.0,-350.0,-329.47969161670903,-20.520308383290967,20.520308383290967,retracao,retracao
69,56 dias,56.0,-450.0,-470.81647173630245,20.816471736302447,20.816471736302447,retracao,retracao
70,12 h,0.5,0.0,35.05575658268123,-35.05575658268123,35.05575658268123,estabilidade,expansao
70,1 dia,1.0,20.0,30.727490226158636,-10.727490226158636,10.727490226158636,expansao,expansao
70,3 dias,3.0,40.0,13.414424800068389,26.58557519993161,26.58557519993161,expansao,expansao
70,7 dias,7.0,90.0,40.51245542826362,49.48754457173638,49.48754457173638,expansao,expansao
70,14 dias,14.0,-40.0,-81.80743504342806,41.80743504342806,41.80743504342806,retracao,retracao
70,28 dias,28.0,-180.0,-202.9988930260599,22.998893026059903,22.998893026059903,retracao,retracao
70,56 dias,56.0,-320.0,-346.8116438595225,26.81164385952252,26.81164385952252,retracao,retracao
71,12 h,0.5,0.0,-89.30855027636763,89.30855027636763,89.30855027636763,estabilidade,retracao
71,1 dia,1.0,-50.0,-92.55327510262894,42.553275102628945,42.553275102628945,retracao,retracao
71,3 dias,3.0,-110.0,-105.53217440767419,-4.467825592325809,4.467825592325809,retracao,retracao
71,7 dias,7.0,-190.0,-83.03982998593544,-106.96017001406456,106.96017001406456,retracao,retracao
71,14 dias,14.0,-260.0,-176.9161205854232,-83.08387941457681,83.08387941457681,retracao,retracao
71,28 dias,28.0,-330.0,-317.1872273395302,-12.812772660469818,12.812772660469818,retracao,retracao
71,56 dias,56.0,-450.0,-449.47300599137384,-0.5269940086261613,0.5269940086261613,retracao,retracao
72,12 h,0.5,0.0,46.838145564825055,-46.838145564825055,46.838145564825055,estabilidade,expansao
72,1 dia,1.0,60.0,42.62804747535776,17.37195252464224,17.37195252464224,expansao,expansao
72,3 dias,3.0,80.0,52.93746975687333,27.062530243126673,27.062530243126673,expansao,expansao
72,7 dias,7.0,120.0,46.06277764175084,73.93722235824916,73.93722235824916,expansao,expansao
72,14 dias,14.0,80.0,-66.83450285079292,146.83450285079292,146.83450285079292,expansao,retracao
72,28 dias,28.0,-220.0,-184.7172493558783,-35.282750644121705,35.282750644121705,retracao,retracao
72,56 dias,56.0,-310.0,-313.80647139702126,3.806471397021255,3.806471397021255,retracao,retracao
73,12 h,0.5,0.0,-69.20097591094788,69.20097591094788,69.20097591094788,estabilidade,retracao
73,1 dia,1.0,-30.0,-73.61580759460088,43.61580759460088,43.61580759460088,retracao,retracao
73,3 dias,3.0,-80.0,-91.27513432921296,11.27513432921296,11.27513432921296,retracao,retracao
73,7 dias,7.0,-110.0,-64.86962631806134,-45.130373681938664,45.130373681938664,retracao,retracao
73,14 dias,14.0,-200.0,-188.40143136957934,-11.598568630420658,11.598568630420658,retracao,retracao
73,28 dias,28.0,-320.0,-312.0167185118638,-7.9832814881361855,7.9832814881361855,retracao,retracao
73,56 dias,56.0,-450.0,-460.6771276646317,10.677127664631712,10.677127664631712,retracao,retracao
74,12 h,0.5,0.0,33.34101700928335,-33.34101700928335,33.34101700928335,estabilidade,expansao
74,1 dia,1.0,80.0,29.836430969440357,50.16356903055964,50.16356903055964,expansao,expansao
74,3 dias,3.0,120.0,15.818086810068507,104.18191318993149,104.18191318993149,expansao,expansao
74,7 dias,7.0,150.0,36.23154152315411,113.7684584768459,113.7684584768459,expansao,expansao
74,14 dias,14.0,-50.0,-61.28280606647675,11.282806066476752,11.282806066476752,retracao,retracao
74,28 dias,28.0,-170.0,-208.83002680086992,38.830026800869916,38.830026800869916,retracao,retracao
74,56 dias,56.0,-310.0,-355.6680334132859,45.66803341328591,45.66803341328591,retracao,retracao
75,12 h,0.5,0.0,23.17353323012813,-23.17353323012813,23.17353323012813,estabilidade,expansao
75,1 dia,1.0,10.0,18.38659702580523,-8.38659702580523,8.38659702580523,expansao,expansao
75,3 dias,3.0,30.0,26.388666847898435,3.6113331521015652,3.6113331521015652,expansao,expansao
75,7 dias,7.0,70.0,14.899269813931255,55.100730186068745,55.100730186068745,expansao,expansao
75,14 dias,14.0,-150.0,-106.0737442865908,-43.926255713409205,43.926255713409205,retracao,retracao
75,28 dias,28.0,-230.0,-240.10795800763265,10.107958007632647,10.107958007632647,retracao,retracao
75,56 dias,56.0,-310.0,-401.5001144806887,91.5001144806887,91.5001144806887,retracao,retracao
76,12 h,0.5,0.0,-67.050602240162,67.050602240162,67.050602240162,estabilidade,retracao
76,1 dia,1.0,-60.0,-71.27293997269595,11.272939972695951,11.272939972695951,retracao,retracao
76,3 dias,3.0,-100.0,-88.16229090283193,-11.837709097168073,11.837709097168073,retracao,retracao
76,7 dias,7.0,-150.0,-60.216831282728066,-89.78316871727193,89.78316871727193,retracao,retracao
76,14 dias,14.0,-210.0,-181.05372101857967,-28.946278981420335,28.946278981420335,retracao,retracao
76,28 dias,28.0,-300.0,-299.27917752953135,-0.7208224704686472,0.7208224704686472,retracao,retracao
76,56 dias,56.0,-450.0,-437.1599254196335,-12.84007458036649,12.84007458036649,retracao,retracao
77,12 h,0.5,0.0,86.24680588946251,-86.24680588946251,86.24680588946251,estabilidade,expansao
77,1 dia,1.0,30.0,82.97198814337224,-52.97198814337224,52.97198814337224,expansao,expansao
77,3 dias,3.0,-50.0,69.87271715901124,-119.87271715901124,119.87271715901124,retracao,expansao
77,7 dias,7.0,-90.0,92.12431822211849,-182.1243182221185,182.1243182221185,retracao,expansao
77,14 dias,14.0,-150.0,-2.17327325497439,-147.8267267450256,147.8267267450256,retracao,retracao
77,28 dias,28.0,-200.0,-143.28698176429162,-56.713018235708375,56.713018235708375,retracao,retracao
77,56 dias,56.0,-310.0,-277.25796392655576,-32.74203607344424,32.74203607344424,retracao,retracao
78,12 h,0.5,0.0,75.0055297731798,-75.0055297731798,75.0055297731798,estabilidade,expansao
78,1 dia,1.0,60.0,70.81046774831773,-10.810467748317734,10.810467748317734,expansao,expansao
78,3 dias,3.0,90.0,81.18003428825423,8.819965711745766,8.819965711745766,expansao,expansao
78,7 dias,7.0,120.0,74.4256306899737,45.5743693100263,45.5743693100263,expansao,expansao
78,14 dias,14.0,-30.0,-38.26114489809672,8.261144898096717,8.261144898096717,retracao,retracao
78,28 dias,28.0,-140.0,-155.72288159423533,15.722881594235332,15.722881594235332,retracao,retracao
78,56 dias,56.0,-310.0,-283.97008401748485,-26.02991598251515,26.02991598251515,retracao,retracao
79,12 h,0.5,0.0,-60.12800824587447,60.12800824587447,60.12800824587447,estabilidade,retracao
79,1 dia,1.0,-70.0,-64.7638093172026,-5.2361906827974,5.2361906827974,retracao,retracao
79,3 dias,3.0,-90.0,-83.30701360251504,-6.692986397484958,6.692986397484958,retracao,retracao
79,7 dias,7.0,-130.0,-58.669260692764226,-71.33073930723577,71.33073930723577,retracao,retracao
79,14 dias,14.0,-200.0,-185.29463717173363,-14.705362828266374,14.705362828266374,retracao,retracao
79,28 dias,28.0,-320.0,-315.09706716892094,-4.902932831079056,4.902932831079056,retracao,retracao
79,56 dias,56.0,-440.0,-476.13176203149436,36.13176203149436,36.13176203149436,retracao,retracao
80,12 h,0.5,0.0,38.59304033525973,-38.59304033525973,38.59304033525973,estabilidade,expansao
80,1 dia,1.0,60.0,35.32176293267875,24.67823706732125,24.67823706732125,expansao,expansao
80,3 dias,3.0,80.0,22.23665332235487,57.76334667764513,57.76334667764513,expansao,expansao
80,7 dias,7.0,120.0,44.51657713353643,75.48342286646357,75.48342286646357,expansao,expansao
80,14 dias,14.0,80.0,-49.73144953442643,129.73144953442642,129.73144953442642,expansao,retracao
80,28 dias,28.0,-220.0,-190.74602842548367,-29.253971574516328,29.253971574516328,retracao,retracao
80,56 dias,56.0,-310.0,-324.5187513512278,14.51875135122782,14.51875135122782,retracao,retracao
81,12 h,0.5,0.0,77.15473017133147,-77.15473017133147,77.15473017133147,estabilidade,expansao
81,1 dia,1.0,40.0,72.83186159732483,-32.83186159732483,32.83186159732483,expansao,expansao
81,3 dias,3.0,90.0,82.69020194068318,7.309798059316819,7.309798059316819,expansao,expansao
81,7 dias,7.0,120.0,74.91334594924629,45.08665405075371,45.08665405075371,expansao,expansao
81,14 dias,14.0,-50.0,-39.562721326847765,-10.437278673152235,10.437278673152235,retracao,retracao
81,28 dias,28.0,-130.0,-160.60304139903366,30.603041399033657,30.603041399033657,retracao,retracao
81,56 dias,56.0,-310.0,-296.0074105743777,-13.992589425622327,13.992589425622327,retracao,retracao
82,12 h,0.5,0.0,-71.4604516812071,71.4604516812071,71.4604516812071,estabilidade,retracao
82,1 dia,1.0,-90.0,-75.4219544148875,-14.578045585112505,14.578045585112505,retracao,retracao
82,3 dias,3.0,-140.0,-91.26796534960906,-48.73203465039094,48.73203465039094,retracao,retracao
82,7 dias,7.0,-210.0,-61.235825738676425,-148.76417426132357,148.76417426132357,retracao,retracao
82,14 dias,14.0,-270.0,-178.42102549057765,-91.57897450942235,91.57897450942235,retracao,retracao
82,28 dias,28.0,-320.0,-289.34310203362855,-30.656897966371446,30.656897966371446,retracao,retracao
82,56 dias,56.0,-440.0,-412.61708998792926,-27.382910012070738,27.382910012070738,retracao,retracao
83,12 h,0.5,0.0,105.43509490459508,-105.43509490459508,105.43509490459508,estabilidade,expansao
83,1 dia,1.0,30.0,102.18505956306984,-72.18505956306984,72.18505956306984,expansao,expansao
83,3 dias,3.0,90.0,89.18491819696885,0.8150818030311484,0.8150818030311484,expansao,expansao
83,7 dias,7.0,150.0,111.63477849659614,38.36522150340386,38.36522150340386,expansao,expansao
83,14 dias,14.0,10.0,17.684140683413375,-7.684140683413375,7.684140683413375,expansao,expansao
83,28 dias,28.0,-180.0,-122.73566049808372,-57.26433950191628,57.26433950191628,retracao,retracao
83,56 dias,56.0,-310.0,-255.31882800470748,-54.681171995292516,54.681171995292516,retracao,retracao
84,12 h,0.5,0.0,62.26477322260982,-62.26477322260982,62.26477322260982,estabilidade,expansao
84,1 dia,1.0,30.0,57.797239481567914,-27.797239481567914,27.797239481567914,expansao,expansao
84,3 dias,3.0,70.0,67.07691915678524,2.9230808432147626,2.9230808432147626,expansao,expansao
84,7 dias,7.0,120.0,58.14274182906607,61.85725817093393,61.85725817093393,expansao,expansao
84,14 dias,14.0,-50.0,-58.358637785521665,8.358637785521665,8.358637785521665,retracao,retracao
84,28 dias,28.0,-150.0,-183.44958253469505,33.449582534695054,33.449582534695054,retracao,retracao
84,56 dias,56.0,-310.0,-326.9552010640141,16.95520106401409,16.95520106401409,retracao,retracao
85,12 h,0.5,0.0,-69.3418774751045,69.3418774751045,69.3418774751045,estabilidade,retracao
85,1 dia,1.0,-40.0,-73.56763226002519,33.56763226002519,33.56763226002519,retracao,retracao
85,3 dias,3.0,-90.0,-90.47065139970806,0.4706513997080606,0.4706513997080606,retracao,retracao
85,7 dias,7.0,-140.0,-62.55252819869804,-77.44747180130196,77.44747180130196,retracao,retracao
85,14 dias,14.0,-220.0,-183.4372566679638,-36.562743332036206,36.562743332036206,retracao,retracao
85,28 dias,28.0,-300.0,-301.7583906457438,1.758390645743816,1.758390645743816,retracao,retracao
85,56 dias,56.0,-440.0,-439.8304934695028,-0.16950653049718767,0.16950653049718767,retracao,retracao
86,12 h,0.5,0.0,52.78859795679239,-52.78859795679239,52.78859795679239,estabilidade,expansao
86,1 dia,1.0,40.0,49.22524221469524,-9.225242214695243,9.225242214695243,expansao,expansao
86,3 dias,3.0,70.0,34.97181924630678,35.02818075369322,35.02818075369322,expansao,expansao
86,7 dias,7.0,90.0,54.91511634135904,35.08488365864096,35.08488365864096,expansao,expansao
86,14 dias,14.0,-30.0,-43.422007079829996,13.422007079829996,13.422007079829996,retracao,retracao
86,28 dias,28.0,-150.0,-192.61477947733962,42.614779477339624,42.614779477339624,retracao,retracao
86,56 dias,56.0,-310.0,-342.7438894159885,32.74388941598852,32.74388941598852,retracao,retracao
87,12 h,0.5,0.0,104.9728099348998,-104.9728099348998,104.9728099348998,estabilidade,expansao
87,1 dia,1.0,40.0,100.76271184543245,-60.76271184543245,60.76271184543245,expansao,expansao
87,3 dias,3.0,110.0,111.07213412694804,-1.0721341269480433,1.0721341269480433,expansao,expansao
87,7 dias,7.0,150.0,104.19744201182553,45.80255798817447,45.80255798817447,expansao,expansao
87,14 dias,14.0,0.0,-8.699838480718228,8.699838480718228,8.699838480718228,estabilidade,retracao
87,28 dias,28.0,-90.0,-126.58258498580356,36.582584985803564,36.582584985803564,retracao,retracao
87,56 dias,56.0,-300.0,-255.67180702694657,-44.32819297305343,44.32819297305343,retracao,retracao
88,12 h,0.5,0.0,-69.35376073955143,69.35376073955143,69.35376073955143,estabilidade,retracao
88,1 dia,1.0,-50.0,-73.56356928000073,23.563569280000735,23.563569280000735,retracao,retracao
88,3 dias,3.0,-90.0,-90.402803441798,0.40280344179799954,0.40280344179799954,retracao,retracao
88,7 dias,7.0,-160.0,-62.35711028501677,-97.64288971498323,97.64288971498323,retracao,retracao
88,14 dias,14.0,-200.0,-183.01859133168298,-16.981408668317016,16.981408668317016,retracao,retracao
88,28 dias,28.0,-310.0,-300.89323046426387,-9.106769535736134,9.106769535736134,retracao,retracao
88,56 dias,56.0,-440.0,-438.0723435976245,-1.9276564023754759,1.9276564023754759,retracao,retracao
89,12 h,0.5,0.0,108.63104446341549,-108.63104446341549,108.63104446341549,estabilidade,expansao
89,1 dia,1.0,40.0,105.35976706083449,-65.35976706083449,65.35976706083449,expansao,expansao
89,3 dias,3.0,100.0,92.27465745051063,7.725342549489369,7.725342549489369,expansao,expansao
89,7 dias,7.0,150.0,114.55458126169219,35.44541873830781,35.44541873830781,expansao,expansao
89,14 dias,14.0,-10.0,20.306554593729345,-30.306554593729345,30.306554593729345,retracao,expansao
89,28 dias,28.0,-130.0,-120.70802429732791,-9.29197570267209,9.29197570267209,retracao,retracao
89,56 dias,56.0,-300.0,-254.48074722307206,-45.51925277692794,45.51925277692794,retracao,retracao
90,12 h,0.5,0.0,-80.37432395468424,80.37432395468424,80.37432395468424,estabilidade,retracao
90,1 dia,1.0,-30.0,-84.6971925286909,54.697192528690906,54.697192528690906,retracao,retracao
90,3 dias,3.0,-70.0,-74.83885218533251,4.838852185332513,4.838852185332513,retracao,retracao
90,7 dias,7.0,-120.0,-82.61570817676946,-37.38429182323054,37.38429182323054,retracao,retracao
90,14 dias,14.0,-190.0,-197.0917754528635,7.091775452863487,7.091775452863487,retracao,retracao
90,28 dias,28.0,-260.0,-318.13209552504935,58.13209552504935,58.13209552504935,retracao,retracao
90,56 dias,56.0,-440.0,-453.53646470039337,13.536464700393367,13.536464700393367,retracao,retracao
91,12 h,0.5,0.0,91.15063521737946,-91.15063521737946,91.15063521737946,estabilidade,expansao
91,1 dia,1.0,30.0,87.05358940569221,-57.05358940569221,57.05358940569221,expansao,expansao
91,3 dias,3.0,80.0,70.66540615894309,9.334593841056915,9.334593841056915,expansao,expansao
91,7 dias,7.0,110.0,99.61320114582057,10.386798854179432,10.386798854179432,expansao,expansao
91,14 dias,14.0,-50.0,-19.469601698177144,-30.530398301822856,30.530398301822856,retracao,retracao
91,28 dias,28.0,-160.0,-134.18688442542103,-25.813115574578973,25.813115574578973,retracao,retracao
91,56 dias,56.0,-300.0,-265.0512847481078,-34.948715251892224,34.948715251892224,retracao,retracao
92,12 h,0.5,0.0,-89.0953426698397,89.0953426698397,89.0953426698397,estabilidade,retracao
92,1 dia,1.0,-30.0,-92.65869841193684,62.65869841193684,62.65869841193684,retracao,retracao
92,3 dias,3.0,-100.0,-106.91212138032533,6.912121380325331,6.912121380325331,retracao,retracao
92,7 dias,7.0,-150.0,-86.96882428527304,-63.031175714726956,63.031175714726956,retracao,retracao
92,14 dias,14.0,-210.0,-185.3059477064621,-24.694052293537908,24.694052293537908,retracao,retracao
92,28 dias,28.0,-290.0,-334.4987201039717,44.49872010397172,44.49872010397172,retracao,retracao
92,56 dias,56.0,-440.0,-484.62783004262064,44.627830042620644,44.627830042620644,retracao,retracao
93,12 h,0.5,0.0,78.45103252887472,-78.45103252887472,78.45103252887472,estabilidade,expansao
93,1 dia,1.0,30.0,74.22840438556969,-44.22840438556969,44.22840438556969,expansao,expansao
93,3 dias,3.0,70.0,84.48770645173451,-14.48770645173451,14.48770645173451,expansao,expansao
93,7 dias,7.0,100.0,77.51277390591034,22.487226094089664,22.487226094089664,expansao,expansao
93,14 dias,14.0,-70.0,-35.55992734036124,-34.44007265963876,34.44007265963876,retracao,retracao
93,28 dias,28.0,-170.0,-153.7935153529022,-16.206484647097795,16.206484647097795,retracao,retracao
93,56 dias,56.0,-300.0,-283.5844204089565,-16.415579591043524,16.415579591043524,retracao,retracao
94,12 h,0.5,0.0,-72.38653006275601,72.38653006275601,72.38653006275601,estabilidade,retracao
94,1 dia,1.0,-50.0,-76.29017070935447,26.29017070935447,26.29017070935447,retracao,retracao
94,3 dias,3.0,-100.0,-91.90473329574831,-8.095266704251685,8.095266704251685,retracao,retracao
94,7 dias,7.0,-160.0,-61.40969698816022,-98.59030301183978,98.59030301183978,retracao,retracao
94,14 dias,14.0,-260.0,-177.78482752091435,-82.21517247908565,82.21517247908565,retracao,retracao
94,28 dias,28.0,-340.0,-287.08676562567115,-52.91323437432885,52.91323437432885,retracao,retracao
94,56 dias,56.0,-440.0,-407.12047670338364,-32.879523296616355,32.879523296616355,retracao,retracao
95,12 h,0.5,0.0,74.46765633844726,-74.46765633844726,74.46765633844726,estabilidade,expansao
95,1 dia,1.0,20.0,71.19637893586628,-51.19637893586628,51.19637893586628,expansao,expansao
95,3 dias,3.0,80.0,58.11126932554242,21.888730674457577,21.888730674457577,expansao,expansao
95,7 dias,7.0,120.0,80.39119313672396,39.608806863276044,39.608806863276044,expansao,expansao
95,14 dias,14.0,-20.0,-13.856833531238891,-6.143166468761109,6.143166468761109,retracao,retracao
95,28 dias,28.0,-120.0,-154.87141242229615,34.871412422296146,34.871412422296146,retracao,retracao
95,56 dias,56.0,-300.0,-288.64413534804027,-11.355864651959735,11.355864651959735,retracao,retracao
96,12 h,0.5,0.0,33.46295725973087,-33.46295725973087,33.46295725973087,estabilidade,expansao
96,1 dia,1.0,90.0,29.132570653421595,60.867429346578405,60.867429346578405,expansao,expansao
96,3 dias,3.0,140.0,38.960838867569464,101.03916113243054,101.03916113243054,expansao,expansao
96,7 dias,7.0,160.0,31.123838617711584,128.87616138228842,128.87616138228842,expansao,expansao
96,14 dias,14.0,-50.0,-83.45748111061911,33.45748111061911,33.45748111061911,retracao,retracao
96,28 dias,28.0,-160.0,-204.70830608727834,44.708306087278345,44.708306087278345,retracao,retracao
96,56 dias,56.0,-290.0,-340.53368507156915,50.53368507156915,50.53368507156915,retracao,retracao
97,12 h,0.5,0.0,60.19826532641633,-60.19826532641633,60.19826532641633,estabilidade,expansao
97,1 dia,1.0,80.0,56.23676259273594,23.763237407264057,23.763237407264057,expansao,expansao
97,3 dias,3.0,-50.0,40.39075165801438,-90.39075165801438,90.39075165801438,retracao,expansao
97,7 dias,7.0,-100.0,70.42289126894701,-170.422891268947,170.422891268947,retracao,expansao
97,14 dias,14.0,-170.0,-46.76230848295418,-123.23769151704582,123.23769151704582,retracao,retracao
97,28 dias,28.0,-230.0,-157.6843850260051,-72.31561497399491,72.31561497399491,retracao,retracao
97,56 dias,56.0,-290.0,-280.9583729803058,-9.041627019694204,9.041627019694204,retracao,retracao
98,12 h,0.5,0.0,-88.07520111056745,88.07520111056745,88.07520111056745,estabilidade,retracao
98,1 dia,1.0,-50.0,-91.48101156650132,41.48101156650132,41.48101156650132,retracao,retracao
98,3 dias,3.0,-120.0,-105.10425339023676,-14.895746609763236,14.895746609763236,retracao,retracao
98,7 dias,7.0,-180.0,-83.9005940058784,-96.0994059941216,96.0994059941216,retracao,retracao
98,14 dias,14.0,-220.0,-180.03208342078182,-39.96791657921818,39.96791657921818,retracao,retracao
98,28 dias,28.0,-350.0,-324.81358780572015,-25.186412194279853,25.186412194279853,retracao,retracao
98,56 dias,56.0,-440.0,-466.12016171922653,26.12016171922653,26.12016171922653,retracao,retracao
99,12 h,0.5,0.0,88.92185552295777,-88.92185552295777,88.92185552295777,estabilidade,expansao
99,1 dia,1.0,40.0,84.85528350472228,-44.85528350472228,44.85528350472228,expansao,expansao
99,3 dias,3.0,80.0,95.73881007116526,-15.738810071165261,15.738810071165261,expansao,expansao
99,7 dias,7.0,130.0,90.01232652589752,39.98767347410248,39.98767347410248,expansao,expansao
99,14 dias,14.0,-60.0,-20.875588969400525,-39.124411030599475,39.124411030599475,retracao,retracao
99,28 dias,28.0,-170.0,-134.7396054799943,-35.26039452000569,35.26039452000569,retracao,retracao
99,56 dias,56.0,-290.0,-255.7913675321542,-34.2086324678458,34.2086324678458,retracao,retracao
100,12 h,0.5,0.0,-65.63963055200901,65.63963055200901,65.63963055200901,estabilidade,retracao
100,1 dia,1.0,-40.0,-69.96789690853157,29.96789690853157,29.96789690853157,retracao,retracao
100,3 dias,3.0,-70.0,-87.28096233462185,17.280962334621847,17.280962334621847,retracao,retracao
100,7 dias,7.0,-120.0,-60.182931706426615,-59.817068293573385,59.817068293573385,retracao,retracao
100,14 dias,14.0,-210.0,-182.5028221781183,-27.497177821881706,27.497177821881706,retracao,retracao
100,28 dias,28.0,-330.0,-303.6942801607501,-26.30571983924989,26.30571983924989,retracao,retracao
100,56 dias,56.0,-440.0,-447.50703099421276,7.507030994212755,7.507030994212755,retracao,retracao
101,12 h,0.5,0.0,108.63104446341549,-108.63104446341549,108.63104446341549,estabilidade,expansao
101,1 dia,1.0,50.0,105.35976706083449,-55.359767060834486,55.359767060834486,expansao,expansao
101,3 dias,3.0,100.0,92.27465745051063,7.725342549489369,7.725342549489369,expansao,expansao
101,7 dias,7.0,160.0,114.55458126169219,45.44541873830781,45.44541873830781,expansao,expansao
101,14 dias,14.0,10.0,20.306554593729345,-10.306554593729345,10.306554593729345,expansao,expansao
101,28 dias,28.0,-130.0,-120.70802429732791,-9.29197570267209,9.29197570267209,retracao,retracao
101,56 dias,56.0,-290.0,-254.48074722307206,-35.51925277692794,35.51925277692794,retracao,retracao
102,12 h,0.5,0.0,91.17398688094582,-91.17398688094582,91.17398688094582,estabilidade,expansao
102,1 dia,1.0,60.0,86.95659857833655,-26.956598578336553,26.956598578336553,expansao,expansao
102,3 dias,3.0,110.0,97.23686000728438,12.763139992715622,12.763139992715622,expansao,expansao
102,7 dias,7.0,160.0,90.30384618702638,69.69615381297362,69.69615381297362,expansao,expansao
102,14 dias,14.0,10.0,-22.69549728950446,32.69549728950446,32.69549728950446,expansao,retracao
102,28 dias,28.0,-140.0,-140.78236976256397,0.7823697625639738,0.7823697625639738,retracao,retracao
102,56 dias,56.0,-290.0,-270.27984373965535,-19.720156260344652,19.720156260344652,retracao,retracao
103,12 h,0.5,0.0,-70.15892822866445,70.15892822866445,70.15892822866445,estabilidade,retracao
103,1 dia,1.0,-60.0,-74.94553521199353,14.94553521199353,14.94553521199353,retracao,retracao
103,3 dias,3.0,-120.0,-94.09196314530976,-25.908036854690238,25.908036854690238,retracao,retracao
103,7 dias,7.0,-160.0,-70.6606575315665,-89.3393424684335,89.3393424684335,retracao,retracao
103,14 dias,14.0,-260.0,-199.3973167785491,-60.60268322145089,60.60268322145089,retracao,retracao
103,28 dias,28.0,-350.0,-333.4223123117628,-16.577687688237177,16.577687688237177,retracao,retracao
103,56 dias,56.0,-430.0,-502.9021382463892,72.9021382463892,72.9021382463892,retracao,retracao
104,12 h,0.5,0.0,90.1777753162392,-90.1777753162392,90.1777753162392,estabilidade,expansao
104,1 dia,1.0,50.0,87.14440899748234,-37.144408997482344,37.144408997482344,expansao,expansao
104,3 dias,3.0,80.0,75.01094372245473,4.989056277545274,4.989056277545274,expansao,expansao
104,7 dias,7.0,110.0,99.19415620422885,10.805843795771153,10.805843795771153,expansao,expansao
104,14 dias,14.0,-30.0,8.276884709802971,-38.27688470980297,38.27688470980297,retracao,expansao
104,28 dias,28.0,-150.0,-126.07618383418028,-23.923816165819716,23.923816165819716,retracao,retracao
104,56 dias,56.0,-290.0,-246.52588606577643,-43.47411393422357,43.47411393422357,retracao,retracao
105,12 h,0.5,0.0,63.82622833510513,-63.82622833510513,63.82622833510513,estabilidade,expansao
105,1 dia,1.0,30.0,59.47943874922649,-29.47943874922649,29.47943874922649,expansao,expansao
105,3 dias,3.0,90.0,69.24209504509699,20.75790495490301,20.75790495490301,expansao,expansao
105,7 dias,7.0,110.0,61.273870958684284,48.726129041315716,48.726129041315716,expansao,expansao
105,14 dias,14.0,-30.0,-53.53709048361739,23.53709048361739,23.53709048361739,retracao,retracao
105,28 dias,28.0,-130.0,-175.24719888821852,45.24719888821852,45.24719888821852,retracao,retracao
105,56 dias,56.0,-290.0,-311.991144728393,21.99114472839301,21.99114472839301,retracao,retracao
106,12 h,0.5,0.0,-28.71138648398147,28.71138648398147,28.71138648398147,estabilidade,retracao
106,1 dia,1.0,-50.0,-33.34490952038513,-16.65509047961487,16.65509047961487,retracao,retracao
106,3 dias,3.0,-90.0,-51.879001665999624,-38.120998334000376,38.120998334000376,retracao,retracao
106,7 dias,7.0,-170.0,-27.223024476852913,-142.7769755231471,142.7769755231471,retracao,retracao
106,14 dias,14.0,-240.0,-153.8165084668795,-86.1834915331205,86.1834915331205,retracao,retracao
106,28 dias,28.0,-360.0,-283.55515348618115,-76.44484651381885,76.44484651381885,retracao,retracao
106,56 dias,56.0,-430.0,-444.46227839298336,14.462278392983364,14.462278392983364,retracao,retracao
107,12 h,0.5,0.0,26.227026866130757,-26.227026866130757,26.227026866130757,estabilidade,expansao
107,1 dia,1.0,20.0,22.660130780524298,-2.660130780524298,2.660130780524298,expansao,expansao
107,3 dias,3.0,50.0,8.392546438098634,41.607453561901366,41.607453561901366,expansao,expansao
107,7 dias,7.0,80.0,28.30752078507666,51.69247921492334,51.69247921492334,expansao,expansao
107,14 dias,14.0,-50.0,-70.07916744524242,20.07916744524242,20.07916744524242,retracao,retracao
107,28 dias,28.0,-150.0,-219.3710694610121,69.3710694610121,69.3710694610121,retracao,retracao
107,56 dias,56.0,-360.0,-369.6984386361811,9.698438636181095,9.698438636181095,retracao,retracao
108,12 h,0.5,0.0,91.17398688094582,-91.17398688094582,91.17398688094582,estabilidade,expansao
108,1 dia,1.0,60.0,86.95659857833655,-26.956598578336553,26.956598578336553,expansao,expansao
108,3 dias,3.0,110.0,97.23686000728438,12.763139992715622,12.763139992715622,expansao,expansao
108,7 dias,7.0,160.0,90.30384618702638,69.69615381297362,69.69615381297362,expansao,expansao
108,14 dias,14.0,10.0,-22.69549728950446,32.69549728950446,32.69549728950446,expansao,retracao
108,28 dias,28.0,-140.0,-140.78236976256397,0.7823697625639738,0.7823697625639738,retracao,retracao
108,56 dias,56.0,-290.0,-270.27984373965535,-19.720156260344652,19.720156260344652,retracao,retracao
109,12 h,0.5,0.0,-67.050602240162,67.050602240162,67.050602240162,estabilidade,retracao
109,1 dia,1.0,-70.0,-71.27293997269595,1.2729399726959514,1.2729399726959514,retracao,retracao
109,3 dias,3.0,-110.0,-88.16229090283193,-21.837709097168073,21.837709097168073,retracao,retracao
109,7 dias,7.0,-180.0,-60.216831282728066,-119.78316871727193,119.78316871727193,retracao,retracao
109,14 dias,14.0,-260.0,-181.05372101857967,-78.94627898142033,78.94627898142033,retracao,retracao
109,28 dias,28.0,-340.0,-299.27917752953135,-40.72082247046865,40.72082247046865,retracao,retracao
109,56 dias,56.0,-430.0,-437.1599254196335,7.15992541963351,7.15992541963351,retracao,retracao
110,12 h,0.5,0.0,24.411809831466,-24.411809831466,24.411809831466,estabilidade,expansao
110,1 dia,1.0,10.0,20.848454089368857,-10.848454089368857,10.848454089368857,expansao,expansao
110,3 dias,3.0,30.0,6.595031120980366,23.404968879019634,23.404968879019634,expansao,expansao
110,7 dias,7.0,60.0,26.538328216032653,33.46167178396735,33.46167178396735,expansao,expansao
110,14 dias,14.0,-50.0,-71.7987952051564,21.798795205156395,21.798795205156395,retracao,retracao
110,28 dias,28.0,-170.0,-220.99156760266604,50.99156760266604,50.99156760266604,retracao,retracao
110,56 dias,56.0,-390.0,-371.12067754131493,-18.879322458685067,18.879322458685067,retracao,retracao
111,12 h,0.5,0.0,73.19788517615726,-73.19788517615726,73.19788517615726,estabilidade,expansao
111,1 dia,1.0,50.0,68.98778708668996,-18.987787086689963,18.987787086689963,expansao,expansao
111,3 dias,3.0,90.0,79.29720936820556,10.702790631794443,10.702790631794443,expansao,expansao
111,7 dias,7.0,120.0,72.42251725308304,47.57748274691696,47.57748274691696,expansao,expansao
111,14 dias,14.0,-20.0,-40.47476323946074,20.474763239460742,20.474763239460742,retracao,retracao
111,28 dias,28.0,-120.0,-158.3575097445461,38.35750974454609,38.35750974454609,retracao,retracao
111,56 dias,56.0,-290.0,-287.44673178568905,-2.553268214310947,2.553268214310947,retracao,retracao
112,12 h,0.5,0.0,-69.25869462397588,69.25869462397588,69.25869462397588,estabilidade,retracao
112,1 dia,1.0,-50.0,-73.5960731201964,23.596073120196394,23.596073120196394,retracao,retracao
112,3 dias,3.0,-100.0,-90.9455871050784,-9.054412894921597,9.054412894921597,retracao,retracao
112,7 dias,7.0,-140.0,-63.92045359446672,-76.07954640553328,76.07954640553328,retracao,retracao
112,14 dias,14.0,-200.0,-186.3679140219296,-13.632085978070393,13.632085978070393,retracao,retracao
112,28 dias,28.0,-280.0,-307.8145119161038,27.81451191610381,27.81451191610381,retracao,retracao
112,56 dias,56.0,-430.0,-452.1375425726512,22.137542572651228,22.137542572651228,retracao,retracao
113,12 h,0.5,0.0,108.63104446341549,-108.63104446341549,108.63104446341549,estabilidade,expansao
113,1 dia,1.0,60.0,105.35976706083449,-45.359767060834486,45.359767060834486,expansao,expansao
113,3 dias,3.0,110.0,92.27465745051063,17.72534254948937,17.72534254948937,expansao,expansao
113,7 dias,7.0,160.0,114.55458126169219,45.44541873830781,45.44541873830781,expansao,expansao
113,14 dias,14.0,0.0,20.306554593729345,-20.306554593729345,20.306554593729345,estabilidade,expansao
113,28 dias,28.0,-180.0,-120.70802429732791,-59.29197570267209,59.29197570267209,retracao,retracao
113,56 dias,56.0,-290.0,-254.48074722307206,-35.51925277692794,35.51925277692794,retracao,retracao
114,12 h,0.5,0.0,-85.53321254632347,85.53321254632347,85.53321254632347,estabilidade,retracao
114,1 dia,1.0,-40.0,-89.59978456455893,49.59978456455893,49.59978456455893,retracao,retracao
114,3 dias,3.0,-80.0,-78.71625799811599,-1.2837420018840078,1.2837420018840078,retracao,retracao
114,7 dias,7.0,-150.0,-84.44274154338376,-65.55725845661624,65.55725845661624,retracao,retracao
114,14 dias,14.0,-230.0,-195.33065703868175,-34.66934296131825,34.66934296131825,retracao,retracao
114,28 dias,28.0,-310.0,-309.19467354927554,-0.8053264507244648,0.8053264507244648,retracao,retracao
114,56 dias,56.0,-430.0,-430.24643560143556,0.24643560143556442,0.24643560143556442,retracao,retracao
115,12 h,0.5,0.0,111.67164971845511,-111.67164971845511,111.67164971845511,estabilidade,expansao
115,1 dia,1.0,60.0,107.45227343132302,-47.45227343132302,47.45227343132302,expansao,expansao
115,3 dias,3.0,120.0,90.57476828279437,29.425231717205634,29.425231717205634,expansao,expansao
115,7 dias,7.0,150.0,118.54391946611287,31.456080533887132,31.456080533887132,expansao,expansao
115,14 dias,14.0,-10.0,-2.2515100341130676,-7.748489965886932,7.748489965886932,retracao,retracao
115,28 dias,28.0,-130.0,-120.39404607381343,-9.605953926186572,9.605953926186572,retracao,retracao
115,56 dias,56.0,-290.0,-258.1089530214131,-31.891046978586928,31.891046978586928,retracao,retracao
116,12 h,0.5,0.0,-83.26117031850497,83.26117031850497,83.26117031850497,estabilidade,retracao
116,1 dia,1.0,-40.0,-86.53244772108594,46.532447721085944,46.532447721085944,retracao,retracao
116,3 dias,3.0,-90.0,-99.61755733140981,9.617557331409813,9.617557331409813,retracao,retracao
116,7 dias,7.0,-130.0,-77.33763352022827,-52.662366479771734,52.662366479771734,retracao,retracao
116,14 dias,14.0,-190.0,-171.58566018819113,-18.414339811808873,18.414339811808873,retracao,retracao
116,28 dias,28.0,-300.0,-312.60023907924835,12.600239079248354,12.600239079248354,retracao,retracao
116,56 dias,56.0,-430.0,-446.37296200499253,16.37296200499253,16.37296200499253,retracao,retracao
117,12 h,0.5,0.0,71.41546943453531,-71.41546943453531,71.41546943453531,estabilidade,expansao
117,1 dia,1.0,20.0,67.06754075285326,-47.06754075285326,47.06754075285326,expansao,expansao
117,3 dias,3.0,60.0,76.82564066551006,-16.825640665510065,16.825640665510065,expansao,expansao
117,7 dias,7.0,110.0,68.84830381266991,41.15169618733009,41.15169618733009,expansao,expansao
117,14 dias,14.0,-20.0,-45.97860497087976,25.978604970879758,25.978604970879758,retracao,retracao
117,28 dias,28.0,-130.0,-167.72060805797685,37.72060805797685,37.72060805797685,retracao,retracao
117,56 dias,56.0,-290.0,-304.52834326314337,14.52834326314337,14.52834326314337,retracao,retracao
118,12 h,0.5,0.0,-67.10018555802742,67.10018555802742,67.10018555802742,estabilidade,retracao
118,1 dia,1.0,-40.0,-71.31956184515954,31.31956184515954,31.31956184515954,retracao,retracao
118,3 dias,3.0,-80.0,-88.1970669936882,8.197066993688196,8.197066993688196,retracao,retracao
118,7 dias,7.0,-140.0,-60.227915810369694,-79.7720841896303,79.7720841896303,retracao,retracao
118,14 dias,14.0,-220.0,-181.02334531059563,-38.97665468940437,38.97665468940437,retracao,retracao
118,28 dias,28.0,-300.0,-299.165881350296,-0.8341186497040098,0.8341186497040098,retracao,retracao
118,56 dias,56.0,-430.0,-436.88078829789566,6.880788297895663,6.880788297895663,retracao,retracao
119,12 h,0.5,0.0,102.98617918435082,-102.98617918435082,102.98617918435082,estabilidade,expansao
119,1 dia,1.0,50.0,99.8246524305577,-49.824652430557705,49.824652430557705,expansao,expansao
119,3 dias,3.0,80.0,87.17854541538537,-7.178545415385372,7.178545415385372,expansao,expansao
119,7 dias,7.0,120.0,110.33647441687003,9.663525583129967,9.663525583129967,expansao,expansao
119,14 dias,14.0,20.0,17.624956831937652,2.375043168062348,2.375043168062348,expansao,expansao
119,28 dias,28.0,-110.0,-120.31660389305867,10.31660389305867,10.31660389305867,retracao,retracao
119,56 dias,56.0,-280.0,-247.94329048668095,-32.05670951331905,32.05670951331905,retracao,retracao
120,12 h,0.5,0.0,32.771381389714264,-32.771381389714264,32.771381389714264,estabilidade,expansao
120,1 dia,1.0,10.0,28.185381685115857,-18.185381685115857,18.185381685115857,expansao,expansao
120,3 dias,3.0,40.0,36.991197506107426,3.008802493892574,3.008802493892574,expansao,expansao
120,7 dias,7.0,90.0,27.10929246993686,62.89070753006314,62.89070753006314,expansao,expansao
120,14 dias,14.0,-70.0,-91.05061063444109,21.050610634441085,21.050610634441085,retracao,retracao
120,28 dias,28.0,-180.0,-219.45860236319476,39.45860236319476,39.45860236319476,retracao,retracao
120,56 dias,56.0,-310.0,-369.59831485167444,59.598314851674445,59.598314851674445,retracao,retracao
121,12 h,0.5,0.0,-64.95284648431726,64.95284648431726,64.95284648431726,estabilidade,retracao
121,1 dia,1.0,-50.0,-69.30047613769796,19.300476137697956,19.300476137697956,retracao,retracao
121,3 dias,3.0,-100.0,-86.69099475122073,-13.309005248779272,13.309005248779272,retracao,retracao
121,7 dias,7.0,-140.0,-59.747870497890545,-80.25212950210945,80.25212950210945,retracao,retracao
121,14 dias,14.0,-220.0,-182.338847125596,-37.661152874403996,37.661152874403996,retracao,retracao
121,28 dias,28.0,-300.0,-304.07247742025544,4.072477420255439,4.072477420255439,retracao,retracao
121,56 dias,56.0,-430.0,-448.9695728777732,18.969572877773203,18.969572877773203,retracao,retracao
122,12 h,0.5,0.0,-88.01247061880038,88.01247061880038,88.01247061880038,estabilidade,retracao
122,1 dia,1.0,-40.0,-91.48377742965603,51.48377742965603,51.48377742965603,retracao,retracao
122,3 dias,3.0,-80.0,-105.36900467307875,25.36900467307875,25.36900467307875,retracao,retracao
122,7 dias,7.0,-120.0,-84.6893161280948,-35.3106838719052,35.3106838719052,retracao,retracao
122,14 dias,14.0,-200.0,-181.7377545119035,-18.26224548809651,18.26224548809651,retracao,retracao
122,28 dias,28.0,-290.0,-328.3531568346524,38.353156834652395,38.353156834652395,retracao,retracao
122,56 dias,56.0,-420.0,-473.32752662377993,53.32752662377993,53.32752662377993,retracao,retracao
123,12 h,0.5,0.0,78.6130703235676,-78.6130703235676,78.6130703235676,estabilidade,expansao
123,1 dia,1.0,140.0,74.4029722341003,65.5970277658997,65.5970277658997,expansao,expansao
123,3 dias,3.0,150.0,84.7123945156159,65.2876054843841,65.2876054843841,expansao,expansao
123,7 dias,7.0,150.0,77.83770240049344,72.16229759950656,72.16229759950656,expansao,expansao
123,14 dias,14.0,60.0,-35.0595780920504,95.0595780920504,95.0595780920504,expansao,retracao
123,28 dias,28.0,-170.0,-152.94232459713575,-17.05767540286425,17.05767540286425,retracao,retracao
123,56 dias,56.0,-280.0,-282.0315466382787,2.031546638278712,2.031546638278712,retracao,retracao
124,12 h,0.5,0.0,-46.964173788609656,46.964173788609656,46.964173788609656,estabilidade,retracao
124,1 dia,1.0,-10.0,-51.35668073000272,41.35668073000272,41.35668073000272,retracao,retracao
124,3 dias,3.0,-30.0,-68.92670849557493,38.92670849557493,38.92670849557493,retracao,retracao
124,7 dias,7.0,-50.0,-42.34260254634364,-7.657397453656358,7.657397453656358,retracao,retracao
124,14 dias,14.0,-140.0,-165.56186120622223,25.561861206222233,25.561861206222233,retracao,retracao
124,28 dias,28.0,-270.0,-288.5520555652279,18.552055565227874,18.552055565227874,retracao,retracao
124,56 dias,56.0,-410.0,-435.9622791514381,25.96227915143811,25.96227915143811,retracao,retracao
125,12 h,0.5,0.0,44.03522160558282,-44.03522160558282,44.03522160558282,estabilidade,expansao
125,1 dia,1.0,60.0,40.74695055415731,19.25304944584269,19.25304944584269,expansao,expansao
125,3 dias,3.0,110.0,27.593866348455123,82.40613365154488,82.40613365154488,expansao,expansao
125,7 dias,7.0,140.0,49.73784096888005,90.26215903111995,90.26215903111995,expansao,expansao
125,14 dias,14.0,20.0,-44.748096782906885,64.74809678290688,64.74809678290688,expansao,retracao
125,28 dias,28.0,-150.0,-186.23849784161226,36.23849784161226,36.23849784161226,retracao,retracao
125,56 dias,56.0,-280.0,-320.9628651026527,40.9628651026527,40.9628651026527,retracao,retracao
126,12 h,0.5,0.0,-85.85944958442504,85.85944958442504,85.85944958442504,estabilidade,retracao
126,1 dia,1.0,-10.0,-90.25225864076212,80.25225864076212,80.25225864076212,retracao,retracao
126,3 dias,3.0,-30.0,-80.67368022672548,50.67368022672548,50.67368022672548,retracao,retracao
126,7 dias,7.0,-50.0,-89.0100600768059,39.0100600768059,39.0100600768059,retracao,retracao
126,14 dias,14.0,-140.0,-204.46529410552603,64.46529410552603,64.46529410552603,retracao,retracao
126,28 dias,28.0,-270.0,-327.4639476829641,57.46394768296409,57.46394768296409,retracao,retracao
126,56 dias,56.0,-410.0,-466.78498386881256,56.78498386881256,56.78498386881256,retracao,retracao
127,12 h,0.5,0.0,56.66825800741486,-56.66825800741486,56.66825800741486,estabilidade,expansao
127,1 dia,1.0,70.0,52.25342632376186,17.746573676238143,17.746573676238143,expansao,expansao
127,3 dias,3.0,80.0,34.59409958914978,45.40590041085022,45.40590041085022,expansao,expansao
127,7 dias,7.0,110.0,60.99960760030143,49.00039239969857,49.00039239969857,expansao,expansao
127,14 dias,14.0,-40.0,-62.532197451216575,22.532197451216575,22.532197451216575,retracao,retracao
127,28 dias,28.0,-170.0,-186.14748459350105,16.147484593501048,16.147484593501048,retracao,retracao
127,56 dias,56.0,-280.0,-334.8078937462689,54.80789374626892,54.80789374626892,retracao,retracao
128,12 h,0.5,0.0,-86.49839557835004,86.49839557835004,86.49839557835004,estabilidade,retracao
128,1 dia,1.0,-50.0,-89.78666662977561,39.78666662977561,39.78666662977561,retracao,retracao
128,3 dias,3.0,-90.0,-102.93975083547777,12.939750835477767,12.939750835477767,retracao,retracao
128,7 dias,7.0,-140.0,-80.79577621505284,-59.20422378494716,59.20422378494716,retracao,retracao
128,14 dias,14.0,-200.0,-175.28171396683976,-24.71828603316024,24.71828603316024,retracao,retracao
128,28 dias,28.0,-310.0,-316.77211502554513,6.7721150255451334,6.7721150255451334,retracao,retracao
128,56 dias,56.0,-410.0,-451.49648228658555,41.49648228658555,41.49648228658555,retracao,retracao
129,12 h,0.5,0.0,106.05593920892377,-106.05593920892377,106.05593920892377,estabilidade,expansao
129,1 dia,1.0,50.0,101.86087718406165,-51.86087718406165,51.86087718406165,expansao,expansao
129,3 dias,3.0,100.0,112.2304437239982,-12.230443723998206,12.230443723998206,expansao,expansao
129,7 dias,7.0,140.0,105.47604012571767,34.523959874282326,34.523959874282326,expansao,expansao
129,14 dias,14.0,-10.0,-7.210735462352773,-2.7892645376472274,2.7892645376472274,retracao,retracao
129,28 dias,28.0,-70.0,-124.67247215849137,54.672472158491374,54.672472158491374,retracao,retracao
129,56 dias,56.0,-280.0,-252.91967458174094,-27.080325418259065,27.080325418259065,retracao,retracao
130,12 h,0.5,0.0,-60.94289017000716,60.94289017000716,60.94289017000716,estabilidade,retracao
130,1 dia,1.0,-60.0,-65.13766367995484,5.137663679954841,5.137663679954841,retracao,retracao
130,3 dias,3.0,-90.0,-81.9167577197457,-8.083242280254296,8.083242280254296,retracao,retracao
130,7 dias,7.0,-150.0,-53.750784318951645,-96.24921568104836,96.24921568104836,retracao,retracao
130,14 dias,14.0,-190.0,-174.20177493859538,-15.798225061404622,15.798225061404622,retracao,retracao
130,28 dias,28.0,-260.0,-291.6554332171313,31.655433217131304,31.655433217131304,retracao,retracao
130,56 dias,56.0,-410.0,-427.99258464240205,17.99258464240205,17.99258464240205,retracao,retracao
131,12 h,0.5,0.0,64.08364244592633,-64.08364244592633,64.08364244592633,estabilidade,expansao
131,1 dia,1.0,50.0,60.812365043345324,-10.812365043345324,10.812365043345324,expansao,expansao
131,3 dias,3.0,100.0,47.72725543302147,52.27274456697853,52.27274456697853,expansao,expansao
131,7 dias,7.0,130.0,70.00717924420303,59.99282075579697,59.99282075579697,expansao,expansao
131,14 dias,14.0,-50.0,-24.24084742375983,-25.75915257624017,25.75915257624017,retracao,retracao
131,28 dias,28.0,-160.0,-165.25542631481707,5.255426314817072,5.255426314817072,retracao,retracao
131,56 dias,56.0,-280.0,-299.0281492405612,19.02814924056122,19.02814924056122,retracao,retracao
132,12 h,0.5,0.0,-85.6767386175553,85.6767386175553,85.6767386175553,estabilidade,retracao
132,1 dia,1.0,-80.0,-89.88683670702262,9.886836707022624,9.886836707022624,retracao,retracao
132,3 dias,3.0,-130.0,-79.57741442550704,-50.422585574492956,50.422585574492956,retracao,retracao
132,7 dias,7.0,-180.0,-86.45210654062953,-93.54789345937047,93.54789345937047,retracao,retracao
132,14 dias,14.0,-220.0,-199.34938703317331,-20.650612966826685,20.650612966826685,retracao,retracao
132,28 dias,28.0,-290.0,-317.23213353825867,27.232133538258665,27.232133538258665,retracao,retracao
132,56 dias,56.0,-410.0,-446.3213555794017,36.32135557940171,36.32135557940171,retracao,retracao
133,12 h,0.5,0.0,120.26649220483466,-120.26649220483466,120.26649220483466,estabilidade,expansao
133,1 dia,1.0,100.0,115.96100619755697,-15.96100619755697,15.96100619755697,expansao,expansao
133,3 dias,3.0,90.0,98.73906216844608,-8.739062168446083,8.739062168446083,expansao,expansao
133,7 dias,7.0,70.0,126.01933559060018,-56.01933559060018,56.01933559060018,expansao,expansao
133,14 dias,14.0,-90.0,4.018370008336461,-94.01837000833646,94.01837000833646,retracao,expansao
133,28 dias,28.0,-250.0,-116.5352381954394,-133.4647618045606,133.4647618045606,retracao,retracao
133,56 dias,56.0,-280.0,-259.07228947119006,-20.92771052880994,20.92771052880994,retracao,retracao
134,12 h,0.5,0.0,-75.4758521144961,75.4758521144961,75.4758521144961,estabilidade,retracao
134,1 dia,1.0,-60.0,-78.81616621550816,18.81616621550816,18.81616621550816,retracao,retracao
134,3 dias,3.0,-110.0,-92.17742261955641,-17.82257738044359,17.82257738044359,retracao,retracao
134,7 dias,7.0,-160.0,-70.4497923958236,-89.5502076041764,89.5502076041764,retracao,retracao
134,14 dias,14.0,-200.0,-165.66433284182176,-34.33566715817824,34.33566715817824,retracao,retracao
134,28 dias,28.0,-290.0,-308.61193928894954,18.611939288949543,18.611939288949543,retracao,retracao
134,56 dias,56.0,-410.0,-446.2507173268348,36.250717326834774,36.250717326834774,retracao,retracao
135,12 h,0.5,0.0,73.19788517615726,-73.19788517615726,73.19788517615726,estabilidade,expansao
135,1 dia,1.0,140.0,68.98778708668996,71.01221291331004,71.01221291331004,expansao,expansao
135,3 dias,3.0,150.0,79.29720936820556,70.70279063179444,70.70279063179444,expansao,expansao
135,7 dias,7.0,150.0,72.42251725308304,77.57748274691696,77.57748274691696,expansao,expansao
135,14 dias,14.0,60.0,-40.47476323946074,100.47476323946074,100.47476323946074,expansao,retracao
135,28 dias,28.0,-170.0,-158.3575097445461,-11.642490255453907,11.642490255453907,retracao,retracao
135,56 dias,56.0,-280.0,-287.44673178568905,7.446731785689053,7.446731785689053,retracao,retracao
136,12 h,0.5,0.0,-69.01486444790743,69.01486444790743,69.01486444790743,estabilidade,retracao
136,1 dia,1.0,-60.0,-73.11988338183045,13.119883381830448,13.119883381830448,retracao,retracao
136,3 dias,3.0,-120.0,-89.53995911752236,-30.460040882477642,30.460040882477642,retracao,retracao
136,7 dias,7.0,-150.0,-60.65594910853045,-89.34405089146955,89.34405089146955,retracao,retracao
136,14 dias,14.0,-200.0,-179.85037566382795,-20.149624336172053,20.149624336172053,retracao,retracao
136,28 dias,28.0,-260.0,-294.79090581367143,34.79090581367143,34.79090581367143,retracao,retracao
136,56 dias,56.0,-410.0,-426.10180098155723,16.101800981557233,16.101800981557233,retracao,retracao
137,12 h,0.5,0.0,29.19305504985914,-29.19305504985914,29.19305504985914,estabilidade,expansao
137,1 dia,1.0,20.0,25.825657321001074,-5.825657321001074,5.825657321001074,expansao,expansao
137,3 dias,3.0,60.0,12.35606640556864,47.64393359443136,47.64393359443136,expansao,expansao
137,7 dias,7.0,80.0,33.86702760653313,46.13297239346687,46.13297239346687,expansao,expansao
137,14 dias,14.0,-60.0,-61.72668362930963,1.7266836293096333,1.7266836293096333,retracao,retracao
137,28 dias,28.0,-150.0,-205.43263165612666,55.43263165612666,55.43263165612666,retracao,retracao
137,56 dias,56.0,-280.0,-344.5880928533904,64.58809285339038,64.58809285339038,retracao,retracao
138,12 h,0.5,0.0,-85.6767386175553,85.6767386175553,85.6767386175553,estabilidade,retracao
138,1 dia,1.0,-50.0,-89.88683670702262,39.886836707022624,39.886836707022624,retracao,retracao
138,3 dias,3.0,-90.0,-79.57741442550704,-10.422585574492956,10.422585574492956,retracao,retracao
138,7 dias,7.0,-160.0,-86.45210654062953,-73.54789345937047,73.54789345937047,retracao,retracao
138,14 dias,14.0,-200.0,-199.34938703317331,-0.6506129668266851,0.6506129668266851,retracao,retracao
138,28 dias,28.0,-260.0,-317.23213353825867,57.232133538258665,57.232133538258665,retracao,retracao
138,56 dias,56.0,-410.0,-446.3213555794017,36.32135557940171,36.32135557940171,retracao,retracao
139,12 h,0.5,0.0,115.35102878146171,-115.35102878146171,115.35102878146171,estabilidade,expansao
139,1 dia,1.0,40.0,111.14122024101238,-71.14122024101238,71.14122024101238,expansao,expansao
139,3 dias,3.0,100.0,94.30198607921511,5.698013920784888,5.698013920784888,expansao,expansao
139,7 dias,7.0,140.0,122.34767923599634,17.65232076400366,17.65232076400366,expansao,expansao
139,14 dias,14.0,-10.0,1.686198189330156,-11.686198189330156,11.686198189330156,retracao,expansao
139,28 dias,28.0,-80.0,-116.1884409432507,36.1884409432507,36.1884409432507,retracao,retracao
139,56 dias,56.0,-280.0,-253.36755407661138,-26.632445923388616,26.632445923388616,retracao,retracao
140,12 h,0.5,0.0,-83.26117031850497,83.26117031850497,83.26117031850497,estabilidade,retracao
140,1 dia,1.0,-50.0,-86.53244772108594,36.532447721085944,36.532447721085944,retracao,retracao
140,3 dias,3.0,-90.0,-99.61755733140981,9.617557331409813,9.617557331409813,retracao,retracao
140,7 dias,7.0,-160.0,-77.33763352022827,-82.66236647977173,82.66236647977173,retracao,retracao
140,14 dias,14.0,-200.0,-171.58566018819113,-28.414339811808873,28.414339811808873,retracao,retracao
140,28 dias,28.0,-260.0,-312.60023907924835,52.600239079248354,52.600239079248354,retracao,retracao
140,56 dias,56.0,-410.0,-446.37296200499253,36.37296200499253,36.37296200499253,retracao,retracao
141,12 h,0.5,0.0,52.5331004465169,-52.5331004465169,52.5331004465169,estabilidade,expansao
141,1 dia,1.0,40.0,48.2045363934931,-8.2045363934931,8.2045363934931,expansao,expansao
141,3 dias,3.0,70.0,58.04009482078297,11.959905179217031,11.959905179217031,expansao,expansao
141,7 dias,7.0,110.0,50.21767499720892,59.78232500279108,59.78232500279108,expansao,expansao
141,14 dias,14.0,-20.0,-64.338128985125,44.338128985124996,44.338128985124996,retracao,retracao
141,28 dias,28.0,-120.0,-185.53792246979066,65.53792246979066,65.53792246979066,retracao,retracao
141,56 dias,56.0,-280.0,-321.2612384700943,41.26123847009433,41.26123847009433,retracao,retracao
142,12 h,0.5,0.0,-69.34832839008996,69.34832839008996,69.34832839008996,estabilidade,retracao
142,1 dia,1.0,-40.0,-73.56542664229761,33.56542664229761,33.56542664229761,retracao,retracao
142,3 dias,3.0,-90.0,-90.43381965112829,0.4338196511282888,0.4338196511282888,retracao,retracao
142,7 dias,7.0,-140.0,-62.44644418841392,-77.55355581158608,77.55355581158608,retracao,retracao
142,14 dias,14.0,-210.0,-183.20998119969707,-26.79001880030293,26.79001880030293,retracao,retracao
142,28 dias,28.0,-290.0,-301.2887322615119,11.288732261511882,11.288732261511882,retracao,retracao
142,56 dias,56.0,-410.0,-438.87606925334035,28.876069253340347,28.876069253340347,retracao,retracao
143,12 h,0.5,0.0,43.600130345061956,-43.600130345061956,43.600130345061956,estabilidade,expansao
143,1 dia,1.0,50.0,40.32885294248098,9.671147057519022,9.671147057519022,expansao,expansao
143,3 dias,3.0,90.0,27.243743332157095,62.756256667842905,62.756256667842905,expansao,expansao
143,7 dias,7.0,140.0,49.523667143338656,90.47633285666134,90.47633285666134,expansao,expansao
143,14 dias,14.0,0.0,-44.72435952462422,44.72435952462422,44.72435952462422,estabilidade,retracao
143,28 dias,28.0,-120.0,-185.73893841568145,65.73893841568145,65.73893841568145,retracao,retracao
143,56 dias,56.0,-280.0,-319.51166134142557,39.511661341425565,39.511661341425565,retracao,retracao
144,12 h,0.5,0.0,-85.70863330005126,85.70863330005126,85.70863330005126,estabilidade,retracao
144,1 dia,1.0,-40.0,-89.95062607201454,49.95062607201454,49.95062607201454,retracao,retracao
144,3 dias,3.0,-90.0,-79.7687825204828,-10.231217479517198,10.231217479517198,retracao,retracao
144,7 dias,7.0,-140.0,-86.89863209557303,-53.101367904426965,53.101367904426965,retracao,retracao
144,14 dias,14.0,-210.0,-200.2424381430603,-9.757561856939702,9.757561856939702,retracao,retracao
144,28 dias,28.0,-300.0,-319.01823575803263,19.01823575803263,19.01823575803263,retracao,retracao
144,56 dias,56.0,-410.0,-449.89356001894964,39.89356001894964,39.89356001894964,retracao,retracao
145,12 h,0.5,0.0,96.05967868210661,-96.05967868210661,96.05967868210661,estabilidade,expansao
145,1 dia,1.0,120.0,91.72958989764442,28.270410102355584,28.270410102355584,expansao,expansao
145,3 dias,3.0,160.0,74.40923475979582,85.59076524020418,85.59076524020418,expansao,expansao
145,7 dias,7.0,200.0,101.49268596447433,98.50731403552567,98.50731403552567,expansao,expansao
145,14 dias,14.0,-30.0,-20.852718498371587,-9.147281501628413,9.147281501628413,retracao,retracao
145,28 dias,28.0,-150.0,-142.09520446331192,-7.904795536688084,7.904795536688084,retracao,retracao
145,56 dias,56.0,-270.0,-286.0100112613915,16.010011261391526,16.010011261391526,retracao,retracao
146,12 h,0.5,0.0,-83.85860630547373,83.85860630547373,83.85860630547373,estabilidade,retracao
146,1 dia,1.0,-30.0,-87.12988370805469,57.12988370805469,57.12988370805469,retracao,retracao
146,3 dias,3.0,-70.0,-100.21499331837857,30.214993318378575,30.214993318378575,retracao,retracao
146,7 dias,7.0,-110.0,-77.93506950719701,-32.064930492802986,32.064930492802986,retracao,retracao
146,14 dias,14.0,-180.0,-172.18309617515987,-7.816903824840125,7.816903824840125,retracao,retracao
146,28 dias,28.0,-270.0,-313.19767506621713,43.19767506621713,43.19767506621713,retracao,retracao
146,56 dias,56.0,-410.0,-446.97039799196125,36.97039799196125,36.97039799196125,retracao,retracao
147,12 h,0.5,0.0,75.164621426151,-75.164621426151,75.164621426151,estabilidade,expansao
147,1 dia,1.0,60.0,70.98186163596594,-10.981861635965942,10.981861635965942,expansao,expansao
147,3 dias,3.0,100.0,81.40063711461053,18.599362885389468,18.599362885389468,expansao,expansao
147,7 dias,7.0,150.0,74.74465139374607,75.25534860625393,75.25534860625393,expansao,expansao
147,14 dias,14.0,-30.0,-37.769892908846145,7.7698929088461455,7.7698929088461455,retracao,retracao
147,28 dias,28.0,-150.0,-154.88716703402835,4.8871670340283515,4.8871670340283515,retracao,retracao
147,56 dias,56.0,-270.0,-282.4454443153651,12.44544431536508,12.44544431536508,retracao,retracao
148,12 h,0.5,0.0,-69.34832839008996,69.34832839008996,69.34832839008996,estabilidade,retracao
148,1 dia,1.0,-40.0,-73.56542664229761,33.56542664229761,33.56542664229761,retracao,retracao
148,3 dias,3.0,-90.0,-90.43381965112829,0.4338196511282888,0.4338196511282888,retracao,retracao
148,7 dias,7.0,-140.0,-62.44644418841392,-77.55355581158608,77.55355581158608,retracao,retracao
148,14 dias,14.0,-210.0,-183.20998119969707,-26.79001880030293,26.79001880030293,retracao,retracao
148,28 dias,28.0,-290.0,-301.2887322615119,11.288732261511882,11.288732261511882,retracao,retracao
148,56 dias,56.0,-410.0,-438.87606925334035,28.876069253340347,28.876069253340347,retracao,retracao
149,12 h,0.5,0.0,96.42079613439648,-96.42079613439648,96.42079613439648,estabilidade,expansao
149,1 dia,1.0,60.0,93.13712752953302,-33.13712752953302,33.13712752953302,expansao,expansao
149,3 dias,3.0,110.0,80.0024531100791,29.997546889920898,29.997546889920898,expansao,expansao
149,7 dias,7.0,150.0,102.18324730300063,47.81675269699937,47.81675269699937,expansao,expansao
149,14 dias,14.0,50.0,7.761743803082709,42.23825619691729,42.23825619691729,expansao,expansao
149,28 dias,28.0,-50.0,-133.5997887518846,83.5997887518846,83.5997887518846,retracao,retracao
149,56 dias,56.0,-270.0,-268.0664190054489,-1.9335809945511073,1.9335809945511073,retracao,retracao
150,12 h,0.5,0.0,-80.27408352398264,80.27408352398264,80.27408352398264,estabilidade,retracao
150,1 dia,1.0,-50.0,-84.4967116672877,34.4967116672877,34.4967116672877,retracao,retracao
150,3 dias,3.0,-100.0,-74.23740960112289,-25.76259039887711,25.76259039887711,retracao,retracao
150,7 dias,7.0,-160.0,-81.21234214694701,-78.78765785305299,78.78765785305299,retracao,retracao
150,14 dias,14.0,-240.0,-194.2850433932186,-45.71495660678141,45.71495660678141,retracao,retracao
150,28 dias,28.0,-310.0,-312.51863140575955,2.5186314057595496,2.5186314057595496,retracao,retracao
150,56 dias,56.0,-410.0,-442.3095364618139,32.30953646181388,32.30953646181388,retracao,retracao
151,12 h,0.5,0.0,88.76571796930637,-88.76571796930637,88.76571796930637,estabilidade,expansao
151,1 dia,1.0,50.0,84.38277877459615,-34.38277877459615,34.38277877459615,expansao,expansao
151,3 dias,3.0,110.0,66.85102199575527,43.148978004244725,43.148978004244725,expansao,expansao
151,7 dias,7.0,150.0,93.51166991844929,56.488330081550714,56.488330081550714,expansao,expansao
151,14 dias,14.0,30.0,-29.57364028786955,59.57364028786955,59.57364028786955,expansao,retracao
151,28 dias,28.0,-90.0,-152.2959377397557,62.295937739755686,62.295937739755686,retracao,retracao
151,56 dias,56.0,-270.0,-299.17036751172685,29.17036751172685,29.17036751172685,retracao,retracao
152,12 h,0.5,0.0,-88.04154440573588,88.04154440573588,88.04154440573588,estabilidade,retracao
152,1 dia,1.0,-40.0,-91.33760421288186,51.33760421288186,51.33760421288186,retracao,retracao
152,3 dias,3.0,-90.0,-104.52184344146578,14.521843441465776,14.521843441465776,retracao,retracao
152,7 dias,7.0,-120.0,-82.44017886680426,-37.55982113319574,37.55982113319574,retracao,retracao
152,14 dias,14.0,-180.0,-177.0351591986772,-2.9648408013227936,2.9648408013227936,retracao,retracao
152,28 dias,28.0,-280.0,-318.74364541755466,38.74364541755466,38.74364541755466,retracao,retracao
152,56 dias,56.0,-400.0,-453.9041829989392,53.90418299893918,53.90418299893918,retracao,retracao
153,12 h,0.5,0.0,43.223919202256155,-43.223919202256155,43.223919202256155,estabilidade,expansao
153,1 dia,1.0,50.0,39.04799398689167,10.952006013108331,10.952006013108331,expansao,expansao
153,3 dias,3.0,80.0,49.49410776481852,30.505892235181477,30.505892235181477,expansao,expansao
153,7 dias,7.0,130.0,42.892798642518585,87.10720135748142,87.10720135748142,expansao,expansao
153,14 dias,14.0,-30.0,-69.52606161258572,39.52606161258572,39.52606161258572,retracao,retracao
153,28 dias,28.0,-100.0,-186.4519676427921,86.45196764279211,86.45196764279211,retracao,retracao
153,56 dias,56.0,-270.0,-313.6275087341772,43.627508734177184,43.627508734177184,retracao,retracao
154,12 h,0.5,0.0,-61.846577189241515,61.846577189241515,61.846577189241515,estabilidade,retracao
154,1 dia,1.0,-60.0,-66.02904931059697,6.0290493105969745,6.0290493105969745,retracao,retracao
154,3 dias,3.0,-110.0,-82.75893779601896,-27.241062203981045,27.241062203981045,retracao,retracao
154,7 dias,7.0,-150.0,-54.494553286487104,-95.5054467135129,95.5054467135129,retracao,retracao
154,14 dias,14.0,-200.0,-174.77332446583975,-25.22667553416025,25.22667553416025,retracao,retracao
154,28 dias,28.0,-320.0,-291.8825438637935,-28.1174561362065,28.1174561362065,retracao,retracao
154,56 dias,56.0,-400.0,-427.5308175278999,27.5308175278999,27.5308175278999,retracao,retracao
155,12 h,0.5,0.0,88.17024540651971,-88.17024540651971,88.17024540651971,estabilidade,expansao
155,1 dia,1.0,-40.0,84.60688966442257,-124.60688966442257,124.60688966442257,retracao,expansao
155,3 dias,3.0,-90.0,70.35346669603405,-160.35346669603405,160.35346669603405,retracao,expansao
155,7 dias,7.0,-430.0,90.29676379108636,-520.2967637910864,520.2967637910864,retracao,expansao
155,14 dias,14.0,-540.0,-8.0403596301027,-531.9596403698973,531.9596403698973,retracao,retracao
155,28 dias,28.0,-700.0,-157.23313202761236,-542.7668679723877,542.7668679723877,retracao,retracao
155,56 dias,56.0,-910.0,-307.36224196626125,-602.6377580337387,602.6377580337387,retracao,retracao
156,12 h,0.5,0.0,-60.13544319411727,60.13544319411727,60.13544319411727,estabilidade,retracao
156,1 dia,1.0,-50.0,-64.4692470878368,14.469247087836806,14.469247087836806,retracao,retracao
156,3 dias,3.0,-80.0,-54.65464802333008,-25.345351976669917,25.345351976669917,retracao,retracao
156,7 dias,7.0,-120.0,-62.5189865724702,-57.4810134275298,57.4810134275298,retracao,retracao
156,14 dias,14.0,-200.0,-177.14814832454485,-22.85185167545515,22.85185167545515,retracao,retracao
156,28 dias,28.0,-280.0,-298.49465734869193,18.49465734869193,18.49465734869193,retracao,retracao
156,56 dias,56.0,-400.0,-434.5114044279585,34.511404427958496,34.511404427958496,retracao,retracao
157,12 h,0.5,0.0,-69.51641081010263,69.51641081010263,69.51641081010263,estabilidade,retracao
157,1 dia,1.0,-40.0,-74.10665118294105,34.10665118294105,34.10665118294105,retracao,retracao
157,3 dias,3.0,-90.0,-92.46761267429466,2.4676126742946565,2.4676126742946565,retracao,retracao
157,7 dias,7.0,-140.0,-67.46537417662614,-72.53462582337386,72.53462582337386,retracao,retracao
157,14 dias,14.0,-190.0,-193.4529008767396,3.452900876739591,3.452900876739591,retracao,retracao
157,28 dias,28.0,-270.0,-321.9796313162149,51.97963131621492,51.97963131621492,retracao,retracao
157,56 dias,56.0,-400.0,-480.46292706336453,80.46292706336453,80.46292706336453,retracao,retracao
158,12 h,0.5,0.0,-88.24881006616367,88.24881006616367,88.24881006616367,estabilidade,retracao
158,1 dia,1.0,-30.0,-91.62629777402326,61.62629777402326,61.62629777402326,retracao,retracao
158,3 dias,3.0,-80.0,-105.13624860546155,25.136248605461546,25.136248605461546,retracao,retracao
158,7 dias,7.0,-120.0,-83.7060072365088,-36.293992763491204,36.293992763491204,retracao,retracao
158,14 dias,14.0,-190.0,-179.44097817837212,-10.55902182162788,10.55902182162788,retracao,retracao
158,28 dias,28.0,-280.0,-323.4294456172302,43.429445617230215,43.429445617230215,retracao,retracao
158,56 dias,56.0,-400.0,-463.1499456385761,63.14994563857613,63.14994563857613,retracao,retracao
159,12 h,0.5,0.0,73.19788517615726,-73.19788517615726,73.19788517615726,estabilidade,expansao
159,1 dia,1.0,30.0,68.98778708668996,-38.98778708668996,38.98778708668996,expansao,expansao
159,3 dias,3.0,80.0,79.29720936820556,0.7027906317944428,0.7027906317944428,expansao,expansao
159,7 dias,7.0,120.0,72.42251725308304,47.57748274691696,47.57748274691696,expansao,expansao
159,14 dias,14.0,-30.0,-40.47476323946074,10.474763239460742,10.474763239460742,retracao,retracao
159,28 dias,28.0,-110.0,-158.3575097445461,48.35750974454609,48.35750974454609,retracao,retracao
159,56 dias,56.0,-270.0,-287.44673178568905,17.446731785689053,17.446731785689053,retracao,retracao
160,12 h,0.5,0.0,-69.4377923952834,69.4377923952834,69.4377923952834,estabilidade,retracao
160,1 dia,1.0,-30.0,-73.53483820697065,43.53483820697065,43.53483820697065,retracao,retracao
160,3 dias,3.0,-70.0,-89.92302145371977,19.92302145371977,19.92302145371977,retracao,retracao
160,7 dias,7.0,-130.0,-60.97522646684229,-69.02477353315771,69.02477353315771,retracao,retracao
160,14 dias,14.0,-200.0,-180.05802931084,-19.94197068916,19.94197068916,retracao,retracao
160,28 dias,28.0,-280.0,-294.7753120380839,14.775312038083882,14.775312038083882,retracao,retracao
160,56 dias,56.0,-400.0,-425.63971236077066,25.63971236077066,25.63971236077066,retracao,retracao
161,12 h,0.5,0.0,58.49013969209648,-58.49013969209648,58.49013969209648,estabilidade,expansao
161,1 dia,1.0,20.0,55.11265198423689,-35.11265198423689,35.11265198423689,expansao,expansao
161,3 dias,3.0,80.0,41.6027011527986,38.3972988472014,38.3972988472014,expansao,expansao
161,7 dias,7.0,130.0,63.03294252175138,66.96705747824862,66.96705747824862,expansao,expansao
161,14 dias,14.0,-30.0,-32.70202842011196,2.702028420111958,2.702028420111958,retracao,retracao
161,28 dias,28.0,-150.0,-176.69049585897008,26.69049585897008,26.69049585897008,retracao,retracao
161,56 dias,56.0,-270.0,-316.41099588031597,46.410995880315966,46.410995880315966,retracao,retracao
162,12 h,0.5,0.0,-85.80431734753914,85.80431734753914,85.80431734753914,estabilidade,retracao
162,1 dia,1.0,-30.0,-90.14199416699036,60.14199416699036,60.14199416699036,retracao,retracao
162,3 dias,3.0,-70.0,-80.34288680541019,10.342886805410188,10.342886805410188,retracao,retracao
162,7 dias,7.0,-120.0,-88.23820876040355,-31.761791239596448,31.761791239596448,retracao,retracao
162,14 dias,14.0,-200.0,-202.92159147272133,2.9215914727213317,2.9215914727213317,retracao,retracao
162,28 dias,28.0,-280.0,-324.37654241735476,44.376542417354756,44.376542417354756,retracao,retracao
162,56 dias,56.0,-400.0,-460.6101733375938,60.61017333759378,60.61017333759378,retracao,retracao
163,12 h,0.5,0.0,96.1330153998363,-96.1330153998363,96.1330153998363,estabilidade,expansao
163,1 dia,1.0,50.0,91.70451550663634,-41.70451550663634,41.70451550663634,expansao,expansao
163,3 dias,3.0,120.0,73.99051593383666,46.00948406616334,46.00948406616334,expansao,expansao
163,7 dias,7.0,160.0,100.28667826861295,59.713321731387055,59.713321731387055,expansao,expansao
163,14 dias,14.0,10.0,-23.436481716561815,33.436481716561815,33.436481716561815,expansao,retracao
163,28 dias,28.0,-110.0,-147.43447872615988,37.43447872615988,37.43447872615988,retracao,retracao
163,56 dias,56.0,-270.0,-296.8603076135549,26.86030761355488,26.86030761355488,retracao,retracao
164,12 h,0.5,0.0,-79.49420717520213,79.49420717520213,79.49420717520213,estabilidade,retracao
164,1 dia,1.0,-130.0,-82.83983179147813,-47.16016820852187,47.16016820852187,retracao,retracao
164,3 dias,3.0,-150.0,-96.2223302565821,-53.7776697434179,53.7776697434179,retracao,retracao
164,7 dias,7.0,-190.0,-74.53718415496073,-115.46281584503927,115.46281584503927,retracao,retracao
164,14 dias,14.0,-230.0,-169.82607181465386,-60.17392818534614,60.17392818534614,retracao,retracao
164,28 dias,28.0,-270.0,-312.92237268917177,42.922372689171766,42.922372689171766,retracao,retracao
164,56 dias,56.0,-390.0,-450.858539581837,60.85853958183702,60.85853958183702,retracao,retracao
165,12 h,0.5,0.0,105.4905905990336,-105.4905905990336,105.4905905990336,estabilidade,expansao
165,1 dia,1.0,80.0,101.25862187014044,-21.258621870140445,21.258621870140445,expansao,expansao
165,3 dias,3.0,160.0,111.48056159395284,48.51943840604716,48.51943840604716,expansao,expansao
165,7 dias,7.0,190.0,104.43090436342382,85.56909563657618,85.56909563657618,expansao,expansao
165,14 dias,14.0,50.0,-8.772565081081183,58.77256508108118,58.77256508108118,expansao,retracao
165,28 dias,28.0,-120.0,-127.26768949008904,7.26768949008904,7.26768949008904,retracao,retracao
165,56 dias,56.0,-260.0,-257.58166733907717,-2.418332660922829,2.418332660922829,retracao,retracao
166,12 h,0.5,0.0,-69.35036552113803,69.35036552113803,69.35036552113803,estabilidade,retracao
166,1 dia,1.0,-90.0,-73.5647301314363,-16.435269868563694,16.435269868563694,retracao,retracao
166,3 dias,3.0,-120.0,-90.42218857262944,-29.577811427370563,29.577811427370563,retracao,retracao
166,7 dias,7.0,-150.0,-62.41294397464,-87.58705602536,87.58705602536,retracao,retracao
166,14 dias,14.0,-180.0,-183.1382099991918,3.138209999191787,3.138209999191787,retracao,retracao
166,28 dias,28.0,-250.0,-301.1404190875438,51.14041908754382,51.14041908754382,retracao,retracao
166,56 dias,56.0,-390.0,-438.57467213244684,48.574672132446835,48.574672132446835,retracao,retracao
167,12 h,0.5,0.0,108.63104446341549,-108.63104446341549,108.63104446341549,estabilidade,expansao
167,1 dia,1.0,40.0,105.35976706083449,-65.35976706083449,65.35976706083449,expansao,expansao
167,3 dias,3.0,110.0,92.27465745051063,17.72534254948937,17.72534254948937,expansao,expansao
167,7 dias,7.0,150.0,114.55458126169219,35.44541873830781,35.44541873830781,expansao,expansao
167,14 dias,14.0,0.0,20.306554593729345,-20.306554593729345,20.306554593729345,estabilidade,expansao
167,28 dias,28.0,-110.0,-120.70802429732791,10.70802429732791,10.70802429732791,retracao,retracao
167,56 dias,56.0,-260.0,-254.48074722307206,-5.519252776927942,5.519252776927942,retracao,retracao
168,12 h,0.5,0.0,-85.81343011396656,85.81343011396656,85.81343011396656,estabilidade,retracao
168,1 dia,1.0,-40.0,-90.1602196998452,50.1602196998452,50.1602196998452,retracao,retracao
168,3 dias,3.0,-80.0,-80.39756340397471,0.3975634039747149,0.3975634039747149,retracao,retracao
168,7 dias,7.0,-130.0,-88.36578749038742,-41.63421250961258,41.63421250961258,retracao,retracao
168,14 dias,14.0,-170.0,-203.17674893268907,33.176748932689065,33.176748932689065,retracao,retracao
168,28 dias,28.0,-270.0,-324.8868573372902,54.88685733729022,54.88685733729022,retracao,retracao
168,56 dias,56.0,-390.0,-461.6308031774647,71.63080317746471,71.63080317746471,retracao,retracao
169,12 h,0.5,0.0,65.9432740455625,-65.9432740455625,65.9432740455625,estabilidade,expansao
169,1 dia,1.0,50.0,61.7334655051132,-11.733465505113202,11.733465505113202,expansao,expansao
169,3 dias,3.0,100.0,44.89423134331594,55.10576865668406,55.10576865668406,expansao,expansao
169,7 dias,7.0,160.0,72.93992450009716,87.06007549990284,87.06007549990284,expansao,expansao
169,14 dias,14.0,10.0,-47.72155654656905,57.72155654656905,57.72155654656905,expansao,retracao
169,28 dias,28.0,-100.0,-165.5961956791499,65.5961956791499,65.5961956791499,retracao,retracao
169,56 dias,56.0,-260.0,-302.7753088125106,42.775308812510616,42.775308812510616,retracao,retracao
170,12 h,0.5,0.0,71.17251211921524,-71.17251211921524,71.17251211921524,estabilidade,expansao
170,1 dia,1.0,20.0,67.90123471663424,-47.901234716634235,47.901234716634235,expansao,expansao
170,3 dias,3.0,50.0,54.81612510631038,-4.8161251063103805,4.8161251063103805,expansao,expansao
170,7 dias,7.0,60.0,77.09604891749191,-17.096048917491913,17.096048917491913,expansao,expansao
170,14 dias,14.0,-120.0,-17.151977750470905,-102.8480222495291,102.8480222495291,retracao,retracao
170,28 dias,28.0,-190.0,-158.16655664152816,-31.83344335847184,31.83344335847184,retracao,retracao
170,56 dias,56.0,-250.0,-291.9392795672723,41.93927956727231,41.93927956727231,retracao,retracao
171,12 h,0.5,0.0,27.0943760360133,-27.0943760360133,27.0943760360133,estabilidade,expansao
171,1 dia,1.0,90.0,22.679240701929047,67.32075929807095,67.32075929807095,expansao,expansao
171,3 dias,3.0,160.0,32.168514004977,127.831485995023,127.831485995023,expansao,expansao
171,7 dias,7.0,310.0,23.65352393291917,286.34647606708086,286.34647606708086,expansao,expansao
171,14 dias,14.0,300.0,-92.11427798426142,392.11427798426143,392.11427798426143,expansao,retracao
171,28 dias,28.0,10.0,-215.7380673386204,225.7380673386204,225.7380673386204,expansao,retracao
171,56 dias,56.0,-250.0,-356.3093750783107,106.30937507831072,106.30937507831072,retracao,retracao
172,12 h,0.5,0.0,-67.47015339133088,67.47015339133088,67.47015339133088,estabilidade,retracao
172,1 dia,1.0,-40.0,-71.66743273969556,31.667432739695556,31.667432739695556,retracao,retracao
172,3 dias,3.0,-80.0,-88.45655013315414,8.456550133154138,8.456550133154138,retracao,retracao
172,7 dias,7.0,-130.0,-60.31062343969555,-69.68937656030445,69.68937656030445,retracao,retracao
172,14 dias,14.0,-190.0,-180.79669579717637,-9.203304202823631,9.203304202823631,retracao,retracao
172,28 dias,28.0,-270.0,-298.3205175513865,28.3205175513865,28.3205175513865,retracao,retracao
172,56 dias,56.0,-390.0,-434.7979959280056,44.797995928005605,44.797995928005605,retracao,retracao
173,12 h,0.5,0.0,-82.96817051765414,82.96817051765414,82.96817051765414,estabilidade,retracao
173,1 dia,1.0,-30.0,-86.21820585917938,56.21820585917938,56.21820585917938,retracao,retracao
173,3 dias,3.0,-80.0,-99.21834722528038,19.218347225280382,19.218347225280382,retracao,retracao
173,7 dias,7.0,-130.0,-76.76848692565306,-53.231513074346935,53.231513074346935,retracao,retracao
173,14 dias,14.0,-190.0,-170.71912473883583,-19.28087526116417,19.28087526116417,retracao,retracao
173,28 dias,28.0,-270.0,-311.1389259203329,41.138925920332895,41.138925920332895,retracao,retracao
173,56 dias,56.0,-380.0,-443.7220934269567,63.72209342695669,63.72209342695669,retracao,retracao
174,12 h,0.5,0.0,-85.6767386175553,85.6767386175553,85.6767386175553,estabilidade,retracao
174,1 dia,1.0,-50.0,-89.88683670702262,39.886836707022624,39.886836707022624,retracao,retracao
174,3 dias,3.0,-90.0,-79.57741442550704,-10.422585574492956,10.422585574492956,retracao,retracao
174,7 dias,7.0,-140.0,-86.45210654062953,-53.54789345937047,53.54789345937047,retracao,retracao
174,14 dias,14.0,-190.0,-199.34938703317331,9.349387033173315,9.349387033173315,retracao,retracao
174,28 dias,28.0,-250.0,-317.23213353825867,67.23213353825867,67.23213353825867,retracao,retracao
174,56 dias,56.0,-380.0,-446.3213555794017,66.32135557940171,66.32135557940171,retracao,retracao
175,12 h,0.5,0.0,56.539239707705235,-56.539239707705235,56.539239707705235,estabilidade,expansao
175,1 dia,1.0,40.0,52.29753867831312,-12.297538678313117,12.297538678313117,expansao,expansao
175,3 dias,3.0,70.0,35.33073456074467,34.66926543925533,34.66926543925533,expansao,expansao
175,7 dias,7.0,100.0,63.12128780598351,36.87871219401649,36.87871219401649,expansao,expansao
175,14 dias,14.0,-50.0,-57.98668808588184,7.986688085881838,7.986688085881838,retracao,retracao
175,28 dias,28.0,-140.0,-176.75431690886103,36.75431690886103,36.75431690886103,retracao,retracao
175,56 dias,56.0,-250.0,-315.7194094230183,65.7194094230183,65.7194094230183,retracao,retracao
176,12 h,0.5,0.0,-88.18777499309299,88.18777499309299,88.18777499309299,estabilidade,retracao
176,1 dia,1.0,-50.0,-91.62898888411975,41.62898888411975,41.62898888411975,retracao,retracao
176,3 dias,3.0,-90.0,-105.39384444822666,15.393844448226659,15.393844448226659,retracao,retracao
176,7 dias,7.0,-130.0,-84.47341254461124,-45.526587455388764,45.526587455388764,retracao,retracao
176,14 dias,14.0,-190.0,-181.10055005081477,-8.899449949185225,8.899449949185225,retracao,retracao
176,28 dias,28.0,-270.0,-326.8733506183534,56.87335061835341,56.87335061835341,retracao,retracao
176,56 dias,56.0,-380.0,-470.16251689706036,90.16251689706036,90.16251689706036,retracao,retracao
177,12 h,0.5,0.0,21.309990749846037,-21.309990749846037,21.309990749846037,estabilidade,expansao
177,1 dia,1.0,0.0,17.087362606541006,-17.087362606541006,17.087362606541006,estabilidade,expansao
177,3 dias,3.0,20.0,27.3466646727058,-7.346664672705799,7.346664672705799,expansao,expansao
177,7 dias,7.0,50.0,20.371732126881682,29.628267873118318,29.628267873118318,expansao,expansao
177,14 dias,14.0,-110.0,-92.7009691193899,-17.299030880610104,17.299030880610104,retracao,retracao
177,28 dias,28.0,-270.0,-210.93455713193086,-59.06544286806914,59.06544286806914,retracao,retracao
177,56 dias,56.0,-360.0,-340.72546218798516,-19.27453781201484,19.27453781201484,retracao,retracao
178,12 h,0.5,0.0,116.87348908968352,-116.87348908968352,116.87348908968352,estabilidade,expansao
178,1 dia,1.0,30.0,112.66368054923419,-82.66368054923419,82.66368054923419,expansao,expansao
178,3 dias,3.0,80.0,95.82444638743692,-15.824446387436922,15.824446387436922,expansao,expansao
178,7 dias,7.0,150.0,123.87013954421815,26.129860455781852,26.129860455781852,expansao,expansao
178,14 dias,14.0,-40.0,3.208658497551937,-43.20865849755194,43.20865849755194,retracao,expansao
178,28 dias,28.0,-110.0,-114.66598063502892,4.665980635028916,4.665980635028916,retracao,retracao
178,56 dias,56.0,-250.0,-251.8450937683896,1.845093768389603,1.845093768389603,retracao,retracao
179,12 h,0.5,0.0,77.50851401000551,-77.50851401000551,77.50851401000551,estabilidade,expansao
179,1 dia,1.0,100.0,74.16288939372953,25.83711060627047,25.83711060627047,expansao,expansao
179,3 dias,3.0,160.0,60.780390928625536,99.21960907137446,99.21960907137446,expansao,expansao
179,7 dias,7.0,190.0,82.46553703024694,107.53446296975306,107.53446296975306,expansao,expansao
179,14 dias,14.0,-70.0,-12.823350629446225,-57.176649370553775,57.176649370553775,retracao,retracao
179,28 dias,28.0,-130.0,-155.91965150396408,25.919651503964076,25.919651503964076,retracao,retracao
179,56 dias,56.0,-240.0,-293.8558183966294,53.85581839662939,53.85581839662939,retracao,retracao
180,12 h,0.5,0.0,38.15073388208842,-38.15073388208842,38.15073388208842,estabilidade,expansao
180,1 dia,1.0,50.0,33.91876515319527,16.081234846804733,16.081234846804733,expansao,expansao
180,3 dias,3.0,120.0,44.140704877007636,75.85929512299236,75.85929512299236,expansao,expansao
180,7 dias,7.0,70.0,37.09104764647873,32.90895235352127,32.90895235352127,expansao,expansao
180,14 dias,14.0,-50.0,-76.11242179802632,26.11242179802632,26.11242179802632,retracao,retracao
180,28 dias,28.0,-160.0,-194.6075462070342,34.607546207034204,34.607546207034204,retracao,retracao
180,56 dias,56.0,-230.0,-324.9215240560223,94.92152405602229,94.92152405602229,retracao,retracao
181,12 h,0.5,0.0,116.79153221265534,-116.79153221265534,116.79153221265534,estabilidade,expansao
181,1 dia,1.0,50.0,112.56919448012138,-62.56919448012138,62.56919448012138,expansao,expansao
181,3 dias,3.0,110.0,95.67984354998538,14.320156450014622,14.320156450014622,expansao,expansao
181,7 dias,7.0,140.0,123.62530317008924,16.37469682991076,16.37469682991076,expansao,expansao
181,14 dias,14.0,-50.0,2.7884134342376683,-52.78841343423767,52.78841343423767,retracao,expansao
181,28 dias,28.0,-140.0,-115.43704307671399,-24.56295692328601,24.56295692328601,retracao,retracao
181,56 dias,56.0,-230.0,-253.3177909668162,23.317790966816204,23.317790966816204,retracao,retracao
182,12 h,0.5,0.0,43.148426114327435,-43.148426114327435,43.148426114327435,estabilidade,expansao
182,1 dia,1.0,50.0,39.808112013315395,10.191887986684605,10.191887986684605,expansao,expansao
182,3 dias,3.0,80.0,26.446855609267146,53.553144390732854,53.553144390732854,expansao,expansao
182,7 dias,7.0,100.0,48.17448583299998,51.82551416700002,51.82551416700002,expansao,expansao
182,14 dias,14.0,-50.0,-47.04005461299819,-2.9599453870018095,2.9599453870018095,retracao,retracao
182,28 dias,28.0,-120.0,-189.98766106012602,69.98766106012602,69.98766106012602,retracao,retracao
182,56 dias,56.0,-230.0,-327.62643909801125,97.62643909801125,97.62643909801125,retracao,retracao
183,12 h,0.5,0.0,110.49331403829504,-110.49331403829504,110.49331403829504,estabilidade,expansao
183,1 dia,1.0,40.0,106.15951014457553,-66.15951014457553,66.15951014457553,expansao,expansao
183,3 dias,3.0,70.0,115.97410920908229,-45.974109209082286,45.974109209082286,expansao,expansao
183,7 dias,7.0,110.0,108.10977065994214,1.8902293400578571,1.8902293400578571,expansao,expansao
183,14 dias,14.0,-30.0,-6.5193910921325084,-23.48060890786749,23.48060890786749,retracao,retracao
183,28 dias,28.0,-110.0,-127.86590011627959,17.86590011627959,17.86590011627959,retracao,retracao
183,56 dias,56.0,-230.0,-263.8826471955461,33.8826471955461,33.8826471955461,retracao,retracao
184,12 h,0.5,0.0,124.86640570784795,-124.86640570784795,124.86640570784795,estabilidade,expansao
184,1 dia,1.0,50.0,120.65659716739862,-70.65659716739862,70.65659716739862,expansao,expansao
184,3 dias,3.0,120.0,103.81736300560135,16.18263699439865,16.18263699439865,expansao,expansao
184,7 dias,7.0,160.0,131.86305616238258,28.136943837617423,28.136943837617423,expansao,expansao
184,14 dias,14.0,-10.0,11.201575115716395,-21.201575115716395,21.201575115716395,retracao,expansao
184,28 dias,28.0,-80.0,-106.67306401686446,26.67306401686446,26.67306401686446,retracao,retracao
184,56 dias,56.0,-220.0,-243.85217715022515,23.852177150225145,23.852177150225145,retracao,retracao
185,12 h,0.5,0.0,62.91940976535784,-62.91940976535784,62.91940976535784,estabilidade,expansao
185,1 dia,1.0,60.0,59.66937442383261,0.3306255761673924,0.3306255761673924,expansao,expansao
185,3 dias,3.0,90.0,46.66923305773162,43.33076694226838,43.33076694226838,expansao,expansao
185,7 dias,7.0,130.0,69.11909335735893,60.880906642641065,60.880906642641065,expansao,expansao
185,14 dias,14.0,-20.0,-24.831544455823845,4.831544455823845,4.831544455823845,retracao,retracao
185,28 dias,28.0,-110.0,-165.25134563732092,55.251345637320924,55.251345637320924,retracao,retracao
185,56 dias,56.0,-220.0,-297.83451314394466,77.83451314394466,77.83451314394466,retracao,retracao
186,12 h,0.5,0.0,-85.6767386175553,85.6767386175553,85.6767386175553,estabilidade,retracao
186,1 dia,1.0,-40.0,-89.88683670702262,49.886836707022624,49.886836707022624,retracao,retracao
186,3 dias,3.0,-80.0,-79.57741442550704,-0.4225855744929561,0.4225855744929561,retracao,retracao
186,7 dias,7.0,-120.0,-86.45210654062953,-33.54789345937047,33.54789345937047,retracao,retracao
186,14 dias,14.0,-180.0,-199.34938703317331,19.349387033173315,19.349387033173315,retracao,retracao
186,28 dias,28.0,-260.0,-317.23213353825867,57.232133538258665,57.232133538258665,retracao,retracao
186,56 dias,56.0,-380.0,-446.3213555794017,66.32135557940171,66.32135557940171,retracao,retracao
187,12 h,0.5,0.0,75.76899809418057,-75.76899809418057,75.76899809418057,estabilidade,expansao
187,1 dia,1.0,30.0,71.4316195979601,-41.43161959796009,41.43161959796009,expansao,expansao
187,3 dias,3.0,80.0,54.082105613078056,25.917894386921944,25.917894386921944,expansao,expansao
187,7 dias,7.0,120.0,81.10723912368974,38.89276087631026,38.89276087631026,expansao,expansao
187,14 dias,14.0,-30.0,-41.34022130377312,11.34022130377312,11.34022130377312,retracao,retracao
187,28 dias,28.0,-120.0,-162.78681919794732,42.786819197947324,42.786819197947324,retracao,retracao
187,56 dias,56.0,-210.0,-307.1098498544947,97.10984985449471,97.10984985449471,retracao,retracao
188,12 h,0.5,0.0,71.75690683541643,-71.75690683541643,71.75690683541643,estabilidade,expansao
188,1 dia,1.0,30.0,68.34366165811304,-38.343661658113035,38.343661658113035,expansao,expansao
188,3 dias,3.0,40.0,54.69068094889957,-14.690680948899569,14.690680948899569,expansao,expansao
188,7 dias,7.0,60.0,75.83486256230194,-15.834862562301936,15.834862562301936,expansao,expansao
188,14 dias,14.0,-40.0,-20.400712951774494,-19.599287048225506,19.599287048225506,retracao,retracao
188,28 dias,28.0,-90.0,-165.39038953505892,75.39038953505892,75.39038953505892,retracao,retracao
188,56 dias,56.0,-200.0,-307.11330784525734,107.11330784525734,107.11330784525734,retracao,retracao
189,12 h,0.5,0.0,-86.39300205875038,86.39300205875038,86.39300205875038,estabilidade,retracao
189,1 dia,1.0,10.0,-91.31936358941282,101.31936358941282,101.31936358941282,expansao,retracao
189,3 dias,3.0,40.0,-83.87499507267759,123.87499507267759,123.87499507267759,expansao,retracao
189,7 dias,7.0,70.0,-96.47979471736082,166.47979471736082,166.47979471736082,expansao,retracao
189,14 dias,14.0,-90.0,-219.40476338663586,129.40476338663586,129.40476338663586,retracao,retracao
189,28 dias,28.0,-240.0,-357.34288624518376,117.34288624518376,117.34288624518376,retracao,retracao
189,56 dias,56.0,-380.0,-526.542860993252,146.54286099325202,146.54286099325202,retracao,retracao
190,12 h,0.5,0.0,-66.89422408381719,66.89422408381719,66.89422408381719,estabilidade,retracao
190,1 dia,1.0,-20.0,-71.12590175954156,51.12590175954156,51.12590175954156,retracao,retracao
190,3 dias,3.0,-60.0,-88.05261246243907,28.052612462439072,28.052612462439072,retracao,retracao
190,7 dias,7.0,-80.0,-60.18187238785836,-19.818127612141637,19.818127612141637,retracao,retracao
190,14 dias,14.0,-160.0,-181.1495213283754,21.149521328375414,21.149521328375414,retracao,retracao
190,28 dias,28.0,-250.0,-299.636496248658,49.63649624865798,49.63649624865798,retracao,retracao
190,56 dias,56.0,-350.0,-438.04028095742206,88.04028095742206,88.04028095742206,retracao,retracao
191,12 h,0.5,0.0,239.37662256528563,-239.37662256528563,239.37662256528563,estabilidade,expansao
191,1 dia,1.0,20.0,236.14428894130685,-216.14428894130685,216.14428894130685,expansao,expansao
191,3 dias,3.0,60.0,223.21495444539158,-163.21495444539158,163.21495444539158,expansao,expansao
191,7 dias,7.0,90.0,245.80642848539037,-155.80642848539037,155.80642848539037,expansao,expansao
191,14 dias,14.0,-30.0,152.10361471785768,-182.10361471785768,182.10361471785768,retracao,expansao
191,28 dias,28.0,-110.0,12.179461627660714,-122.17946162766071,122.17946162766071,retracao,expansao
191,56 dias,56.0,-250.0,-119.41240969636276,-130.58759030363723,130.58759030363723,retracao,retracao
192,12 h,0.5,0.0,233.31869111206234,-233.31869111206234,233.31869111206234,estabilidade,expansao
192,1 dia,1.0,220.0,229.15871323794582,-9.158713237945818,9.158713237945818,expansao,expansao
192,3 dias,3.0,420.0,239.66861638086462,180.33138361913538,180.33138361913538,expansao,expansao
192,7 dias,7.0,620.0,233.19488598854846,386.80511401145156,386.80511401145156,expansao,expansao
192,14 dias,14.0,440.0,120.99928851091593,319.0007114890841,319.0007114890841,expansao,expansao
192,28 dias,28.0,270.0,4.519908035653003,265.480091964347,265.480091964347,expansao,expansao
192,56 dias,56.0,140.0,-121.7625819458452,261.7625819458452,261.7625819458452,expansao,retracao
193,12 h,0.5,0.0,309.7043571683974,-309.7043571683974,309.7043571683974,estabilidade,expansao
193,1 dia,1.0,160.0,305.54466539628675,-145.54466539628675,145.54466539628675,expansao,expansao
193,3 dias,3.0,380.0,288.9058983078442,91.09410169215579,91.09410169215579,expansao,expansao
193,7 dias,7.0,760.0,317.3525256113349,442.6474743886651,442.6474743886651,expansao,expansao
193,14 dias,14.0,610.0,197.39267932141024,412.60732067858976,412.60732067858976,expansao,expansao
193,28 dias,28.0,370.0,80.92130970231247,289.07869029768756,289.07869029768756,expansao,expansao
193,56 dias,56.0,70.0,-53.451264404081996,123.451264404082,123.451264404082,expansao,retracao
194,12 h,0.5,0.0,294.9394999305779,-294.9394999305779,294.9394999305779,estabilidade,expansao
194,1 dia,1.0,220.0,291.7071663065991,-71.7071663065991,71.7071663065991,expansao,expansao
194,3 dias,3.0,700.0,278.77783181068384,421.22216818931616,421.22216818931616,expansao,expansao
194,7 dias,7.0,910.0,301.3693058506826,608.6306941493174,608.6306941493174,expansao,expansao
194,14 dias,14.0,720.0,207.66649208314993,512.3335079168501,512.3335079168501,expansao,expansao
194,28 dias,28.0,430.0,67.74233899295297,362.25766100704703,362.25766100704703,expansao,expansao
194,56 dias,56.0,120.0,-63.849532331070506,183.84953233107052,183.84953233107052,expansao,retracao
195,12 h,0.5,0.0,38.361260080791425,-38.361260080791425,38.361260080791425,estabilidade,expansao
195,1 dia,1.0,0.0,34.30972412716116,-34.30972412716116,34.30972412716116,estabilidade,expansao
195,3 dias,3.0,130.0,45.253394952025076,84.74660504797492,84.74660504797492,expansao,expansao
195,7 dias,7.0,140.0,39.64719992359926,100.35280007640074,100.35280007640074,expansao,expansao
195,14 dias,14.0,-30.0,-71.03021066722539,41.03021066722539,41.03021066722539,retracao,retracao
195,28 dias,28.0,-100.0,-184.47321736887247,84.47321736887247,84.47321736887247,retracao,retracao
195,56 dias,56.0,-230.0,-304.682959803139,74.682959803139,74.682959803139,retracao,retracao
196,12 h,0.5,0.0,91.7519215824147,-91.7519215824147,91.7519215824147,estabilidade,expansao
196,1 dia,1.0,30.0,87.35941464102163,-57.35941464102163,57.35941464102163,expansao,expansao
196,3 dias,3.0,40.0,69.7893868754494,-29.789386875449395,29.789386875449395,expansao,expansao
196,7 dias,7.0,60.0,96.37349282468068,-36.37349282468068,36.37349282468068,expansao,expansao
196,14 dias,14.0,-40.0,-26.84576583519788,-13.15423416480212,13.15423416480212,retracao,retracao
196,28 dias,28.0,-90.0,-149.83596019420352,59.83596019420352,59.83596019420352,retracao,retracao
196,56 dias,56.0,-200.0,-297.24618378041373,97.24618378041373,97.24618378041373,retracao,retracao
197,12 h,0.5,0.0,45.481317158494164,-45.481317158494164,45.481317158494164,estabilidade,expansao
197,1 dia,1.0,0.0,42.34705104972261,-42.34705104972261,42.34705104972261,estabilidade,expansao
197,3 dias,3.0,70.0,29.80998661463633,40.19001338536367,40.19001338536367,expansao,expansao
197,7 dias,7.0,80.0,53.18600077629307,26.81399922370693,26.81399922370693,expansao,expansao
197,14 dias,14.0,-80.0,-39.14386777833823,-40.85613222166177,40.85613222166177,retracao,retracao
197,28 dias,28.0,-150.0,-176.32213044273234,26.322130442732345,26.322130442732345,retracao,retracao
197,56 dias,56.0,-220.0,-302.4222209151502,82.4222209151502,82.4222209151502,retracao,retracao
198,12 h,0.5,0.0,138.38358711950318,-138.38358711950318,138.38358711950318,estabilidade,expansao
198,1 dia,1.0,0.0,134.3320511658729,-134.3320511658729,134.3320511658729,estabilidade,expansao
198,3 dias,3.0,160.0,145.27572199073686,14.724278009263145,14.724278009263145,expansao,expansao
198,7 dias,7.0,180.0,139.66952696231104,40.33047303768896,40.33047303768896,expansao,expansao
198,14 dias,14.0,40.0,28.992116371486333,11.007883628513667,11.007883628513667,expansao,expansao
198,28 dias,28.0,-60.0,-84.45089033016072,24.450890330160718,24.450890330160718,retracao,retracao
198,56 dias,56.0,-130.0,-204.6606327644272,74.66063276442719,74.66063276442719,retracao,retracao
199,12 h,0.5,0.0,148.8169199552123,-148.8169199552123,148.8169199552123,estabilidade,expansao
199,1 dia,1.0,130.0,144.44992700497352,-14.449927004973517,14.449927004973517,expansao,expansao
199,3 dias,3.0,80.0,126.98195520401822,-46.98195520401822,46.98195520401822,expansao,expansao
199,7 dias,7.0,30.0,153.77017308248344,-123.77017308248344,123.77017308248344,expansao,expansao
199,14 dias,14.0,-40.0,30.908110298764143,-70.90811029876414,70.90811029876414,retracao,expansao
199,28 dias,28.0,-150.0,-91.3676923079228,-58.632307692077205,58.632307692077205,retracao,retracao
199,56 dias,56.0,-200.0,-237.34913238949565,37.34913238949565,37.34913238949565,retracao,retracao
200,12 h,0.5,0.0,179.42845000153773,-179.42845000153773,179.42845000153773,estabilidade,expansao
200,1 dia,1.0,0.0,176.28037655307992,-176.28037655307992,176.28037655307992,estabilidade,expansao
200,3 dias,3.0,200.0,163.68808275924874,36.31191724075126,36.31191724075126,expansao,expansao
200,7 dias,7.0,230.0,186.95363820341572,43.04636179658428,43.04636179658428,expansao,expansao
200,14 dias,14.0,100.0,94.43046689317737,5.569533106822632,5.569533106822632,expansao,expansao
200,28 dias,28.0,-20.0,-43.134401282430844,23.134401282430844,23.134401282430844,retracao,retracao
200,56 dias,56.0,-80.0,-170.00770277727688,90.00770277727688,90.00770277727688,retracao,retracao
201,12 h,0.5,0.0,-80.68529710901988,80.68529710901988,80.68529710901988,estabilidade,retracao
201,1 dia,1.0,90.0,-85.31913883736222,175.31913883736223,175.31913883736223,expansao,retracao
201,3 dias,3.0,150.0,-76.70469111134645,226.70469111134645,226.70469111134645,expansao,retracao
201,7 dias,7.0,210.0,-86.96933233746861,296.9693323374686,296.9693323374686,expansao,retracao
201,14 dias,14.0,40.0,-205.7990237742618,245.7990237742618,245.7990237742618,expansao,retracao
201,28 dias,28.0,-90.0,-335.54659216784603,245.54659216784603,245.54659216784603,retracao,retracao
201,56 dias,56.0,-140.0,-488.3654579859867,348.3654579859867,348.3654579859867,retracao,retracao
202,12 h,0.5,0.0,14.916679155743196,-14.916679155743196,14.916679155743196,estabilidade,expansao
202,1 dia,1.0,10.0,10.588412799220606,-0.5884127992206061,0.5884127992206061,expansao,expansao
202,3 dias,3.0,30.0,-6.724652626869641,36.72465262686964,36.72465262686964,expansao,retracao
202,7 dias,7.0,70.0,20.37337800132559,49.62662199867441,49.62662199867441,expansao,expansao
202,14 dias,14.0,-80.0,-101.94651247036609,21.946512470366088,21.946512470366088,retracao,retracao
202,28 dias,28.0,-230.0,-223.13797045299793,-6.8620295470020665,6.8620295470020665,retracao,retracao
202,56 dias,56.0,-350.0,-366.9507212864605,16.95072128646052,16.95072128646052,retracao,retracao
203,12 h,0.5,0.0,232.7874767521372,-232.7874767521372,232.7874767521372,estabilidade,expansao
203,1 dia,1.0,0.0,229.45990788775862,-229.45990788775862,229.45990788775862,estabilidade,expansao
203,3 dias,3.0,230.0,216.14963243024408,13.850367569755917,13.850367569755917,expansao,expansao
203,7 dias,7.0,260.0,237.97922454704428,22.020775452955718,22.020775452955718,expansao,expansao
203,14 dias,14.0,150.0,142.94311741391425,7.056882586085749,7.056882586085749,expansao,expansao
203,28 dias,28.0,40.0,0.35237759252257206,39.64762240747743,39.64762240747743,expansao,expansao
203,56 dias,56.0,-20.0,-136.57266719389045,116.57266719389045,116.57266719389045,retracao,retracao
204,12 h,0.5,0.0,285.12331988837377,-285.12331988837377,285.12331988837377,estabilidade,expansao
204,1 dia,1.0,340.0,280.75602657803347,59.24397342196653,59.24397342196653,expansao,expansao
204,3 dias,3.0,310.0,290.43666797605715,19.56333202394285,19.56333202394285,expansao,expansao
204,7 dias,7.0,310.0,282.30441409395087,27.695585906049132,27.695585906049132,expansao,expansao
204,14 dias,14.0,250.0,167.2064005091856,82.79359949081439,82.79359949081439,expansao,expansao
204,28 dias,28.0,140.0,44.922187819657125,95.07781218034287,95.07781218034287,expansao,expansao
204,56 dias,56.0,110.0,-92.96996659037211,202.9699665903721,202.9699665903721,expansao,retracao
205,12 h,0.5,0.0,317.9623280631028,-317.9623280631028,317.9623280631028,estabilidade,expansao
205,1 dia,1.0,410.0,313.595335112864,96.404664887136,96.404664887136,expansao,expansao
205,3 dias,3.0,400.0,296.1273633119087,103.87263668809129,103.87263668809129,expansao,expansao
205,7 dias,7.0,400.0,322.9155811903739,77.08441880962607,77.08441880962607,expansao,expansao
205,14 dias,14.0,370.0,200.0535184066547,169.9464815933453,169.9464815933453,expansao,expansao
205,28 dias,28.0,230.0,77.77771579996772,152.22228420003228,152.22228420003228,expansao,expansao
205,56 dias,56.0,210.0,-68.20372428160516,278.20372428160516,278.20372428160516,expansao,retracao
206,12 h,0.5,20.0,24.91604494793097,-4.9160449479309705,4.9160449479309705,expansao,expansao
206,1 dia,1.0,0.0,21.923569596706272,-21.923569596706272,21.923569596706272,estabilidade,expansao
206,3 dias,3.0,100.0,9.953668191807765,90.04633180819224,90.04633180819224,expansao,expansao
206,7 dias,7.0,30.0,34.46400841383999,-4.464008413839991,4.464008413839991,expansao,expansao
206,14 dias,14.0,-150.0,-55.88078953513421,-94.11921046486579,94.11921046486579,retracao,retracao
