amostra_id,wb,cement_consumption,water_consumption,dry_d1,fibra_metalica,macrofibra_pp,microfibra_pp,cement,curing,local_ensaio,estado,regiao,epsilon_t,idade_label,idade_dias,idade_horas,epsilon_abs_t,sinal
0,0.61,330,201.29999999999998,10.0,0.0,0.0,0.3,CP V ARI,56 dias ar 50% umidade,Laboratório,SP,Sudeste,0.0,12 h,0.5,12,0.0,estabilidade
0,0.61,330,201.29999999999998,10.0,0.0,0.0,0.3,CP V ARI,56 dias ar 50% umidade,Laboratório,SP,Sudeste,30.0,1 dia,1.0,24,30.0,expansao
0,0.61,330,201.29999999999998,10.0,0.0,0.0,0.3,CP V ARI,56 dias ar 50% umidade,Laboratório,SP,Sudeste,-50.0,3 dias,3.0,72,50.0,retracao
0,0.61,330,201.29999999999998,10.0,0.0,0.0,0.3,CP V ARI,56 dias ar 50% umidade,Laboratório,SP,Sudeste,-180.0,7 dias,7.0,168,180.0,retracao
0,0.61,330,201.29999999999998,10.0,0.0,0.0,0.3,CP V ARI,56 dias ar 50% umidade,Laboratório,SP,Sudeste,-360.0,14 dias,14.0,336,360.0,retracao
0,0.61,330,201.29999999999998,10.0,0.0,0.0,0.3,CP V ARI,56 dias ar 50% umidade,Laboratório,SP,Sudeste,-590.0,28 dias,28.0,672,590.0,retracao
0,0.61,330,201.29999999999998,10.0,0.0,0.0,0.3,CP V ARI,56 dias ar 50% umidade,Laboratório,SP,Sudeste,-760.0,56 dias,56.0,1344,760.0,retracao
1,0.52,385,200.20000000000002,15.0,0.0,5.5,0.6,CP II E 40,Não informado,Não informado,ES,Sudeste,0.0,12 h,0.5,12,0.0,estabilidade
1,0.52,385,200.20000000000002,15.0,0.0,5.5,0.6,CP II E 40,Não informado,Não informado,ES,Sudeste,40.0,1 dia,1.0,24,40.0,expansao
1,0.52,385,200.20000000000002,15.0,0.0,5.5,0.6,CP II E 40,Não informado,Não informado,ES,Sudeste,80.0,3 dias,3.0,72,80.0,expansao
1,0.52,385,200.20000000000002,15.0,0.0,5.5,0.6,CP II E 40,Não informado,Não informado,ES,Sudeste,120.0,7 dias,7.0,168,120.0,expansao
1,0.52,385,200.20000000000002,15.0,0.0,5.5,0.6,CP II E 40,Não informado,Não informado,ES,Sudeste,-30.0,14 dias,14.0,336,30.0,retracao
1,0.52,385,200.20000000000002,15.0,0.0,5.5,0.6,CP II E 40,Não informado,Não informado,ES,Sudeste,-250.0,28 dias,28.0,672,250.0,retracao
1,0.52,385,200.20000000000002,15.0,0.0,5.5,0.6,CP II E 40,Não informado,Não informado,ES,Sudeste,-500.0,56 dias,56.0,1344,500.0,retracao
2,0.51,352,179.52,10.0,0.0,0.0,0.0,CP II,7 dias úmida / 56 dias ar 50% umidade,Laboratório,SP,Sudeste,-10.0,12 h,0.5,12,10.0,retracao
2,0.51,352,179.52,10.0,0.0,0.0,0.0,CP II,7 dias úmida / 56 dias ar 50% umidade,Laboratório,SP,Sudeste,0.0,1 dia,1.0,24,0.0,estabilidade
2,0.51,352,179.52,10.0,0.0,0.0,0.0,CP II,7 dias úmida / 56 dias ar 50% umidade,Laboratório,SP,Sudeste,10.0,3 dias,3.0,72,10.0,expansao
2,0.51,352,179.52,10.0,0.0,0.0,0.0,CP II,7 dias úmida / 56 dias ar 50% umidade,Laboratório,SP,Sudeste,30.0,7 dias,7.0,168,30.0,expansao
2,0.51,352,179.52,10.0,0.0,0.0,0.0,CP II,7 dias úmida / 56 dias ar 50% umidade,Laboratório,SP,Sudeste,-160.0,14 dias,14.0,336,160.0,retracao
2,0.51,352,179.52,10.0,0.0,0.0,0.0,CP II,7 dias úmida / 56 dias ar 50% umidade,Laboratório,SP,Sudeste,-310.0,28 dias,28.0,672,310.0,retracao
2,0.51,352,179.52,10.0,0.0,0.0,0.0,CP II,7 dias úmida / 56 dias ar 50% umidade,Laboratório,SP,Sudeste,-420.0,56 dias,56.0,1344,420.0,retracao
3,0.49,380,186.2,15.0,0.0,0.0,0.6,CP V ARI RS,7 dias úmida / 56 dias ar 50% umidade,Não informado,RJ,Sudeste,0.0,12 h,0.5,12,0.0,estabilidade
3,0.49,380,186.2,15.0,0.0,0.0,0.6,CP V ARI RS,7 dias úmida / 56 dias ar 50% umidade,Não informado,RJ,Sudeste,-30.0,1 dia,1.0,24,30.0,retracao
3,0.49,380,186.2,15.0,0.0,0.0,0.6,CP V ARI RS,7 dias úmida / 56 dias ar 50% umidade,Não informado,RJ,Sudeste,-60.0,3 dias,3.0,72,60.0,retracao
3,0.49,380,186.2,15.0,0.0,0.0,0.6,CP V ARI RS,7 dias úmida / 56 dias ar 50% umidade,Não informado,RJ,Sudeste,-120.0,7 dias,7.0,168,120.0,retracao
3,0.49,380,186.2,15.0,0.0,0.0,0.6,CP V ARI RS,7 dias úmida / 56 dias ar 50% umidade,Não informado,RJ,Sudeste,-240.0,14 dias,14.0,336,240.0,retracao
3,0.49,380,186.2,15.0,0.0,0.0,0.6,CP V ARI RS,7 dias úmida / 56 dias ar 50% umidade,Não informado,RJ,Sudeste,-300.0,28 dias,28.0,672,300.0,retracao
3,0.49,380,186.2,15.0,0.0,0.0,0.6,CP V ARI RS,7 dias úmida / 56 dias ar 50% umidade,Não informado,RJ,Sudeste,-410.0,56 dias,56.0,1344,410.0,retracao
4,0.55,337,185.35000000000002,12.5,0.0,5.5,0.6,CP II E 40,7 dias úmida / 56 dias ar 50% umidade,Laboratório,SP,Sudeste,0.0,12 h,0.5,12,0.0,estabilidade
4,0.55,337,185.35000000000002,12.5,0.0,5.5,0.6,CP II E 40,7 dias úmida / 56 dias ar 50% umidade,Laboratório,SP,Sudeste,30.0,1 dia,1.0,24,30.0,expansao
4,0.55,337,185.35000000000002,12.5,0.0,5.5,0.6,CP II E 40,7 dias úmida / 56 dias ar 50% umidade,Laboratório,SP,Sudeste,60.0,3 dias,3.0,72,60.0,expansao
4,0.55,337,185.35000000000002,12.5,0.0,5.5,0.6,CP II E 40,7 dias úmida / 56 dias ar 50% umidade,Laboratório,SP,Sudeste,100.0,7 dias,7.0,168,100.0,expansao
4,0.55,337,185.35000000000002,12.5,0.0,5.5,0.6,CP II E 40,7 dias úmida / 56 dias ar 50% umidade,Laboratório,SP,Sudeste,-110.0,14 dias,14.0,336,110.0,retracao
4,0.55,337,185.35000000000002,12.5,0.0,5.5,0.6,CP II E 40,7 dias úmida / 56 dias ar 50% umidade,Laboratório,SP,Sudeste,-290.0,28 dias,28.0,672,290.0,retracao
4,0.55,337,185.35000000000002,12.5,0.0,5.5,0.6,CP II E 40,7 dias úmida / 56 dias ar 50% umidade,Laboratório,SP,Sudeste,-400.0,56 dias,56.0,1344,400.0,retracao
5,0.61,330,201.29999999999998,0.0,0.0,0.0,0.3,CP V ARI,7 dias úmida / 56 dias ar 50% umidade,Campo,SP,Sudeste,0.0,12 h,0.5,12,0.0,estabilidade
5,0.61,330,201.29999999999998,0.0,0.0,0.0,0.3,CP V ARI,7 dias úmida / 56 dias ar 50% umidade,Campo,SP,Sudeste,-40.0,1 dia,1.0,24,40.0,retracao
5,0.61,330,201.29999999999998,0.0,0.0,0.0,0.3,CP V ARI,7 dias úmida / 56 dias ar 50% umidade,Campo,SP,Sudeste,-100.0,3 dias,3.0,72,100.0,retracao
5,0.61,330,201.29999999999998,0.0,0.0,0.0,0.3,CP V ARI,7 dias úmida / 56 dias ar 50% umidade,Campo,SP,Sudeste,-450.0,7 dias,7.0,168,450.0,retracao
5,0.61,330,201.29999999999998,0.0,0.0,0.0,0.3,CP V ARI,7 dias úmida / 56 dias ar 50% umidade,Campo,SP,Sudeste,-560.0,14 dias,14.0,336,560.0,retracao
5,0.61,330,201.29999999999998,0.0,0.0,0.0,0.3,CP V ARI,7 dias úmida / 56 dias ar 50% umidade,Campo,SP,Sudeste,-870.0,28 dias,28.0,672,870.0,retracao
5,0.61,330,201.29999999999998,0.0,0.0,0.0,0.3,CP V ARI,7 dias úmida / 56 dias ar 50% umidade,Campo,SP,Sudeste,-1000.0,56 dias,56.0,1344,1000.0,retracao
6,0.52,385,200.20000000000002,0.0,0.0,5.5,0.6,CP II E 40,Não informado,Não informado,ES,Sudeste,0.0,12 h,0.5,12,0.0,estabilidade
6,0.52,385,200.20000000000002,0.0,0.0,5.5,0.6,CP II E 40,Não informado,Não informado,ES,Sudeste,-50.0,1 dia,1.0,24,50.0,retracao
6,0.52,385,200.20000000000002,0.0,0.0,5.5,0.6,CP II E 40,Não informado,Não informado,ES,Sudeste,-130.0,3 dias,3.0,72,130.0,retracao
6,0.52,385,200.20000000000002,0.0,0.0,5.5,0.6,CP II E 40,Não informado,Não informado,ES,Sudeste,-290.0,7 dias,7.0,168,290.0,retracao
6,0.52,385,200.20000000000002,0.0,0.0,5.5,0.6,CP II E 40,Não informado,Não informado,ES,Sudeste,-450.0,14 dias,14.0,336,450.0,retracao
6,0.52,385,200.20000000000002,0.0,0.0,5.5,0.6,CP II E 40,Não informado,Não informado,ES,Sudeste,-580.0,28 dias,28.0,672,580.0,retracao
6,0.52,385,200.20000000000002,0.0,0.0,5.5,0.6,CP II E 40,Não informado,Não informado,ES,Sudeste,-760.0,56 dias,56.0,1344,760.0,retracao
7,0.547,320,175.04000000000002,12.5,0.0,0.0,0.6,CP II E 40,7 dias úmida / 56 dias ar 50% umidade,Não informado,SP,Sudeste,0.0,12 h,0.5,12,0.0,estabilidade
7,0.547,320,175.04000000000002,12.5,0.0,0.0,0.6,CP II E 40,7 dias úmida / 56 dias ar 50% umidade,Não informado,SP,Sudeste,110.0,1 dia,1.0,24,110.0,expansao
7,0.547,320,175.04000000000002,12.5,0.0,0.0,0.6,CP II E 40,7 dias úmida / 56 dias ar 50% umidade,Não informado,SP,Sudeste,190.0,3 dias,3.0,72,190.0,expansao
7,0.547,320,175.04000000000002,12.5,0.0,0.0,0.6,CP II E 40,7 dias úmida / 56 dias ar 50% umidade,Não informado,SP,Sudeste,220.0,7 dias,7.0,168,220.0,expansao
7,0.547,320,175.04000000000002,12.5,0.0,0.0,0.6,CP II E 40,7 dias úmida / 56 dias ar 50% umidade,Não informado,SP,Sudeste,-40.0,14 dias,14.0,336,40.0,retracao
7,0.547,320,175.04000000000002,12.5,0.0,0.0,0.6,CP II E 40,7 dias úmida / 56 dias ar 50% umidade,Não informado,SP,Sudeste,-270.0,28 dias,28.0,672,270.0,retracao
7,0.547,320,175.04000000000002,12.5,0.0,0.0,0.6,CP II E 40,7 dias úmida / 56 dias ar 50% umidade,Não informado,SP,Sudeste,-390.0,56 dias,56.0,1344,390.0,retracao
8,0.61,330,201.29999999999998,0.0,0.0,0.0,0.3,CP V ARI,7 dias úmida / 56 dias ar 50% umidade,Campo,SP,Sudeste,0.0,12 h,0.5,12,0.0,estabilidade
8,0.61,330,201.29999999999998,0.0,0.0,0.0,0.3,CP V ARI,7 dias úmida / 56 dias ar 50% umidade,Campo,SP,Sudeste,-90.0,1 dia,1.0,24,90.0,retracao
8,0.61,330,201.29999999999998,0.0,0.0,0.0,0.3,CP V ARI,7 dias úmida / 56 dias ar 50% umidade,Campo,SP,Sudeste,-250.0,3 dias,3.0,72,250.0,retracao
8,0.61,330,201.29999999999998,0.0,0.0,0.0,0.3,CP V ARI,7 dias úmida / 56 dias ar 50% umidade,Campo,SP,Sudeste,-370.0,7 dias,7.0,168,370.0,retracao
8,0.61,330,201.29999999999998,0.0,0.0,0.0,0.3,CP V ARI,7 dias úmida / 56 dias ar 50% umidade,Campo,SP,Sudeste,-500.0,14 dias,14.0,336,500.0,retracao
8,0.61,330,201.29999999999998,0.0,0.0,0.0,0.3,CP V ARI,7 dias úmida / 56 dias ar 50% umidade,Campo,SP,Sudeste,-580.0,28 dias,28.0,672,580.0,retracao
8,0.61,330,201.29999999999998,0.0,0.0,0.0,0.3,CP V ARI,7 dias úmida / 56 dias ar 50% umidade,Campo,SP,Sudeste,-740.0,56 dias,56.0,1344,740.0,retracao
9,0.55,327,179.85000000000002,8.0,25.0,0.0,0.6,CP II E 40,7 dias úmida / 56 dias ar 50% umidade,Não informado,SP,Sudeste,0.0,12 h,0.5,12,0.0,estabilidade
9,0.55,327,179.85000000000002,8.0,25.0,0.0,0.6,CP II E 40,7 dias úmida / 56 dias ar 50% umidade,Não informado,SP,Sudeste,70.0,1 dia,1.0,24,70.0,expansao
9,0.55,327,179.85000000000002,8.0,25.0,0.0,0.6,CP II E 40,7 dias úmida / 56 dias ar 50% umidade,Não informado,SP,Sudeste,150.0,3 dias,3.0,72,150.0,expansao
9,0.55,327,179.85000000000002,8.0,25.0,0.0,0.6,CP II E 40,7 dias úmida / 56 dias ar 50% umidade,Não informado,SP,Sudeste,170.0,7 dias,7.0,168,170.0,expansao
9,0.55,327,179.85000000000002,8.0,25.0,0.0,0.6,CP II E 40,7 dias úmida / 56 dias ar 50% umidade,Não informado,SP,Sudeste,-60.0,14 dias,14.0,336,60.0,retracao
9,0.55,327,179.85000000000002,8.0,25.0,0.0,0.6,CP II E 40,7 dias úmida / 56 dias ar 50% umidade,Não informado,SP,Sudeste,-260.0,28 dias,28.0,672,260.0,retracao
9,0.55,327,179.85000000000002,8.0,25.0,0.0,0.6,CP II E 40,7 dias úmida / 56 dias ar 50% umidade,Não informado,SP,Sudeste,-270.0,56 dias,56.0,1344,270.0,retracao
10,0.49,380,186.2,0.0,0.0,0.0,0.6,CP V ARI RS,7 dias úmida / 56 dias ar 50% umidade,Não informado,RJ,Sudeste,0.0,12 h,0.5,12,0.0,estabilidade
10,0.49,380,186.2,0.0,0.0,0.0,0.6,CP V ARI RS,7 dias úmida / 56 dias ar 50% umidade,Não informado,RJ,Sudeste,-40.0,1 dia,1.0,24,40.0,retracao
10,0.49,380,186.2,0.0,0.0,0.0,0.6,CP V ARI RS,7 dias úmida / 56 dias ar 50% umidade,Não informado,RJ,Sudeste,-120.0,3 dias,3.0,72,120.0,retracao
10,0.49,380,186.2,0.0,0.0,0.0,0.6,CP V ARI RS,7 dias úmida / 56 dias ar 50% umidade,Não informado,RJ,Sudeste,-170.0,7 dias,7.0,168,170.0,retracao
10,0.49,380,186.2,0.0,0.0,0.0,0.6,CP V ARI RS,7 dias úmida / 56 dias ar 50% umidade,Não informado,RJ,Sudeste,-380.0,14 dias,14.0,336,380.0,retracao
10,0.49,380,186.2,0.0,0.0,0.0,0.6,CP V ARI RS,7 dias úmida / 56 dias ar 50% umidade,Não informado,RJ,Sudeste,-550.0,28 dias,28.0,672,550.0,retracao
10,0.49,380,186.2,0.0,0.0,0.0,0.6,CP V ARI RS,7 dias úmida / 56 dias ar 50% umidade,Não informado,RJ,Sudeste,-660.0,56 dias,56.0,1344,660.0,retracao
11,0.5,384,192.0,12.5,0.0,4.5,0.6,CP II E 40,7 dias úmida / 56 dias ar 50% umidade,Laboratório,SP,Sudeste,0.0,12 h,0.5,12,0.0,estabilidade
11,0.5,384,192.0,12.5,0.0,4.5,0.6,CP II E 40,7 dias úmida / 56 dias ar 50% umidade,Laboratório,SP,Sudeste,10.0,1 dia,1.0,24,10.0,expansao
11,0.5,384,192.0,12.5,0.0,4.5,0.6,CP II E 40,7 dias úmida / 56 dias ar 50% umidade,Laboratório,SP,Sudeste,20.0,3 dias,3.0,72,20.0,expansao
11,0.5,384,192.0,12.5,0.0,4.5,0.6,CP II E 40,7 dias úmida / 56 dias ar 50% umidade,Laboratório,SP,Sudeste,50.0,7 dias,7.0,168,50.0,expansao
11,0.5,384,192.0,12.5,0.0,4.5,0.6,CP II E 40,7 dias úmida / 56 dias ar 50% umidade,Laboratório,SP,Sudeste,-100.0,14 dias,14.0,336,100.0,retracao
11,0.5,384,192.0,12.5,0.0,4.5,0.6,CP II E 40,7 dias úmida / 56 dias ar 50% umidade,Laboratório,SP,Sudeste,-220.0,28 dias,28.0,672,220.0,retracao
11,0.5,384,192.0,12.5,0.0,4.5,0.6,CP II E 40,7 dias úmida / 56 dias ar 50% umidade,Laboratório,SP,Sudeste,-380.0,56 dias,56.0,1344,380.0,retracao
12,0.55,332,182.60000000000002,0.0,0.0,0.0,0.6,CP III RS,7 dias úmida / 56 dias ar 50% umidade,Não informado,RJ,Sudeste,0.0,12 h,0.5,12,0.0,estabilidade
12,0.55,332,182.60000000000002,0.0,0.0,0.0,0.6,CP III RS,7 dias úmida / 56 dias ar 50% umidade,Não informado,RJ,Sudeste,-50.0,1 dia,1.0,24,50.0,retracao
12,0.55,332,182.60000000000002,0.0,0.0,0.0,0.6,CP III RS,7 dias úmida / 56 dias ar 50% umidade,Não informado,RJ,Sudeste,-150.0,3 dias,3.0,72,150.0,retracao
12,0.55,332,182.60000000000002,0.0,0.0,0.0,0.6,CP III RS,7 dias úmida / 56 dias ar 50% umidade,Não informado,RJ,Sudeste,-270.0,7 dias,7.0,168,270.0,retracao
12,0.55,332,182.60000000000002,0.0,0.0,0.0,0.6,CP III RS,7 dias úmida / 56 dias ar 50% umidade,Não informado,RJ,Sudeste,-370.0,14 dias,14.0,336,370.0,retracao
12,0.55,332,182.60000000000002,0.0,0.0,0.0,0.6,CP III RS,7 dias úmida / 56 dias ar 50% umidade,Não informado,RJ,Sudeste,-480.0,28 dias,28.0,672,480.0,retracao
12,0.55,332,182.60000000000002,0.0,0.0,0.0,0.6,CP III RS,7 dias úmida / 56 dias ar 50% umidade,Não informado,RJ,Sudeste,-650.0,56 dias,56.0,1344,650.0,retracao
13,0.54,335,180.9,10.0,0.0,0.0,0.0,CP II,7 dias úmida / 56 dias ar 50% umidade,Laboratório,SP,Sudeste,10.0,12 h,0.5,12,10.0,expansao
13,0.54,335,180.9,10.0,0.0,0.0,0.0,CP II,7 dias úmida / 56 dias ar 50% umidade,Laboratório,SP,Sudeste,0.0,1 dia,1.0,24,0.0,estabilidade
13,0.54,335,180.9,10.0,0.0,0.0,0.0,CP II,7 dias úmida / 56 dias ar 50% umidade,Laboratório,SP,Sudeste,20.0,3 dias,3.0,72,20.0,expansao
13,0.54,335,180.9,10.0,0.0,0.0,0.0,CP II,7 dias úmida / 56 dias ar 50% umidade,Laboratório,SP,Sudeste,20.0,7 dias,7.0,168,20.0,expansao
13,0.54,335,180.9,10.0,0.0,0.0,0.0,CP II,7 dias úmida / 56 dias ar 50% umidade,Laboratório,SP,Sudeste,-180.0,14 dias,14.0,336,180.0,retracao
13,0.54,335,180.9,10.0,0.0,0.0,0.0,CP II,7 dias úmida / 56 dias ar 50% umidade,Laboratório,SP,Sudeste,-250.0,28 dias,28.0,672,250.0,retracao
13,0.54,335,180.9,10.0,0.0,0.0,0.0,CP II,7 dias úmida / 56 dias ar 50% umidade,Laboratório,SP,Sudeste,-370.0,56 dias,56.0,1344,370.0,retracao
14,0.5,400,200.0,0.0,0.0,0.0,0.3,CP V ARI,7 dias úmida / 56 dias ar 50% umidade,Laboratório,SP,Sudeste,0.0,12 h,0.5,12,0.0,estabilidade
14,0.5,400,200.0,0.0,0.0,0.0,0.3,CP V ARI,7 dias úmida / 56 dias ar 50% umidade,Laboratório,SP,Sudeste,-60.0,1 dia,1.0,24,60.0,retracao
14,0.5,400,200.0,0.0,0.0,0.0,0.3,CP V ARI,7 dias úmida / 56 dias ar 50% umidade,Laboratório,SP,Sudeste,-180.0,3 dias,3.0,72,180.0,retracao
14,0.5,400,200.0,0.0,0.0,0.0,0.3,CP V ARI,7 dias úmida / 56 dias ar 50% umidade,Laboratório,SP,Sudeste,-300.0,7 dias,7.0,168,300.0,retracao
14,0.5,400,200.0,0.0,0.0,0.0,0.3,CP V ARI,7 dias úmida / 56 dias ar 50% umidade,Laboratório,SP,Sudeste,-400.0,14 dias,14.0,336,400.0,retracao
14,0.5,400,200.0,0.0,0.0,0.0,0.3,CP V ARI,7 dias úmida / 56 dias ar 50% umidade,Laboratório,SP,Sudeste,-530.0,28 dias,28.0,672,530.0,retracao
14,0.5,400,200.0,0.0,0.0,0.0,0.3,CP V ARI,7 dias úmida / 56 dias ar 50% umidade,Laboratório,SP,Sudeste,-630.0,56 dias,56.0,1344,630.0,retracao
15,0.61,330,201.29999999999998,10.0,0.0,0.0,0.3,CP V ARI,7 dias úmida / 56 dias ar 50% umidade,Laboratório,SP,Sudeste,0.0,12 h,0.5,12,0.0,estabilidade
15,0.61,330,201.29999999999998,10.0,0.0,0.0,0.3,CP V ARI,7 dias úmida / 56 dias ar 50% umidade,Laboratório,SP,Sudeste,30.0,1 dia,1.0,24,30.0,expansao
15,0.61,330,201.29999999999998,10.0,0.0,0.0,0.3,CP V ARI,7 dias úmida / 56 dias ar 50% umidade,Laboratório,SP,Sudeste,70.0,3 dias,3.0,72,70.0,expansao
15,0.61,330,201.29999999999998,10.0,0.0,0.0,0.3,CP V ARI,7 dias úmida / 56 dias ar 50% umidade,Laboratório,SP,Sudeste,110.0,7 dias,7.0,168,110.0,expansao
15,0.61,330,201.29999999999998,10.0,0.0,0.0,0.3,CP V ARI,7 dias úmida / 56 dias ar 50% umidade,Laboratório,SP,Sudeste,-20.0,14 dias,14.0,336,20.0,retracao
15,0.61,330,201.29999999999998,10.0,0.0,0.0,0.3,CP V ARI,7 dias úmida / 56 dias ar 50% umidade,Laboratório,SP,Sudeste,-140.0,28 dias,28.0,672,140.0,retracao
15,0.61,330,201.29999999999998,10.0,0.0,0.0,0.3,CP V ARI,7 dias úmida / 56 dias ar 50% umidade,Laboratório,SP,Sudeste,-370.0,56 dias,56.0,1344,370.0,retracao
16,0.61,360,219.6,0.0,0.0,0.0,0.3,CP V ARI,7 dias úmida / 56 dias ar 50% umidade,Laboratório,SP,Sudeste,0.0,12 h,0.5,12,0.0,estabilidade
16,0.61,360,219.6,0.0,0.0,0.0,0.3,CP V ARI,7 dias úmida / 56 dias ar 50% umidade,Laboratório,SP,Sudeste,-60.0,1 dia,1.0,24,60.0,retracao
16,0.61,360,219.6,0.0,0.0,0.0,0.3,CP V ARI,7 dias úmida / 56 dias ar 50% umidade,Laboratório,SP,Sudeste,-180.0,3 dias,3.0,72,180.0,retracao
16,0.61,360,219.6,0.0,0.0,0.0,0.3,CP V ARI,7 dias úmida / 56 dias ar 50% umidade,Laboratório,SP,Sudeste,-300.0,7 dias,7.0,168,300.0,retracao
16,0.61,360,219.6,0.0,0.0,0.0,0.3,CP V ARI,7 dias úmida / 56 dias ar 50% umidade,Laboratório,SP,Sudeste,-400.0,14 dias,14.0,336,400.0,retracao
16,0.61,360,219.6,0.0,0.0,0.0,0.3,CP V ARI,7 dias úmida / 56 dias ar 50% umidade,Laboratório,SP,Sudeste,-530.0,28 dias,28.0,672,530.0,retracao
16,0.61,360,219.6,0.0,0.0,0.0,0.3,CP V ARI,7 dias úmida / 56 dias ar 50% umidade,Laboratório,SP,Sudeste,-630.0,56 dias,56.0,1344,630.0,retracao
17,0.53,340,180.20000000000002,10.0,0.0,5.5,0.6,CP II F 40,7 dias úmida / 56 dias ar 50% umidade,Não informado,BA,Nordeste,0.0,12 h,0.5,12,0.0,estabilidade
17,0.53,340,180.20000000000002,10.0,0.0,5.5,0.6,CP II F 40,7 dias úmida / 56 dias ar 50% umidade,Não informado,BA,Nordeste,20.0,1 dia,1.0,24,20.0,expansao
17,0.53,340,180.20000000000002,10.0,0.0,5.5,0.6,CP II F 40,7 dias úmida / 56 dias ar 50% umidade,Não informado,BA,Nordeste,40.0,3 dias,3.0,72,40.0,expansao
17,0.53,340,180.20000000000002,10.0,0.0,5.5,0.6,CP II F 40,7 dias úmida / 56 dias ar 50% umidade,Não informado,BA,Nordeste,90.0,7 dias,7.0,168,90.0,expansao
17,0.53,340,180.20000000000002,10.0,0.0,5.5,0.6,CP II F 40,7 dias úmida / 56 dias ar 50% umidade,Não informado,BA,Nordeste,-30.0,14 dias,14.0,336,30.0,retracao
17,0.53,340,180.20000000000002,10.0,0.0,5.5,0.6,CP II F 40,7 dias úmida / 56 dias ar 50% umidade,Não informado,BA,Nordeste,-140.0,28 dias,28.0,672,140.0,retracao
17,0.53,340,180.20000000000002,10.0,0.0,5.5,0.6,CP II F 40,7 dias úmida / 56 dias ar 50% umidade,Não informado,BA,Nordeste,-360.0,56 dias,56.0,1344,360.0,retracao
18,0.5,380,190.0,12.5,0.0,0.0,0.6,CP III RS,7 dias úmida / 56 dias ar 50% umidade,Não informado,RJ,Sudeste,0.0,12 h,0.5,12,0.0,estabilidade
18,0.5,380,190.0,12.5,0.0,0.0,0.6,CP III RS,7 dias úmida / 56 dias ar 50% umidade,Não informado,RJ,Sudeste,60.0,1 dia,1.0,24,60.0,expansao
18,0.5,380,190.0,12.5,0.0,0.0,0.6,CP III RS,7 dias úmida / 56 dias ar 50% umidade,Não informado,RJ,Sudeste,100.0,3 dias,3.0,72,100.0,expansao
18,0.5,380,190.0,12.5,0.0,0.0,0.6,CP III RS,7 dias úmida / 56 dias ar 50% umidade,Não informado,RJ,Sudeste,-20.0,7 dias,7.0,168,20.0,retracao
18,0.5,380,190.0,12.5,0.0,0.0,0.6,CP III RS,7 dias úmida / 56 dias ar 50% umidade,Não informado,RJ,Sudeste,-130.0,14 dias,14.0,336,130.0,retracao
18,0.5,380,190.0,12.5,0.0,0.0,0.6,CP III RS,7 dias úmida / 56 dias ar 50% umidade,Não informado,RJ,Sudeste,-240.0,28 dias,28.0,672,240.0,retracao
18,0.5,380,190.0,12.5,0.0,0.0,0.6,CP III RS,7 dias úmida / 56 dias ar 50% umidade,Não informado,RJ,Sudeste,-360.0,56 dias,56.0,1344,360.0,retracao
19,0.56,340,190.4,10.0,0.0,5.5,0.6,Não informado,7 dias úmida / 56 dias ar 50% umidade,Não informado,AL,Nordeste,0.0,12 h,0.5,12,0.0,estabilidade
19,0.56,340,190.4,10.0,0.0,5.5,0.6,Não informado,7 dias úmida / 56 dias ar 50% umidade,Não informado,AL,Nordeste,30.0,1 dia,1.0,24,30.0,expansao
19,0.56,340,190.4,10.0,0.0,5.5,0.6,Não informado,7 dias úmida / 56 dias ar 50% umidade,Não informado,AL,Nordeste,60.0,3 dias,3.0,72,60.0,expansao
19,0.56,340,190.4,10.0,0.0,5.5,0.6,Não informado,7 dias úmida / 56 dias ar 50% umidade,Não informado,AL,Nordeste,100.0,7 dias,7.0,168,100.0,expansao
19,0.56,340,190.4,10.0,0.0,5.5,0.6,Não informado,7 dias úmida / 56 dias ar 50% umidade,Não informado,AL,Nordeste,-50.0,14 dias,14.0,336,50.0,retracao
19,0.56,340,190.4,10.0,0.0,5.5,0.6,Não informado,7 dias úmida / 56 dias ar 50% umidade,Não informado,AL,Nordeste,-190.0,28 dias,28.0,672,190.0,retracao
19,0.56,340,190.4,10.0,0.0,5.5,0.6,Não informado,7 dias úmida / 56 dias ar 50% umidade,Não informado,AL,Nordeste,-360.0,56 dias,56.0,1344,360.0,retracao
20,0.55,336,184.8,15.0,0.0,0.0,0.6,CP II E 40,7 dias úmida / 56 dias ar 50% umidade,Não informado,SP,Sudeste,0.0,12 h,0.5,12,0.0,estabilidade
20,0.55,336,184.8,15.0,0.0,0.0,0.6,CP II E 40,7 dias úmida / 56 dias ar 50% umidade,Não informado,SP,Sudeste,20.0,1 dia,1.0,24,20.0,expansao
20,0.55,336,184.8,15.0,0.0,0.0,0.6,CP II E 40,7 dias úmida / 56 dias ar 50% umidade,Não informado,SP,Sudeste,60.0,3 dias,3.0,72,60.0,expansao
20,0.55,336,184.8,15.0,0.0,0.0,0.6,CP II E 40,7 dias úmida / 56 dias ar 50% umidade,Não informado,SP,Sudeste,120.0,7 dias,7.0,168,120.0,expansao
20,0.55,336,184.8,15.0,0.0,0.0,0.6,CP II E 40,7 dias úmida / 56 dias ar 50% umidade,Não informado,SP,Sudeste,-20.0,14 dias,14.0,336,20.0,retracao
20,0.55,336,184.8,15.0,0.0,0.0,0.6,CP II E 40,7 dias úmida / 56 dias ar 50% umidade,Não informado,SP,Sudeste,-210.0,28 dias,28.0,672,210.0,retracao
20,0.55,336,184.8,15.0,0.0,0.0,0.6,CP II E 40,7 dias úmida / 56 dias ar 50% umidade,Não informado,SP,Sudeste,-360.0,56 dias,56.0,1344,360.0,retracao
21,0.51,424,216.24,0.0,0.0,0.0,0.0,CP V ARI,7 dias úmida / 56 dias ar 50% umidade,Não informado,RN,Nordeste,0.0,12 h,0.5,12,0.0,estabilidade
21,0.51,424,216.24,0.0,0.0,0.0,0.0,CP V ARI,7 dias úmida / 56 dias ar 50% umidade,Não informado,RN,Nordeste,-70.0,1 dia,1.0,24,70.0,retracao
21,0.51,424,216.24,0.0,0.0,0.0,0.0,CP V ARI,7 dias úmida / 56 dias ar 50% umidade,Não informado,RN,Nordeste,-160.0,3 dias,3.0,72,160.0,retracao
21,0.51,424,216.24,0.0,0.0,0.0,0.0,CP V ARI,7 dias úmida / 56 dias ar 50% umidade,Não informado,RN,Nordeste,-290.0,7 dias,7.0,168,290.0,retracao
21,0.51,424,216.24,0.0,0.0,0.0,0.0,CP V ARI,7 dias úmida / 56 dias ar 50% umidade,Não informado,RN,Nordeste,-380.0,14 dias,14.0,336,380.0,retracao
21,0.51,424,216.24,0.0,0.0,0.0,0.0,CP V ARI,7 dias úmida / 56 dias ar 50% umidade,Não informado,RN,Nordeste,-500.0,28 dias,28.0,672,500.0,retracao
21,0.51,424,216.24,0.0,0.0,0.0,0.0,CP V ARI,7 dias úmida / 56 dias ar 50% umidade,Não informado,RN,Nordeste,-620.0,56 dias,56.0,1344,620.0,retracao
22,0.55,360,198.00000000000003,0.0,0.0,5.0,0.0,CP II E 40,7 dias úmida / 56 dias ar 50% umidade,Não informado,SP,Sudeste,0.0,12 h,0.5,12,0.0,estabilidade
22,0.55,360,198.00000000000003,0.0,0.0,5.0,0.0,CP II E 40,7 dias úmida / 56 dias ar 50% umidade,Não informado,SP,Sudeste,-60.0,1 dia,1.0,24,60.0,retracao
22,0.55,360,198.00000000000003,0.0,0.0,5.0,0.0,CP II E 40,7 dias úmida / 56 dias ar 50% umidade,Não informado,SP,Sudeste,-130.0,3 dias,3.0,72,130.0,retracao
22,0.55,360,198.00000000000003,0.0,0.0,5.0,0.0,CP II E 40,7 dias úmida / 56 dias ar 50% umidade,Não informado,SP,Sudeste,-250.0,7 dias,7.0,168,250.0,retracao
22,0.55,360,198.00000000000003,0.0,0.0,5.0,0.0,CP II E 40,7 dias úmida / 56 dias ar 50% umidade,Não informado,SP,Sudeste,-370.0,14 dias,14.0,336,370.0,retracao
22,0.55,360,198.00000000000003,0.0,0.0,5.0,0.0,CP II E 40,7 dias úmida / 56 dias ar 50% umidade,Não informado,SP,Sudeste,-480.0,28 dias,28.0,672,480.0,retracao
22,0.55,360,198.00000000000003,0.0,0.0,5.0,0.0,CP II E 40,7 dias úmida / 56 dias ar 50% umidade,Não informado,SP,Sudeste,-590.0,56 dias,56.0,1344,590.0,retracao
23,0.47,380,178.6,0.0,25.0,6.0,0.6,CP II F 40,7 dias úmida / 56 dias ar 50% umidade,Não informado,MT,Centro Oeste,0.0,12 h,0.5,12,0.0,estabilidade
23,0.47,380,178.6,0.0,25.0,6.0,0.6,CP II F 40,7 dias úmida / 56 dias ar 50% umidade,Não informado,MT,Centro Oeste,-20.0,1 dia,1.0,24,20.0,retracao
23,0.47,380,178.6,0.0,25.0,6.0,0.6,CP II F 40,7 dias úmida / 56 dias ar 50% umidade,Não informado,MT,Centro Oeste,-70.0,3 dias,3.0,72,70.0,retracao
23,0.47,380,178.6,0.0,25.0,6.0,0.6,CP II F 40,7 dias úmida / 56 dias ar 50% umidade,Não informado,MT,Centro Oeste,-100.0,7 dias,7.0,168,100.0,retracao
23,0.47,380,178.6,0.0,25.0,6.0,0.6,CP II F 40,7 dias úmida / 56 dias ar 50% umidade,Não informado,MT,Centro Oeste,-200.0,14 dias,14.0,336,200.0,retracao
23,0.47,380,178.6,0.0,25.0,6.0,0.6,CP II F 40,7 dias úmida / 56 dias ar 50% umidade,Não informado,MT,Centro Oeste,-460.0,28 dias,28.0,672,460.0,retracao
23,0.47,380,178.6,0.0,25.0,6.0,0.6,CP II F 40,7 dias úmida / 56 dias ar 50% umidade,Não informado,MT,Centro Oeste,-580.0,56 dias,56.0,1344,580.0,retracao
24,0.5,384,192.0,12.5,0.0,4.5,0.6,CP II E 40,7 dias úmida / 56 dias ar 50% umidade,Obra,SP,Sudeste,0.0,12 h,0.5,12,0.0,estabilidade
24,0.5,384,192.0,12.5,0.0,4.5,0.6,CP II E 40,7 dias úmida / 56 dias ar 50% umidade,Obra,SP,Sudeste,10.0,1 dia,1.0,24,10.0,expansao
24,0.5,384,192.0,12.5,0.0,4.5,0.6,CP II E 40,7 dias úmida / 56 dias ar 50% umidade,Obra,SP,Sudeste,20.0,3 dias,3.0,72,20.0,expansao
24,0.5,384,192.0,12.5,0.0,4.5,0.6,CP II E 40,7 dias úmida / 56 dias ar 50% umidade,Obra,SP,Sudeste,40.0,7 dias,7.0,168,40.0,expansao
24,0.5,384,192.0,12.5,0.0,4.5,0.6,CP II E 40,7 dias úmida / 56 dias ar 50% umidade,Obra,SP,Sudeste,-120.0,14 dias,14.0,336,120.0,retracao
24,0.5,384,192.0,12.5,0.0,4.5,0.6,CP II E 40,7 dias úmida / 56 dias ar 50% umidade,Obra,SP,Sudeste,-240.0,28 dias,28.0,672,240.0,retracao
24,0.5,384,192.0,12.5,0.0,4.5,0.6,CP II E 40,7 dias úmida / 56 dias ar 50% umidade,Obra,SP,Sudeste,-360.0,56 dias,56.0,1344,360.0,retracao
25,0.55,336,184.8,12.5,25.0,6.0,0.6,CP V ARI,Não informado,Não informado,SP,Sudeste,0.0,12 h,0.5,12,0.0,estabilidade
25,0.55,336,184.8,12.5,25.0,6.0,0.6,CP V ARI,Não informado,Não informado,SP,Sudeste,20.0,1 dia,1.0,24,20.0,expansao
25,0.55,336,184.8,12.5,25.0,6.0,0.6,CP V ARI,Não informado,Não informado,SP,Sudeste,70.0,3 dias,3.0,72,70.0,expansao
25,0.55,336,184.8,12.5,25.0,6.0,0.6,CP V ARI,Não informado,Não informado,SP,Sudeste,100.0,7 dias,7.0,168,100.0,expansao
25,0.55,336,184.8,12.5,25.0,6.0,0.6,CP V ARI,Não informado,Não informado,SP,Sudeste,-50.0,14 dias,14.0,336,50.0,retracao
25,0.55,336,184.8,12.5,25.0,6.0,0.6,CP V ARI,Não informado,Não informado,SP,Sudeste,-190.0,28 dias,28.0,672,190.0,retracao
25,0.55,336,184.8,12.5,25.0,6.0,0.6,CP V ARI,Não informado,Não informado,SP,Sudeste,-360.0,56 dias,56.0,1344,360.0,retracao
26,0.55,332,182.60000000000002,0.0,,0.0,0.6,CP III RS,7 dias úmida / 56 dias ar 50% umidade,Não informado,RJ,Sudeste,0.0,12 h,0.5,12,0.0,estabilidade
26,0.55,332,182.60000000000002,0.0,,0.0,0.6,CP III RS,7 dias úmida / 56 dias ar 50% umidade,Não informado,RJ,Sudeste,-50.0,1 dia,1.0,24,50.0,retracao
26,0.55,332,182.60000000000002,0.0,,0.0,0.6,CP III RS,7 dias úmida / 56 dias ar 50% umidade,Não informado,RJ,Sudeste,-120.0,3 dias,3.0,72,120.0,retracao
26,0.55,332,182.60000000000002,0.0,,0.0,0.6,CP III RS,7 dias úmida / 56 dias ar 50% umidade,Não informado,RJ,Sudeste,-190.0,7 dias,7.0,168,190.0,retracao
26,0.55,332,182.60000000000002,0.0,,0.0,0.6,CP III RS,7 dias úmida / 56 dias ar 50% umidade,Não informado,RJ,Sudeste,-310.0,14 dias,14.0,336,310.0,retracao
26,0.55,332,182.60000000000002,0.0,,0.0,0.6,CP III RS,7 dias úmida / 56 dias ar 50% umidade,Não informado,RJ,Sudeste,-430.0,28 dias,28.0,672,430.0,retracao
26,0.55,332,182.60000000000002,0.0,,0.0,0.6,CP III RS,7 dias úmida / 56 dias ar 50% umidade,Não informado,RJ,Sudeste,-580.0,56 dias,56.0,1344,580.0,retracao
27,0.52,327,170.04,10.0,0.0,0.0,0.0,CP III,7 dias úmida / 56 dias ar 50% umidade,Laboratório,SP,Sudeste,0.0,12 h,0.5,12,0.0,estabilidade
27,0.52,327,170.04,10.0,0.0,0.0,0.0,CP III,7 dias úmida / 56 dias ar 50% umidade,Laboratório,SP,Sudeste,0.0,1 dia,1.0,24,0.0,estabilidade
27,0.52,327,170.04,10.0,0.0,0.0,0.0,CP III,7 dias úmida / 56 dias ar 50% umidade,Laboratório,SP,Sudeste,10.0,3 dias,3.0,72,10.0,expansao
27,0.52,327,170.04,10.0,0.0,0.0,0.0,CP III,7 dias úmida / 56 dias ar 50% umidade,Laboratório,SP,Sudeste,10.0,7 dias,7.0,168,10.0,expansao
27,0.52,327,170.04,10.0,0.0,0.0,0.0,CP III,7 dias úmida / 56 dias ar 50% umidade,Laboratório,SP,Sudeste,-110.0,14 dias,14.0,336,110.0,retracao
27,0.52,327,170.04,10.0,0.0,0.0,0.0,CP III,7 dias úmida / 56 dias ar 50% umidade,Laboratório,SP,Sudeste,-200.0,28 dias,28.0,672,200.0,retracao
27,0.52,327,170.04,10.0,0.0,0.0,0.0,CP III,7 dias úmida / 56 dias ar 50% umidade,Laboratório,SP,Sudeste,-350.0,56 dias,56.0,1344,350.0,retracao
28,0.55,345,189.75000000000003,10.0,0.0,5.5,0.0,CP II E 40,7 dias úmida / 56 dias ar 50% umidade,Laboratório,SP,Sudeste,0.0,12 h,0.5,12,0.0,estabilidade
28,0.55,345,189.75000000000003,10.0,0.0,5.5,0.0,CP II E 40,7 dias úmida / 56 dias ar 50% umidade,Laboratório,SP,Sudeste,20.0,1 dia,1.0,24,20.0,expansao
28,0.55,345,189.75000000000003,10.0,0.0,5.5,0.0,CP II E 40,7 dias úmida / 56 dias ar 50% umidade,Laboratório,SP,Sudeste,50.0,3 dias,3.0,72,50.0,expansao
28,0.55,345,189.75000000000003,10.0,0.0,5.5,0.0,CP II E 40,7 dias úmida / 56 dias ar 50% umidade,Laboratório,SP,Sudeste,80.0,7 dias,7.0,168,80.0,expansao
28,0.55,345,189.75000000000003,10.0,0.0,5.5,0.0,CP II E 40,7 dias úmida / 56 dias ar 50% umidade,Laboratório,SP,Sudeste,-60.0,14 dias,14.0,336,60.0,retracao
28,0.55,345,189.75000000000003,10.0,0.0,5.5,0.0,CP II E 40,7 dias úmida / 56 dias ar 50% umidade,Laboratório,SP,Sudeste,-200.0,28 dias,28.0,672,200.0,retracao
28,0.55,345,189.75000000000003,10.0,0.0,5.5,0.0,CP II E 40,7 dias úmida / 56 dias ar 50% umidade,Laboratório,SP,Sudeste,-350.0,56 dias,56.0,1344,350.0,retracao
29,0.51,380,193.8,0.0,25.0,5.625,0.6,CP V ARI RS,7 dias úmida / 56 dias ar 50% umidade,Não informado,RJ,Sudeste,0.0,12 h,0.5,12,0.0,estabilidade
29,0.51,380,193.8,0.0,25.0,5.625,0.6,CP V ARI RS,7 dias úmida / 56 dias ar 50% umidade,Não informado,RJ,Sudeste,-100.0,1 dia,1.0,24,100.0,retracao
29,0.51,380,193.8,0.0,25.0,5.625,0.6,CP V ARI RS,7 dias úmida / 56 dias ar 50% umidade,Não informado,RJ,Sudeste,-140.0,3 dias,3.0,72,140.0,retracao
29,0.51,380,193.8,0.0,25.0,5.625,0.6,CP V ARI RS,7 dias úmida / 56 dias ar 50% umidade,Não informado,RJ,Sudeste,-180.0,7 dias,7.0,168,180.0,retracao
29,0.51,380,193.8,0.0,25.0,5.625,0.6,CP V ARI RS,7 dias úmida / 56 dias ar 50% umidade,Não informado,RJ,Sudeste,-310.0,14 dias,14.0,336,310.0,retracao
29,0.51,380,193.8,0.0,25.0,5.625,0.6,CP V ARI RS,7 dias úmida / 56 dias ar 50% umidade,Não informado,RJ,Sudeste,-390.0,28 dias,28.0,672,390.0,retracao
29,0.51,380,193.8,0.0,25.0,5.625,0.6,CP V ARI RS,7 dias úmida / 56 dias ar 50% umidade,Não informado,RJ,Sudeste,-560.0,56 dias,56.0,1344,560.0,retracao
30,0.55,337,185.35000000000002,10.0,25.0,0.0,0.6,CP II E 40,7 dias úmida / 56 dias ar 50% umidade,Laboratório,SP,Sudeste,0.0,12 h,0.5,12,0.0,estabilidade
30,0.55,337,185.35000000000002,10.0,25.0,0.0,0.6,CP II E 40,7 dias úmida / 56 dias ar 50% umidade,Laboratório,SP,Sudeste,20.0,1 dia,1.0,24,20.0,expansao
30,0.55,337,185.35000000000002,10.0,25.0,0.0,0.6,CP II E 40,7 dias úmida / 56 dias ar 50% umidade,Laboratório,SP,Sudeste,40.0,3 dias,3.0,72,40.0,expansao
30,0.55,337,185.35000000000002,10.0,25.0,0.0,0.6,CP II E 40,7 dias úmida / 56 dias ar 50% umidade,Laboratório,SP,Sudeste,70.0,7 dias,7.0,168,70.0,expansao
30,0.55,337,185.35000000000002,10.0,25.0,0.0,0.6,CP II E 40,7 dias úmida / 56 dias ar 50% umidade,Laboratório,SP,Sudeste,-100.0,14 dias,14.0,336,100.0,retracao
30,0.55,337,185.35000000000002,10.0,25.0,0.0,0.6,CP II E 40,7 dias úmida / 56 dias ar 50% umidade,Laboratório,SP,Sudeste,-230.0,28 dias,28.0,672,230.0,retracao
30,0.55,337,185.35000000000002,10.0,25.0,0.0,0.6,CP II E 40,7 dias úmida / 56 dias ar 50% umidade,Laboratório,SP,Sudeste,-350.0,56 dias,56.0,1344,350.0,retracao
31,0.55,336,184.8,0.0,0.0,0.0,0.6,CP II E 40,7 dias úmida / 56 dias ar 50% umidade,Não informado,SP,Sudeste,0.0,12 h,0.5,12,0.0,estabilidade
31,0.55,336,184.8,0.0,0.0,0.0,0.6,CP II E 40,7 dias úmida / 56 dias ar 50% umidade,Não informado,SP,Sudeste,-60.0,1 dia,1.0,24,60.0,retracao
31,0.55,336,184.8,0.0,0.0,0.0,0.6,CP II E 40,7 dias úmida / 56 dias ar 50% umidade,Não informado,SP,Sudeste,-120.0,3 dias,3.0,72,120.0,retracao
31,0.55,336,184.8,0.0,0.0,0.0,0.6,CP II E 40,7 dias úmida / 56 dias ar 50% umidade,Não informado,SP,Sudeste,-180.0,7 dias,7.0,168,180.0,retracao
31,0.55,336,184.8,0.0,0.0,0.0,0.6,CP II E 40,7 dias úmida / 56 dias ar 50% umidade,Não informado,SP,Sudeste,-270.0,14 dias,14.0,336,270.0,retracao
31,0.55,336,184.8,0.0,0.0,0.0,0.6,CP II E 40,7 dias úmida / 56 dias ar 50% umidade,Não informado,SP,Sudeste,-380.0,28 dias,28.0,672,380.0,retracao
31,0.55,336,184.8,0.0,0.0,0.0,0.6,CP II E 40,7 dias úmida / 56 dias ar 50% umidade,Não informado,SP,Sudeste,-500.0,56 dias,56.0,1344,500.0,retracao
32,0.55,370,203.50000000000003,8.0,0.0,5.5,0.6,CP V ARI RS,7 dias úmida / 56 dias ar 50% umidade,Não informado,PB,Nordeste,0.0,12 h,0.5,12,0.0,estabilidade
32,0.55,370,203.50000000000003,8.0,0.0,5.5,0.6,CP V ARI RS,7 dias úmida / 56 dias ar 50% umidade,Não informado,PB,Nordeste,70.0,1 dia,1.0,24,70.0,expansao
32,0.55,370,203.50000000000003,8.0,0.0,5.5,0.6,CP V ARI RS,7 dias úmida / 56 dias ar 50% umidade,Não informado,PB,Nordeste,120.0,3 dias,3.0,72,120.0,expansao
32,0.55,370,203.50000000000003,8.0,0.0,5.5,0.6,CP V ARI RS,7 dias úmida / 56 dias ar 50% umidade,Não informado,PB,Nordeste,170.0,7 dias,7.0,168,170.0,expansao
32,0.55,370,203.50000000000003,8.0,0.0,5.5,0.6,CP V ARI RS,7 dias úmida / 56 dias ar 50% umidade,Não informado,PB,Nordeste,-50.0,14 dias,14.0,336,50.0,retracao
32,0.55,370,203.50000000000003,8.0,0.0,5.5,0.6,CP V ARI RS,7 dias úmida / 56 dias ar 50% umidade,Não informado,PB,Nordeste,-240.0,28 dias,28.0,672,240.0,retracao
32,0.55,370,203.50000000000003,8.0,0.0,5.5,0.6,CP V ARI RS,7 dias úmida / 56 dias ar 50% umidade,Não informado,PB,Nordeste,-380.0,56 dias,56.0,1344,380.0,retracao
33,0.55,336,184.8,0.0,0.0,0.0,0.6,CP II E 40,7 dias úmida / 56 dias ar 50% umidade,Não informado,SP,Sudeste,0.0,12 h,0.5,12,0.0,estabilidade
33,0.55,336,184.8,0.0,0.0,0.0,0.6,CP II E 40,7 dias úmida / 56 dias ar 50% umidade,Não informado,SP,Sudeste,30.0,1 dia,1.0,24,30.0,expansao
33,0.55,336,184.8,0.0,0.0,0.0,0.6,CP II E 40,7 dias úmida / 56 dias ar 50% umidade,Não informado,SP,Sudeste,70.0,3 dias,3.0,72,70.0,expansao
33,0.55,336,184.8,0.0,0.0,0.0,0.6,CP II E 40,7 dias úmida / 56 dias ar 50% umidade,Não informado,SP,Sudeste,80.0,7 dias,7.0,168,80.0,expansao
33,0.55,336,184.8,0.0,0.0,0.0,0.6,CP II E 40,7 dias úmida / 56 dias ar 50% umidade,Não informado,SP,Sudeste,-90.0,14 dias,14.0,336,90.0,retracao
33,0.55,336,184.8,0.0,0.0,0.0,0.6,CP II E 40,7 dias úmida / 56 dias ar 50% umidade,Não informado,SP,Sudeste,-280.0,28 dias,28.0,672,280.0,retracao
33,0.55,336,184.8,0.0,0.0,0.0,0.6,CP II E 40,7 dias úmida / 56 dias ar 50% umidade,Não informado,SP,Sudeste,-490.0,56 dias,56.0,1344,490.0,retracao
34,0.55,336,184.8,12.5,25.0,0.0,0.6,CP II E 40,Não informado,Não informado,SP,Sudeste,0.0,12 h,0.5,12,0.0,estabilidade
34,0.55,336,184.8,12.5,25.0,0.0,0.6,CP II E 40,Não informado,Não informado,SP,Sudeste,20.0,1 dia,1.0,24,20.0,expansao
34,0.55,336,184.8,12.5,25.0,0.0,0.6,CP II E 40,Não informado,Não informado,SP,Sudeste,50.0,3 dias,3.0,72,50.0,expansao
34,0.55,336,184.8,12.5,25.0,0.0,0.6,CP II E 40,Não informado,Não informado,SP,Sudeste,90.0,7 dias,7.0,168,90.0,expansao
34,0.55,336,184.8,12.5,25.0,0.0,0.6,CP II E 40,Não informado,Não informado,SP,Sudeste,-40.0,14 dias,14.0,336,40.0,retracao
34,0.55,336,184.8,12.5,25.0,0.0,0.6,CP II E 40,Não informado,Não informado,SP,Sudeste,-160.0,28 dias,28.0,672,160.0,retracao
34,0.55,336,184.8,12.5,25.0,0.0,0.6,CP II E 40,Não informado,Não informado,SP,Sudeste,-350.0,56 dias,56.0,1344,350.0,retracao
35,0.528,360,190.08,0.0,0.0,0.0,0.6,CP II F 32 RS,7 dias úmida / 56 dias ar 50% umidade,Não informado,AM,Norte,0.0,12 h,0.5,12,0.0,estabilidade
35,0.528,360,190.08,0.0,0.0,0.0,0.6,CP II F 32 RS,7 dias úmida / 56 dias ar 50% umidade,Não informado,AM,Norte,-70.0,1 dia,1.0,24,70.0,retracao
35,0.528,360,190.08,0.0,0.0,0.0,0.6,CP II F 32 RS,7 dias úmida / 56 dias ar 50% umidade,Não informado,AM,Norte,-110.0,3 dias,3.0,72,110.0,retracao
35,0.528,360,190.08,0.0,0.0,0.0,0.6,CP II F 32 RS,7 dias úmida / 56 dias ar 50% umidade,Não informado,AM,Norte,-170.0,7 dias,7.0,168,170.0,retracao
35,0.528,360,190.08,0.0,0.0,0.0,0.6,CP II F 32 RS,7 dias úmida / 56 dias ar 50% umidade,Não informado,AM,Norte,-220.0,14 dias,14.0,336,220.0,retracao
35,0.528,360,190.08,0.0,0.0,0.0,0.6,CP II F 32 RS,7 dias úmida / 56 dias ar 50% umidade,Não informado,AM,Norte,-340.0,28 dias,28.0,672,340.0,retracao
35,0.528,360,190.08,0.0,0.0,0.0,0.6,CP II F 32 RS,7 dias úmida / 56 dias ar 50% umidade,Não informado,AM,Norte,-490.0,56 dias,56.0,1344,490.0,retracao
36,0.55,336,184.8,12.5,25.0,5.5,0.6,CP II E 40,Não informado,Não informado,SP,Sudeste,0.0,12 h,0.5,12,0.0,estabilidade
36,0.55,336,184.8,12.5,25.0,5.5,0.6,CP II E 40,Não informado,Não informado,SP,Sudeste,10.0,1 dia,1.0,24,10.0,expansao
36,0.55,336,184.8,12.5,25.0,5.5,0.6,CP II E 40,Não informado,Não informado,SP,Sudeste,50.0,3 dias,3.0,72,50.0,expansao
36,0.55,336,184.8,12.5,25.0,5.5,0.6,CP II E 40,Não informado,Não informado,SP,Sudeste,90.0,7 dias,7.0,168,90.0,expansao
36,0.55,336,184.8,12.5,25.0,5.5,0.6,CP II E 40,Não informado,Não informado,SP,Sudeste,-50.0,14 dias,14.0,336,50.0,retracao
36,0.55,336,184.8,12.5,25.0,5.5,0.6,CP II E 40,Não informado,Não informado,SP,Sudeste,-180.0,28 dias,28.0,672,180.0,retracao
36,0.55,336,184.8,12.5,25.0,5.5,0.6,CP II E 40,Não informado,Não informado,SP,Sudeste,-350.0,56 dias,56.0,1344,350.0,retracao
37,0.55,340,187.00000000000003,0.0,0.0,0.0,0.6,CP II F 40,7 dias úmida / 56 dias ar 50% umidade,Não informado,PR,Sul,0.0,12 h,0.5,12,0.0,estabilidade
37,0.55,340,187.00000000000003,0.0,0.0,0.0,0.6,CP II F 40,7 dias úmida / 56 dias ar 50% umidade,Não informado,PR,Sul,90.0,1 dia,1.0,24,90.0,expansao
37,0.55,340,187.00000000000003,0.0,0.0,0.0,0.6,CP II F 40,7 dias úmida / 56 dias ar 50% umidade,Não informado,PR,Sul,30.0,3 dias,3.0,72,30.0,expansao
37,0.55,340,187.00000000000003,0.0,0.0,0.0,0.6,CP II F 40,7 dias úmida / 56 dias ar 50% umidade,Não informado,PR,Sul,10.0,7 dias,7.0,168,10.0,expansao
37,0.55,340,187.00000000000003,0.0,0.0,0.0,0.6,CP II F 40,7 dias úmida / 56 dias ar 50% umidade,Não informado,PR,Sul,-150.0,14 dias,14.0,336,150.0,retracao
37,0.55,340,187.00000000000003,0.0,0.0,0.0,0.6,CP II F 40,7 dias úmida / 56 dias ar 50% umidade,Não informado,PR,Sul,-370.0,28 dias,28.0,672,370.0,retracao
37,0.55,340,187.00000000000003,0.0,0.0,0.0,0.6,CP II F 40,7 dias úmida / 56 dias ar 50% umidade,Não informado,PR,Sul,-490.0,56 dias,56.0,1344,490.0,retracao
38,0.55,335,184.25000000000003,12.5,0.0,5.5,0.6,CP II E 40,7 dias úmida / 56 dias ar 50% umidade,Laboratório,SP,Sudeste,0.0,12 h,0.5,12,0.0,estabilidade
38,0.55,335,184.25000000000003,12.5,0.0,5.5,0.6,CP II E 40,7 dias úmida / 56 dias ar 50% umidade,Laboratório,SP,Sudeste,30.0,1 dia,1.0,24,30.0,expansao
38,0.55,335,184.25000000000003,12.5,0.0,5.5,0.6,CP II E 40,7 dias úmida / 56 dias ar 50% umidade,Laboratório,SP,Sudeste,60.0,3 dias,3.0,72,60.0,expansao
38,0.55,335,184.25000000000003,12.5,0.0,5.5,0.6,CP II E 40,7 dias úmida / 56 dias ar 50% umidade,Laboratório,SP,Sudeste,100.0,7 dias,7.0,168,100.0,expansao
38,0.55,335,184.25000000000003,12.5,0.0,5.5,0.6,CP II E 40,7 dias úmida / 56 dias ar 50% umidade,Laboratório,SP,Sudeste,-150.0,14 dias,14.0,336,150.0,retracao
38,0.55,335,184.25000000000003,12.5,0.0,5.5,0.6,CP II E 40,7 dias úmida / 56 dias ar 50% umidade,Laboratório,SP,Sudeste,-220.0,28 dias,28.0,672,220.0,retracao
38,0.55,335,184.25000000000003,12.5,0.0,5.5,0.6,CP II E 40,7 dias úmida / 56 dias ar 50% umidade,Laboratório,SP,Sudeste,-350.0,56 dias,56.0,1344,350.0,retracao
39,0.51,380,193.8,0.0,0.0,0.0,0.6,CP V ARI RS,7 dias úmida / 56 dias ar 50% umidade,Não informado,RJ,Sudeste,0.0,12 h,0.5,12,0.0,estabilidade
39,0.51,380,193.8,0.0,0.0,0.0,0.6,CP V ARI RS,7 dias úmida / 56 dias ar 50% umidade,Não informado,RJ,Sudeste,-90.0,1 dia,1.0,24,90.0,retracao
39,0.51,380,193.8,0.0,0.0,0.0,0.6,CP V ARI RS,7 dias úmida / 56 dias ar 50% umidade,Não informado,RJ,Sudeste,-120.0,3 dias,3.0,72,120.0,retracao
39,0.51,380,193.8,0.0,0.0,0.0,0.6,CP V ARI RS,7 dias úmida / 56 dias ar 50% umidade,Não informado,RJ,Sudeste,-160.0,7 dias,7.0,168,160.0,retracao
39,0.51,380,193.8,0.0,0.0,0.0,0.6,CP V ARI RS,7 dias úmida / 56 dias ar 50% umidade,Não informado,RJ,Sudeste,-210.0,14 dias,14.0,336,210.0,retracao
39,0.51,380,193.8,0.0,0.0,0.0,0.6,CP V ARI RS,7 dias úmida / 56 dias ar 50% umidade,Não informado,RJ,Sudeste,-360.0,28 dias,28.0,672,360.0,retracao
39,0.51,380,193.8,0.0,0.0,0.0,0.6,CP V ARI RS,7 dias úmida / 56 dias ar 50% umidade,Não informado,RJ,Sudeste,-490.0,56 dias,56.0,1344,490.0,retracao
40,0.55,336,184.8,15.0,0.0,0.0,0.6,CP II E 40,7 dias úmida / 56 dias ar 50% umidade,Não informado,SP,Sudeste,0.0,12 h,0.5,12,0.0,estabilidade
40,0.55,336,184.8,15.0,0.0,0.0,0.6,CP II E 40,7 dias úmida / 56 dias ar 50% umidade,Não informado,SP,Sudeste,50.0,1 dia,1.0,24,50.0,expansao
40,0.55,336,184.8,15.0,0.0,0.0,0.6,CP II E 40,7 dias úmida / 56 dias ar 50% umidade,Não informado,SP,Sudeste,80.0,3 dias,3.0,72,80.0,expansao
40,0.55,336,184.8,15.0,0.0,0.0,0.6,CP II E 40,7 dias úmida / 56 dias ar 50% umidade,Não informado,SP,Sudeste,130.0,7 dias,7.0,168,130.0,expansao
40,0.55,336,184.8,15.0,0.0,0.0,0.6,CP II E 40,7 dias úmida / 56 dias ar 50% umidade,Não informado,SP,Sudeste,-30.0,14 dias,14.0,336,30.0,retracao
40,0.55,336,184.8,15.0,0.0,0.0,0.6,CP II E 40,7 dias úmida / 56 dias ar 50% umidade,Não informado,SP,Sudeste,-120.0,28 dias,28.0,672,120.0,retracao
40,0.55,336,184.8,15.0,0.0,0.0,0.6,CP II E 40,7 dias úmida / 56 dias ar 50% umidade,Não informado,SP,Sudeste,-340.0,56 dias,56.0,1344,340.0,retracao
41,0.62,325,201.5,10.0,0.0,0.0,0.3,CP V ARI,7 dias úmida / 56 dias ar 50% umidade,Laboratório,SP,Sudeste,0.0,12 h,0.5,12,0.0,estabilidade
41,0.62,325,201.5,10.0,0.0,0.0,0.3,CP V ARI,7 dias úmida / 56 dias ar 50% umidade,Laboratório,SP,Sudeste,20.0,1 dia,1.0,24,20.0,expansao
41,0.62,325,201.5,10.0,0.0,0.0,0.3,CP V ARI,7 dias úmida / 56 dias ar 50% umidade,Laboratório,SP,Sudeste,60.0,3 dias,3.0,72,60.0,expansao
41,0.62,325,201.5,10.0,0.0,0.0,0.3,CP V ARI,7 dias úmida / 56 dias ar 50% umidade,Laboratório,SP,Sudeste,90.0,7 dias,7.0,168,90.0,expansao
41,0.62,325,201.5,10.0,0.0,0.0,0.3,CP V ARI,7 dias úmida / 56 dias ar 50% umidade,Laboratório,SP,Sudeste,-20.0,14 dias,14.0,336,20.0,retracao
41,0.62,325,201.5,10.0,0.0,0.0,0.3,CP V ARI,7 dias úmida / 56 dias ar 50% umidade,Laboratório,SP,Sudeste,-150.0,28 dias,28.0,672,150.0,retracao
41,0.62,325,201.5,10.0,0.0,0.0,0.3,CP V ARI,7 dias úmida / 56 dias ar 50% umidade,Laboratório,SP,Sudeste,-340.0,56 dias,56.0,1344,340.0,retracao
42,0.55,327,179.85000000000002,0.0,25.0,0.0,0.6,CP II E 40,7 dias úmida / 56 dias ar 50% umidade,Não informado,SP,Sudeste,0.0,12 h,0.5,12,0.0,estabilidade
42,0.55,327,179.85000000000002,0.0,25.0,0.0,0.6,CP II E 40,7 dias úmida / 56 dias ar 50% umidade,Não informado,SP,Sudeste,40.0,1 dia,1.0,24,40.0,expansao
42,0.55,327,179.85000000000002,0.0,25.0,0.0,0.6,CP II E 40,7 dias úmida / 56 dias ar 50% umidade,Não informado,SP,Sudeste,100.0,3 dias,3.0,72,100.0,expansao
42,0.55,327,179.85000000000002,0.0,25.0,0.0,0.6,CP II E 40,7 dias úmida / 56 dias ar 50% umidade,Não informado,SP,Sudeste,110.0,7 dias,7.0,168,110.0,expansao
42,0.55,327,179.85000000000002,0.0,25.0,0.0,0.6,CP II E 40,7 dias úmida / 56 dias ar 50% umidade,Não informado,SP,Sudeste,-60.0,14 dias,14.0,336,60.0,retracao
42,0.55,327,179.85000000000002,0.0,25.0,0.0,0.6,CP II E 40,7 dias úmida / 56 dias ar 50% umidade,Não informado,SP,Sudeste,-390.0,28 dias,28.0,672,390.0,retracao
42,0.55,327,179.85000000000002,0.0,25.0,0.0,0.6,CP II E 40,7 dias úmida / 56 dias ar 50% umidade,Não informado,SP,Sudeste,-480.0,56 dias,56.0,1344,480.0,retracao
43,0.51,380,193.8,12.5,0.0,6.0,0.6,CP III RS,7 dias úmida / 56 dias ar 50% umidade,Não informado,RJ,Sudeste,0.0,12 h,0.5,12,0.0,estabilidade
43,0.51,380,193.8,12.5,0.0,6.0,0.6,CP III RS,7 dias úmida / 56 dias ar 50% umidade,Não informado,RJ,Sudeste,10.0,1 dia,1.0,24,10.0,expansao
43,0.51,380,193.8,12.5,0.0,6.0,0.6,CP III RS,7 dias úmida / 56 dias ar 50% umidade,Não informado,RJ,Sudeste,40.0,3 dias,3.0,72,40.0,expansao
43,0.51,380,193.8,12.5,0.0,6.0,0.6,CP III RS,7 dias úmida / 56 dias ar 50% umidade,Não informado,RJ,Sudeste,70.0,7 dias,7.0,168,70.0,expansao
43,0.51,380,193.8,12.5,0.0,6.0,0.6,CP III RS,7 dias úmida / 56 dias ar 50% umidade,Não informado,RJ,Sudeste,-70.0,14 dias,14.0,336,70.0,retracao
43,0.51,380,193.8,12.5,0.0,6.0,0.6,CP III RS,7 dias úmida / 56 dias ar 50% umidade,Não informado,RJ,Sudeste,-210.0,28 dias,28.0,672,210.0,retracao
43,0.51,380,193.8,12.5,0.0,6.0,0.6,CP III RS,7 dias úmida / 56 dias ar 50% umidade,Não informado,RJ,Sudeste,-340.0,56 dias,56.0,1344,340.0,retracao
44,0.54,350,189.0,0.0,25.0,0.0,0.6,CP V ARI,7 dias úmida / 56 dias ar 50% umidade,Laboratório,SC,Sul,0.0,12 h,0.5,12,0.0,estabilidade
44,0.54,350,189.0,0.0,25.0,0.0,0.6,CP V ARI,7 dias úmida / 56 dias ar 50% umidade,Laboratório,SC,Sul,10.0,1 dia,1.0,24,10.0,expansao
44,0.54,350,189.0,0.0,25.0,0.0,0.6,CP V ARI,7 dias úmida / 56 dias ar 50% umidade,Laboratório,SC,Sul,-10.0,3 dias,3.0,72,10.0,retracao
44,0.54,350,189.0,0.0,25.0,0.0,0.6,CP V ARI,7 dias úmida / 56 dias ar 50% umidade,Laboratório,SC,Sul,-60.0,7 dias,7.0,168,60.0,retracao
44,0.54,350,189.0,0.0,25.0,0.0,0.6,CP V ARI,7 dias úmida / 56 dias ar 50% umidade,Laboratório,SC,Sul,-200.0,14 dias,14.0,336,200.0,retracao
44,0.54,350,189.0,0.0,25.0,0.0,0.6,CP V ARI,7 dias úmida / 56 dias ar 50% umidade,Laboratório,SC,Sul,-400.0,28 dias,28.0,672,400.0,retracao
44,0.54,350,189.0,0.0,25.0,0.0,0.6,CP V ARI,7 dias úmida / 56 dias ar 50% umidade,Laboratório,SC,Sul,-480.0,56 dias,56.0,1344,480.0,retracao
45,0.55,340,187.00000000000003,10.0,0.0,0.0,0.6,CP II F 40,7 dias úmida / 56 dias ar 50% umidade,Não informado,PR,Sul,0.0,12 h,0.5,12,0.0,estabilidade
45,0.55,340,187.00000000000003,10.0,0.0,0.0,0.6,CP II F 40,7 dias úmida / 56 dias ar 50% umidade,Não informado,PR,Sul,160.0,1 dia,1.0,24,160.0,expansao
45,0.55,340,187.00000000000003,10.0,0.0,0.0,0.6,CP II F 40,7 dias úmida / 56 dias ar 50% umidade,Não informado,PR,Sul,140.0,3 dias,3.0,72,140.0,expansao
45,0.55,340,187.00000000000003,10.0,0.0,0.0,0.6,CP II F 40,7 dias úmida / 56 dias ar 50% umidade,Não informado,PR,Sul,110.0,7 dias,7.0,168,110.0,expansao
45,0.55,340,187.00000000000003,10.0,0.0,0.0,0.6,CP II F 40,7 dias úmida / 56 dias ar 50% umidade,Não informado,PR,Sul,-30.0,14 dias,14.0,336,30.0,retracao
45,0.55,340,187.00000000000003,10.0,0.0,0.0,0.6,CP II F 40,7 dias úmida / 56 dias ar 50% umidade,Não informado,PR,Sul,-220.0,28 dias,28.0,672,220.0,retracao
45,0.55,340,187.00000000000003,10.0,0.0,0.0,0.6,CP II F 40,7 dias úmida / 56 dias ar 50% umidade,Não informado,PR,Sul,-330.0,56 dias,56.0,1344,330.0,retracao
46,0.55,336,184.8,0.0,0.0,5.5,0.6,CP V ARI RS,7 dias úmida / 56 dias ar 50% umidade,Não informado,SP,Sudeste,0.0,12 h,0.5,12,0.0,estabilidade
46,0.55,336,184.8,0.0,0.0,5.5,0.6,CP V ARI RS,7 dias úmida / 56 dias ar 50% umidade,Não informado,SP,Sudeste,-50.0,1 dia,1.0,24,50.0,retracao
46,0.55,336,184.8,0.0,0.0,5.5,0.6,CP V ARI RS,7 dias úmida / 56 dias ar 50% umidade,Não informado,SP,Sudeste,-100.0,3 dias,3.0,72,100.0,retracao
46,0.55,336,184.8,0.0,0.0,5.5,0.6,CP V ARI RS,7 dias úmida / 56 dias ar 50% umidade,Não informado,SP,Sudeste,-160.0,7 dias,7.0,168,160.0,retracao
46,0.55,336,184.8,0.0,0.0,5.5,0.6,CP V ARI RS,7 dias úmida / 56 dias ar 50% umidade,Não informado,SP,Sudeste,-250.0,14 dias,14.0,336,250.0,retracao
46,0.55,336,184.8,0.0,0.0,5.5,0.6,CP V ARI RS,7 dias úmida / 56 dias ar 50% umidade,Não informado,SP,Sudeste,-350.0,28 dias,28.0,672,350.0,retracao
46,0.55,336,184.8,0.0,0.0,5.5,0.6,CP V ARI RS,7 dias úmida / 56 dias ar 50% umidade,Não informado,SP,Sudeste,-480.0,56 dias,56.0,1344,480.0,retracao
47,0.55,336,184.8,10.0,25.0,4.0,0.6,CP II E 40,7 dias úmida / 56 dias ar 50% umidade,Não informado,SP,Sudeste,0.0,12 h,0.5,12,0.0,estabilidade
47,0.55,336,184.8,10.0,25.0,4.0,0.6,CP II E 40,7 dias úmida / 56 dias ar 50% umidade,Não informado,SP,Sudeste,40.0,1 dia,1.0,24,40.0,expansao
47,0.55,336,184.8,10.0,25.0,4.0,0.6,CP II E 40,7 dias úmida / 56 dias ar 50% umidade,Não informado,SP,Sudeste,80.0,3 dias,3.0,72,80.0,expansao
47,0.55,336,184.8,10.0,25.0,4.0,0.6,CP II E 40,7 dias úmida / 56 dias ar 50% umidade,Não informado,SP,Sudeste,110.0,7 dias,7.0,168,110.0,expansao
47,0.55,336,184.8,10.0,25.0,4.0,0.6,CP II E 40,7 dias úmida / 56 dias ar 50% umidade,Não informado,SP,Sudeste,-50.0,14 dias,14.0,336,50.0,retracao
47,0.55,336,184.8,10.0,25.0,4.0,0.6,CP II E 40,7 dias úmida / 56 dias ar 50% umidade,Não informado,SP,Sudeste,-140.0,28 dias,28.0,672,140.0,retracao
47,0.55,336,184.8,10.0,25.0,4.0,0.6,CP II E 40,7 dias úmida / 56 dias ar 50% umidade,Não informado,SP,Sudeste,-330.0,56 dias,56.0,1344,330.0,retracao
48,0.55,336,184.8,0.0,25.0,0.0,0.6,CP V ARI,7 dias úmida / 56 dias ar 50% umidade,Laboratório,SP,Sudeste,0.0,12 h,0.5,12,0.0,estabilidade
48,0.55,336,184.8,0.0,25.0,0.0,0.6,CP V ARI,7 dias úmida / 56 dias ar 50% umidade,Laboratório,SP,Sudeste,-120.0,1 dia,1.0,24,120.0,retracao
48,0.55,336,184.8,0.0,25.0,0.0,0.6,CP V ARI,7 dias úmida / 56 dias ar 50% umidade,Laboratório,SP,Sudeste,-150.0,3 dias,3.0,72,150.0,retracao
48,0.55,336,184.8,0.0,25.0,0.0,0.6,CP V ARI,7 dias úmida / 56 dias ar 50% umidade,Laboratório,SP,Sudeste,-180.0,7 dias,7.0,168,180.0,retracao
48,0.55,336,184.8,0.0,25.0,0.0,0.6,CP V ARI,7 dias úmida / 56 dias ar 50% umidade,Laboratório,SP,Sudeste,-250.0,14 dias,14.0,336,250.0,retracao
48,0.55,336,184.8,0.0,25.0,0.0,0.6,CP V ARI,7 dias úmida / 56 dias ar 50% umidade,Laboratório,SP,Sudeste,-300.0,28 dias,28.0,672,300.0,retracao
48,0.55,336,184.8,0.0,25.0,0.0,0.6,CP V ARI,7 dias úmida / 56 dias ar 50% umidade,Laboratório,SP,Sudeste,-470.0,56 dias,56.0,1344,470.0,retracao
49,0.54,360,194.4,12.0,0.0,5.625,0.6,CP V ARI,7 dias úmida / 56 dias ar 50% umidade,Não informado,DF,Centro Oeste,0.0,12 h,0.5,12,0.0,estabilidade
49,0.54,360,194.4,12.0,0.0,5.625,0.6,CP V ARI,7 dias úmida / 56 dias ar 50% umidade,Não informado,DF,Centro Oeste,30.0,1 dia,1.0,24,30.0,expansao
49,0.54,360,194.4,12.0,0.0,5.625,0.6,CP V ARI,7 dias úmida / 56 dias ar 50% umidade,Não informado,DF,Centro Oeste,60.0,3 dias,3.0,72,60.0,expansao
49,0.54,360,194.4,12.0,0.0,5.625,0.6,CP V ARI,7 dias úmida / 56 dias ar 50% umidade,Não informado,DF,Centro Oeste,90.0,7 dias,7.0,168,90.0,expansao
49,0.54,360,194.4,12.0,0.0,5.625,0.6,CP V ARI,7 dias úmida / 56 dias ar 50% umidade,Não informado,DF,Centro Oeste,-30.0,14 dias,14.0,336,30.0,retracao
49,0.54,360,194.4,12.0,0.0,5.625,0.6,CP V ARI,7 dias úmida / 56 dias ar 50% umidade,Não informado,DF,Centro Oeste,-160.0,28 dias,28.0,672,160.0,retracao
49,0.54,360,194.4,12.0,0.0,5.625,0.6,CP V ARI,7 dias úmida / 56 dias ar 50% umidade,Não informado,DF,Centro Oeste,-330.0,56 dias,56.0,1344,330.0,retracao
50,0.55,336,184.8,0.0,25.0,0.0,0.0,CP V ARI,7 dias úmida / 56 dias ar 50% umidade,Não informado,PE,Nordeste,0.0,12 h,0.5,12,0.0,estabilidade
50,0.55,336,184.8,0.0,25.0,0.0,0.0,CP V ARI,7 dias úmida / 56 dias ar 50% umidade,Não informado,PE,Nordeste,-120.0,1 dia,1.0,24,120.0,retracao
50,0.55,336,184.8,0.0,25.0,0.0,0.0,CP V ARI,7 dias úmida / 56 dias ar 50% umidade,Não informado,PE,Nordeste,-150.0,3 dias,3.0,72,150.0,retracao
50,0.55,336,184.8,0.0,25.0,0.0,0.0,CP V ARI,7 dias úmida / 56 dias ar 50% umidade,Não informado,PE,Nordeste,-180.0,7 dias,7.0,168,180.0,retracao
50,0.55,336,184.8,0.0,25.0,0.0,0.0,CP V ARI,7 dias úmida / 56 dias ar 50% umidade,Não informado,PE,Nordeste,-250.0,14 dias,14.0,336,250.0,retracao
50,0.55,336,184.8,0.0,25.0,0.0,0.0,CP V ARI,7 dias úmida / 56 dias ar 50% umidade,Não informado,PE,Nordeste,-300.0,28 dias,28.0,672,300.0,retracao
50,0.55,336,184.8,0.0,25.0,0.0,0.0,CP V ARI,7 dias úmida / 56 dias ar 50% umidade,Não informado,PE,Nordeste,-470.0,56 dias,56.0,1344,470.0,retracao
51,0.51,380,193.8,12.0,0.0,0.0,0.6,CP II Z 40,7 dias úmida / 56 dias ar 50% umidade,Não informado,DF,Centro Oeste,0.0,12 h,0.5,12,0.0,estabilidade
51,0.51,380,193.8,12.0,0.0,0.0,0.6,CP II Z 40,7 dias úmida / 56 dias ar 50% umidade,Não informado,DF,Centro Oeste,40.0,1 dia,1.0,24,40.0,expansao
51,0.51,380,193.8,12.0,0.0,0.0,0.6,CP II Z 40,7 dias úmida / 56 dias ar 50% umidade,Não informado,DF,Centro Oeste,90.0,3 dias,3.0,72,90.0,expansao
51,0.51,380,193.8,12.0,0.0,0.0,0.6,CP II Z 40,7 dias úmida / 56 dias ar 50% umidade,Não informado,DF,Centro Oeste,130.0,7 dias,7.0,168,130.0,expansao
51,0.51,380,193.8,12.0,0.0,0.0,0.6,CP II Z 40,7 dias úmida / 56 dias ar 50% umidade,Não informado,DF,Centro Oeste,-60.0,14 dias,14.0,336,60.0,retracao
51,0.51,380,193.8,12.0,0.0,0.0,0.6,CP II Z 40,7 dias úmida / 56 dias ar 50% umidade,Não informado,DF,Centro Oeste,-190.0,28 dias,28.0,672,190.0,retracao
51,0.51,380,193.8,12.0,0.0,0.0,0.6,CP II Z 40,7 dias úmida / 56 dias ar 50% umidade,Não informado,DF,Centro Oeste,-330.0,56 dias,56.0,1344,330.0,retracao
52,0.5,380,190.0,0.0,0.0,0.0,0.6,CP III RS,7 dias úmida / 56 dias ar 50% umidade,Não informado,RJ,Sudeste,0.0,12 h,0.5,12,0.0,estabilidade
52,0.5,380,190.0,0.0,0.0,0.0,0.6,CP III RS,7 dias úmida / 56 dias ar 50% umidade,Não informado,RJ,Sudeste,-60.0,1 dia,1.0,24,60.0,retracao
52,0.5,380,190.0,0.0,0.0,0.0,0.6,CP III RS,7 dias úmida / 56 dias ar 50% umidade,Não informado,RJ,Sudeste,-120.0,3 dias,3.0,72,120.0,retracao
52,0.5,380,190.0,0.0,0.0,0.0,0.6,CP III RS,7 dias úmida / 56 dias ar 50% umidade,Não informado,RJ,Sudeste,-170.0,7 dias,7.0,168,170.0,retracao
52,0.5,380,190.0,0.0,0.0,0.0,0.6,CP III RS,7 dias úmida / 56 dias ar 50% umidade,Não informado,RJ,Sudeste,-280.0,14 dias,14.0,336,280.0,retracao
52,0.5,380,190.0,0.0,0.0,0.0,0.6,CP III RS,7 dias úmida / 56 dias ar 50% umidade,Não informado,RJ,Sudeste,-350.0,28 dias,28.0,672,350.0,retracao
52,0.5,380,190.0,0.0,0.0,0.0,0.6,CP III RS,7 dias úmida / 56 dias ar 50% umidade,Não informado,RJ,Sudeste,-470.0,56 dias,56.0,1344,470.0,retracao
53,0.51,365,186.15,12.5,0.0,0.0,0.6,CP V ARI RS,7 dias úmida / 56 dias ar 50% umidade,Não informado,PB,Nordeste,0.0,12 h,0.5,12,0.0,estabilidade
53,0.51,365,186.15,12.5,0.0,0.0,0.6,CP V ARI RS,7 dias úmida / 56 dias ar 50% umidade,Não informado,PB,Nordeste,20.0,1 dia,1.0,24,20.0,expansao
53,0.51,365,186.15,12.5,0.0,0.0,0.6,CP V ARI RS,7 dias úmida / 56 dias ar 50% umidade,Não informado,PB,Nordeste,60.0,3 dias,3.0,72,60.0,expansao
53,0.51,365,186.15,12.5,0.0,0.0,0.6,CP V ARI RS,7 dias úmida / 56 dias ar 50% umidade,Não informado,PB,Nordeste,100.0,7 dias,7.0,168,100.0,expansao
53,0.51,365,186.15,12.5,0.0,0.0,0.6,CP V ARI RS,7 dias úmida / 56 dias ar 50% umidade,Não informado,PB,Nordeste,-40.0,14 dias,14.0,336,40.0,retracao
53,0.51,365,186.15,12.5,0.0,0.0,0.6,CP V ARI RS,7 dias úmida / 56 dias ar 50% umidade,Não informado,PB,Nordeste,-130.0,28 dias,28.0,672,130.0,retracao
53,0.51,365,186.15,12.5,0.0,0.0,0.6,CP V ARI RS,7 dias úmida / 56 dias ar 50% umidade,Não informado,PB,Nordeste,-330.0,56 dias,56.0,1344,330.0,retracao
54,0.61,330,201.29999999999998,0.0,0.0,0.0,0.3,CP V ARI,7 dias úmida / 56 dias ar 50% umidade,Campo,SP,Sudeste,0.0,12 h,0.5,12,0.0,estabilidade
54,0.61,330,201.29999999999998,0.0,0.0,0.0,0.3,CP V ARI,7 dias úmida / 56 dias ar 50% umidade,Campo,SP,Sudeste,0.0,1 dia,1.0,24,0.0,estabilidade
54,0.61,330,201.29999999999998,0.0,0.0,0.0,0.3,CP V ARI,7 dias úmida / 56 dias ar 50% umidade,Campo,SP,Sudeste,10.0,3 dias,3.0,72,10.0,expansao
54,0.61,330,201.29999999999998,0.0,0.0,0.0,0.3,CP V ARI,7 dias úmida / 56 dias ar 50% umidade,Campo,SP,Sudeste,20.0,7 dias,7.0,168,20.0,expansao
54,0.61,330,201.29999999999998,0.0,0.0,0.0,0.3,CP V ARI,7 dias úmida / 56 dias ar 50% umidade,Campo,SP,Sudeste,-140.0,14 dias,14.0,336,140.0,retracao
54,0.61,330,201.29999999999998,0.0,0.0,0.0,0.3,CP V ARI,7 dias úmida / 56 dias ar 50% umidade,Campo,SP,Sudeste,-290.0,28 dias,28.0,672,290.0,retracao
54,0.61,330,201.29999999999998,0.0,0.0,0.0,0.3,CP V ARI,7 dias úmida / 56 dias ar 50% umidade,Campo,SP,Sudeste,-470.0,56 dias,56.0,1344,470.0,retracao
55,0.55,360,198.00000000000003,15.0,0.0,5.0,0.0,CP II E 40,7 dias úmida / 56 dias ar 50% umidade,Não informado,SP,Sudeste,0.0,12 h,0.5,12,0.0,estabilidade
55,0.55,360,198.00000000000003,15.0,0.0,5.0,0.0,CP II E 40,7 dias úmida / 56 dias ar 50% umidade,Não informado,SP,Sudeste,30.0,1 dia,1.0,24,30.0,expansao
55,0.55,360,198.00000000000003,15.0,0.0,5.0,0.0,CP II E 40,7 dias úmida / 56 dias ar 50% umidade,Não informado,SP,Sudeste,60.0,3 dias,3.0,72,60.0,expansao
55,0.55,360,198.00000000000003,15.0,0.0,5.0,0.0,CP II E 40,7 dias úmida / 56 dias ar 50% umidade,Não informado,SP,Sudeste,100.0,7 dias,7.0,168,100.0,expansao
55,0.55,360,198.00000000000003,15.0,0.0,5.0,0.0,CP II E 40,7 dias úmida / 56 dias ar 50% umidade,Não informado,SP,Sudeste,-60.0,14 dias,14.0,336,60.0,retracao
55,0.55,360,198.00000000000003,15.0,0.0,5.0,0.0,CP II E 40,7 dias úmida / 56 dias ar 50% umidade,Não informado,SP,Sudeste,-180.0,28 dias,28.0,672,180.0,retracao
55,0.55,360,198.00000000000003,15.0,0.0,5.0,0.0,CP II E 40,7 dias úmida / 56 dias ar 50% umidade,Não informado,SP,Sudeste,-330.0,56 dias,56.0,1344,330.0,retracao
56,0.51,380,193.8,0.0,0.0,6.0,0.6,CP III RS,7 dias úmida / 56 dias ar 50% umidade,Não informado,RJ,Sudeste,0.0,12 h,0.5,12,0.0,estabilidade
56,0.51,380,193.8,0.0,0.0,6.0,0.6,CP III RS,7 dias úmida / 56 dias ar 50% umidade,Não informado,RJ,Sudeste,-50.0,1 dia,1.0,24,50.0,retracao
56,0.51,380,193.8,0.0,0.0,6.0,0.6,CP III RS,7 dias úmida / 56 dias ar 50% umidade,Não informado,RJ,Sudeste,-100.0,3 dias,3.0,72,100.0,retracao
56,0.51,380,193.8,0.0,0.0,6.0,0.6,CP III RS,7 dias úmida / 56 dias ar 50% umidade,Não informado,RJ,Sudeste,-160.0,7 dias,7.0,168,160.0,retracao
56,0.51,380,193.8,0.0,0.0,6.0,0.6,CP III RS,7 dias úmida / 56 dias ar 50% umidade,Não informado,RJ,Sudeste,-250.0,14 dias,14.0,336,250.0,retracao
56,0.51,380,193.8,0.0,0.0,6.0,0.6,CP III RS,7 dias úmida / 56 dias ar 50% umidade,Não informado,RJ,Sudeste,-360.0,28 dias,28.0,672,360.0,retracao
56,0.51,380,193.8,0.0,0.0,6.0,0.6,CP III RS,7 dias úmida / 56 dias ar 50% umidade,Não informado,RJ,Sudeste,-470.0,56 dias,56.0,1344,470.0,retracao
57,0.53,349,184.97,15.0,25.0,6.0,0.6,CP II E 40,Não informado,Não informado,SP,Sudeste,0.0,12 h,0.5,12,0.0,estabilidade
57,0.53,349,184.97,15.0,25.0,6.0,0.6,CP II E 40,Não informado,Não informado,SP,Sudeste,30.0,1 dia,1.0,24,30.0,expansao
57,0.53,349,184.97,15.0,25.0,6.0,0.6,CP II E 40,Não informado,Não informado,SP,Sudeste,70.0,3 dias,3.0,72,70.0,expansao
57,0.53,349,184.97,15.0,25.0,6.0,0.6,CP II E 40,Não informado,Não informado,SP,Sudeste,110.0,7 dias,7.0,168,110.0,expansao
57,0.53,349,184.97,15.0,25.0,6.0,0.6,CP II E 40,Não informado,Não informado,SP,Sudeste,-20.0,14 dias,14.0,336,20.0,retracao
57,0.53,349,184.97,15.0,25.0,6.0,0.6,CP II E 40,Não informado,Não informado,SP,Sudeste,-190.0,28 dias,28.0,672,190.0,retracao
57,0.53,349,184.97,15.0,25.0,6.0,0.6,CP II E 40,Não informado,Não informado,SP,Sudeste,-330.0,56 dias,56.0,1344,330.0,retracao
58,0.49,380,186.2,10.0,0.0,0.0,0.6,CP V ARI,7 dias úmida / 56 dias ar 50% umidade,Não informado,PI,Nordeste,0.0,12 h,0.5,12,0.0,estabilidade
58,0.49,380,186.2,10.0,0.0,0.0,0.6,CP V ARI,7 dias úmida / 56 dias ar 50% umidade,Não informado,PI,Nordeste,30.0,1 dia,1.0,24,30.0,expansao
58,0.49,380,186.2,10.0,0.0,0.0,0.6,CP V ARI,7 dias úmida / 56 dias ar 50% umidade,Não informado,PI,Nordeste,70.0,3 dias,3.0,72,70.0,expansao
58,0.49,380,186.2,10.0,0.0,0.0,0.6,CP V ARI,7 dias úmida / 56 dias ar 50% umidade,Não informado,PI,Nordeste,120.0,7 dias,7.0,168,120.0,expansao
58,0.49,380,186.2,10.0,0.0,0.0,0.6,CP V ARI,7 dias úmida / 56 dias ar 50% umidade,Não informado,PI,Nordeste,-90.0,14 dias,14.0,336,90.0,retracao
58,0.49,380,186.2,10.0,0.0,0.0,0.6,CP V ARI,7 dias úmida / 56 dias ar 50% umidade,Não informado,PI,Nordeste,-200.0,28 dias,28.0,672,200.0,retracao
58,0.49,380,186.2,10.0,0.0,0.0,0.6,CP V ARI,7 dias úmida / 56 dias ar 50% umidade,Não informado,PI,Nordeste,-320.0,56 dias,56.0,1344,320.0,retracao
59,0.547,320,175.04000000000002,0.0,0.0,0.0,0.6,CP II E 40,7 dias úmida / 56 dias ar 50% umidade,Não informado,SP,Sudeste,0.0,12 h,0.5,12,0.0,estabilidade
59,0.547,320,175.04000000000002,0.0,0.0,0.0,0.6,CP II E 40,7 dias úmida / 56 dias ar 50% umidade,Não informado,SP,Sudeste,40.0,1 dia,1.0,24,40.0,expansao
59,0.547,320,175.04000000000002,0.0,0.0,0.0,0.6,CP II E 40,7 dias úmida / 56 dias ar 50% umidade,Não informado,SP,Sudeste,90.0,3 dias,3.0,72,90.0,expansao
59,0.547,320,175.04000000000002,0.0,0.0,0.0,0.6,CP II E 40,7 dias úmida / 56 dias ar 50% umidade,Não informado,SP,Sudeste,110.0,7 dias,7.0,168,110.0,expansao
59,0.547,320,175.04000000000002,0.0,0.0,0.0,0.6,CP II E 40,7 dias úmida / 56 dias ar 50% umidade,Não informado,SP,Sudeste,-80.0,14 dias,14.0,336,80.0,retracao
59,0.547,320,175.04000000000002,0.0,0.0,0.0,0.6,CP II E 40,7 dias úmida / 56 dias ar 50% umidade,Não informado,SP,Sudeste,-360.0,28 dias,28.0,672,360.0,retracao
59,0.547,320,175.04000000000002,0.0,0.0,0.0,0.6,CP II E 40,7 dias úmida / 56 dias ar 50% umidade,Não informado,SP,Sudeste,-460.0,56 dias,56.0,1344,460.0,retracao
60,0.55,336,184.8,0.0,25.0,0.0,0.6,CP II E 40,7 dias úmida / 56 dias ar 50% umidade,Não informado,SP,Sudeste,0.0,12 h,0.5,12,0.0,estabilidade
60,0.55,336,184.8,0.0,25.0,0.0,0.6,CP II E 40,7 dias úmida / 56 dias ar 50% umidade,Não informado,SP,Sudeste,-60.0,1 dia,1.0,24,60.0,retracao
60,0.55,336,184.8,0.0,25.0,0.0,0.6,CP II E 40,7 dias úmida / 56 dias ar 50% umidade,Não informado,SP,Sudeste,-120.0,3 dias,3.0,72,120.0,retracao
60,0.55,336,184.8,0.0,25.0,0.0,0.6,CP II E 40,7 dias úmida / 56 dias ar 50% umidade,Não informado,SP,Sudeste,-170.0,7 dias,7.0,168,170.0,retracao
60,0.55,336,184.8,0.0,25.0,0.0,0.6,CP II E 40,7 dias úmida / 56 dias ar 50% umidade,Não informado,SP,Sudeste,-210.0,14 dias,14.0,336,210.0,retracao
60,0.55,336,184.8,0.0,25.0,0.0,0.6,CP II E 40,7 dias úmida / 56 dias ar 50% umidade,Não informado,SP,Sudeste,-340.0,28 dias,28.0,672,340.0,retracao
60,0.55,336,184.8,0.0,25.0,0.0,0.6,CP II E 40,7 dias úmida / 56 dias ar 50% umidade,Não informado,SP,Sudeste,-460.0,56 dias,56.0,1344,460.0,retracao
61,0.51,365,186.15,0.0,0.0,0.0,0.6,CP V ARI RS,7 dias úmida / 56 dias ar 50% umidade,Não informado,PB,Nordeste,0.0,12 h,0.5,12,0.0,estabilidade
61,0.51,365,186.15,0.0,0.0,0.0,0.6,CP V ARI RS,7 dias úmida / 56 dias ar 50% umidade,Não informado,PB,Nordeste,-40.0,1 dia,1.0,24,40.0,retracao
61,0.51,365,186.15,0.0,0.0,0.0,0.6,CP V ARI RS,7 dias úmida / 56 dias ar 50% umidade,Não informado,PB,Nordeste,-80.0,3 dias,3.0,72,80.0,retracao
61,0.51,365,186.15,0.0,0.0,0.0,0.6,CP V ARI RS,7 dias úmida / 56 dias ar 50% umidade,Não informado,PB,Nordeste,-160.0,7 dias,7.0,168,160.0,retracao
61,0.51,365,186.15,0.0,0.0,0.0,0.6,CP V ARI RS,7 dias úmida / 56 dias ar 50% umidade,Não informado,PB,Nordeste,-230.0,14 dias,14.0,336,230.0,retracao
61,0.51,365,186.15,0.0,0.0,0.0,0.6,CP V ARI RS,7 dias úmida / 56 dias ar 50% umidade,Não informado,PB,Nordeste,-340.0,28 dias,28.0,672,340.0,retracao
61,0.51,365,186.15,0.0,0.0,0.0,0.6,CP V ARI RS,7 dias úmida / 56 dias ar 50% umidade,Não informado,PB,Nordeste,-460.0,56 dias,56.0,1344,460.0,retracao
62,0.54,350,189.0,12.5,25.0,0.0,0.6,CP V ARI,7 dias úmida / 56 dias ar 50% umidade,Laboratório,SC,Sul,0.0,12 h,0.5,12,0.0,estabilidade
62,0.54,350,189.0,12.5,25.0,0.0,0.6,CP V ARI,7 dias úmida / 56 dias ar 50% umidade,Laboratório,SC,Sul,50.0,1 dia,1.0,24,50.0,expansao
62,0.54,350,189.0,12.5,25.0,0.0,0.6,CP V ARI,7 dias úmida / 56 dias ar 50% umidade,Laboratório,SC,Sul,50.0,3 dias,3.0,72,50.0,expansao
62,0.54,350,189.0,12.5,25.0,0.0,0.6,CP V ARI,7 dias úmida / 56 dias ar 50% umidade,Laboratório,SC,Sul,10.0,7 dias,7.0,168,10.0,expansao
62,0.54,350,189.0,12.5,25.0,0.0,0.6,CP V ARI,7 dias úmida / 56 dias ar 50% umidade,Laboratório,SC,Sul,-130.0,14 dias,14.0,336,130.0,retracao
62,0.54,350,189.0,12.5,25.0,0.0,0.6,CP V ARI,7 dias úmida / 56 dias ar 50% umidade,Laboratório,SC,Sul,-280.0,28 dias,28.0,672,280.0,retracao
62,0.54,350,189.0,12.5,25.0,0.0,0.6,CP V ARI,7 dias úmida / 56 dias ar 50% umidade,Laboratório,SC,Sul,-320.0,56 dias,56.0,1344,320.0,retracao
63,0.55,345,189.75000000000003,15.0,0.0,5.5,0.0,CP II E 40,7 dias úmida / 56 dias ar 50% umidade,Laboratório,SP,Sudeste,0.0,12 h,0.5,12,0.0,estabilidade
63,0.55,345,189.75000000000003,15.0,0.0,5.5,0.0,CP II E 40,7 dias úmida / 56 dias ar 50% umidade,Laboratório,SP,Sudeste,30.0,1 dia,1.0,24,30.0,expansao
63,0.55,345,189.75000000000003,15.0,0.0,5.5,0.0,CP II E 40,7 dias úmida / 56 dias ar 50% umidade,Laboratório,SP,Sudeste,80.0,3 dias,3.0,72,80.0,expansao
63,0.55,345,189.75000000000003,15.0,0.0,5.5,0.0,CP II E 40,7 dias úmida / 56 dias ar 50% umidade,Laboratório,SP,Sudeste,140.0,7 dias,7.0,168,140.0,expansao
63,0.55,345,189.75000000000003,15.0,0.0,5.5,0.0,CP II E 40,7 dias úmida / 56 dias ar 50% umidade,Laboratório,SP,Sudeste,-30.0,14 dias,14.0,336,30.0,retracao
63,0.55,345,189.75000000000003,15.0,0.0,5.5,0.0,CP II E 40,7 dias úmida / 56 dias ar 50% umidade,Laboratório,SP,Sudeste,-130.0,28 dias,28.0,672,130.0,retracao
63,0.55,345,189.75000000000003,15.0,0.0,5.5,0.0,CP II E 40,7 dias úmida / 56 dias ar 50% umidade,Laboratório,SP,Sudeste,-320.0,56 dias,56.0,1344,320.0,retracao
64,0.521,380,197.98000000000002,0.0,0.0,0.0,0.6,CP II F 32 RS,7 dias úmida / 56 dias ar 50% umidade,Não informado,AM,Norte,0.0,12 h,0.5,12,0.0,estabilidade
64,0.521,380,197.98000000000002,0.0,0.0,0.0,0.6,CP II F 32 RS,7 dias úmida / 56 dias ar 50% umidade,Não informado,AM,Norte,-90.0,1 dia,1.0,24,90.0,retracao
64,0.521,380,197.98000000000002,0.0,0.0,0.0,0.6,CP II F 32 RS,7 dias úmida / 56 dias ar 50% umidade,Não informado,AM,Norte,-140.0,3 dias,3.0,72,140.0,retracao
64,0.521,380,197.98000000000002,0.0,0.0,0.0,0.6,CP II F 32 RS,7 dias úmida / 56 dias ar 50% umidade,Não informado,AM,Norte,-180.0,7 dias,7.0,168,180.0,retracao
64,0.521,380,197.98000000000002,0.0,0.0,0.0,0.6,CP II F 32 RS,7 dias úmida / 56 dias ar 50% umidade,Não informado,AM,Norte,-240.0,14 dias,14.0,336,240.0,retracao
64,0.521,380,197.98000000000002,0.0,0.0,0.0,0.6,CP II F 32 RS,7 dias úmida / 56 dias ar 50% umidade,Não informado,AM,Norte,-330.0,28 dias,28.0,672,330.0,retracao
64,0.521,380,197.98000000000002,0.0,0.0,0.0,0.6,CP II F 32 RS,7 dias úmida / 56 dias ar 50% umidade,Não informado,AM,Norte,-450.0,56 dias,56.0,1344,450.0,retracao
65,0.63,320,201.6,10.0,0.0,0.0,0.3,CP V ARI,7 dias úmida / 56 dias ar 50% umidade,Laboratório,SP,Sudeste,0.0,12 h,0.5,12,0.0,estabilidade
65,0.63,320,201.6,10.0,0.0,0.0,0.3,CP V ARI,7 dias úmida / 56 dias ar 50% umidade,Laboratório,SP,Sudeste,30.0,1 dia,1.0,24,30.0,expansao
65,0.63,320,201.6,10.0,0.0,0.0,0.3,CP V ARI,7 dias úmida / 56 dias ar 50% umidade,Laboratório,SP,Sudeste,60.0,3 dias,3.0,72,60.0,expansao
65,0.63,320,201.6,10.0,0.0,0.0,0.3,CP V ARI,7 dias úmida / 56 dias ar 50% umidade,Laboratório,SP,Sudeste,110.0,7 dias,7.0,168,110.0,expansao
65,0.63,320,201.6,10.0,0.0,0.0,0.3,CP V ARI,7 dias úmida / 56 dias ar 50% umidade,Laboratório,SP,Sudeste,-10.0,14 dias,14.0,336,10.0,retracao
65,0.63,320,201.6,10.0,0.0,0.0,0.3,CP V ARI,7 dias úmida / 56 dias ar 50% umidade,Laboratório,SP,Sudeste,-100.0,28 dias,28.0,672,100.0,retracao
65,0.63,320,201.6,10.0,0.0,0.0,0.3,CP V ARI,7 dias úmida / 56 dias ar 50% umidade,Laboratório,SP,Sudeste,-320.0,56 dias,56.0,1344,320.0,retracao
66,0.49,380,186.2,12.5,0.0,5.5,0.6,CP V ARI RS,7 dias úmida / 56 dias ar 50% umidade,Não informado,CE,Nordeste,0.0,12 h,0.5,12,0.0,estabilidade
66,0.49,380,186.2,12.5,0.0,5.5,0.6,CP V ARI RS,7 dias úmida / 56 dias ar 50% umidade,Não informado,CE,Nordeste,40.0,1 dia,1.0,24,40.0,expansao
66,0.49,380,186.2,12.5,0.0,5.5,0.6,CP V ARI RS,7 dias úmida / 56 dias ar 50% umidade,Não informado,CE,Nordeste,80.0,3 dias,3.0,72,80.0,expansao
66,0.49,380,186.2,12.5,0.0,5.5,0.6,CP V ARI RS,7 dias úmida / 56 dias ar 50% umidade,Não informado,CE,Nordeste,120.0,7 dias,7.0,168,120.0,expansao
66,0.49,380,186.2,12.5,0.0,5.5,0.6,CP V ARI RS,7 dias úmida / 56 dias ar 50% umidade,Não informado,CE,Nordeste,-40.0,14 dias,14.0,336,40.0,retracao
66,0.49,380,186.2,12.5,0.0,5.5,0.6,CP V ARI RS,7 dias úmida / 56 dias ar 50% umidade,Não informado,CE,Nordeste,-160.0,28 dias,28.0,672,160.0,retracao
66,0.49,380,186.2,12.5,0.0,5.5,0.6,CP V ARI RS,7 dias úmida / 56 dias ar 50% umidade,Não informado,CE,Nordeste,-320.0,56 dias,56.0,1344,320.0,retracao
67,0.49,380,186.2,0.0,0.0,0.0,0.6,CP V ARI,7 dias úmida / 56 dias ar 50% umidade,Não informado,PI,Nordeste,0.0,12 h,0.5,12,0.0,estabilidade
67,0.49,380,186.2,0.0,0.0,0.0,0.6,CP V ARI,7 dias úmida / 56 dias ar 50% umidade,Não informado,PI,Nordeste,-50.0,1 dia,1.0,24,50.0,retracao
67,0.49,380,186.2,0.0,0.0,0.0,0.6,CP V ARI,7 dias úmida / 56 dias ar 50% umidade,Não informado,PI,Nordeste,-100.0,3 dias,3.0,72,100.0,retracao
67,0.49,380,186.2,0.0,0.0,0.0,0.6,CP V ARI,7 dias úmida / 56 dias ar 50% umidade,Não informado,PI,Nordeste,-170.0,7 dias,7.0,168,170.0,retracao
67,0.49,380,186.2,0.0,0.0,0.0,0.6,CP V ARI,7 dias úmida / 56 dias ar 50% umidade,Não informado,PI,Nordeste,-260.0,14 dias,14.0,336,260.0,retracao
67,0.49,380,186.2,0.0,0.0,0.0,0.6,CP V ARI,7 dias úmida / 56 dias ar 50% umidade,Não informado,PI,Nordeste,-370.0,28 dias,28.0,672,370.0,retracao
67,0.49,380,186.2,0.0,0.0,0.0,0.6,CP V ARI,7 dias úmida / 56 dias ar 50% umidade,Não informado,PI,Nordeste,-450.0,56 dias,56.0,1344,450.0,retracao
68,0.55,336,184.8,12.5,25.0,5.5,0.6,CP II E 40,Não informado,Não informado,SP,Sudeste,0.0,12 h,0.5,12,0.0,estabilidade
68,0.55,336,184.8,12.5,25.0,5.5,0.6,CP II E 40,Não informado,Não informado,SP,Sudeste,20.0,1 dia,1.0,24,20.0,expansao
68,0.55,336,184.8,12.5,25.0,5.5,0.6,CP II E 40,Não informado,Não informado,SP,Sudeste,60.0,3 dias,3.0,72,60.0,expansao
68,0.55,336,184.8,12.5,25.0,5.5,0.6,CP II E 40,Não informado,Não informado,SP,Sudeste,100.0,7 dias,7.0,168,100.0,expansao
68,0.55,336,184.8,12.5,25.0,5.5,0.6,CP II E 40,Não informado,Não informado,SP,Sudeste,-30.0,14 dias,14.0,336,30.0,retracao
68,0.55,336,184.8,12.5,25.0,5.5,0.6,CP II E 40,Não informado,Não informado,SP,Sudeste,-160.0,28 dias,28.0,672,160.0,retracao
68,0.55,336,184.8,12.5,25.0,5.5,0.6,CP II E 40,Não informado,Não informado,SP,Sudeste,-320.0,56 dias,56.0,1344,320.0,retracao
69,0.54,360,194.4,0.0,0.0,5.625,0.6,CP V ARI,7 dias úmida / 56 dias ar 50% umidade,Não informado,DF,Centro Oeste,0.0,12 h,0.5,12,0.0,estabilidade
69,0.54,360,194.4,0.0,0.0,5.625,0.6,CP V ARI,7 dias úmida / 56 dias ar 50% umidade,Não informado,DF,Centro Oeste,-50.0,1 dia,1.0,24,50.0,retracao
69,0.54,360,194.4,0.0,0.0,5.625,0.6,CP V ARI,7 dias úmida / 56 dias ar 50% umidade,Não informado,DF,Centro Oeste,-110.0,3 dias,3.0,72,110.0,retracao
69,0.54,360,194.4,0.0,0.0,5.625,0.6,CP V ARI,7 dias úmida / 56 dias ar 50% umidade,Não informado,DF,Centro Oeste,-160.0,7 dias,7.0,168,160.0,retracao
69,0.54,360,194.4,0.0,0.0,5.625,0.6,CP V ARI,7 dias úmida / 56 dias ar 50% umidade,Não informado,DF,Centro Oeste,-260.0,14 dias,14.0,336,260.0,retracao
69,0.54,360,194.4,0.0,0.0,5.625,0.6,CP V ARI,7 dias úmida / 56 dias ar 50% umidade,Não informado,DF,Centro Oeste,-350.0,28 dias,28.0,672,350.0,retracao
69,0.54,360,194.4,0.0,0.0,5.625,0.6,CP V ARI,7 dias úmida / 56 dias ar 50% umidade,Não informado,DF,Centro Oeste,-450.0,56 dias,56.0,1344,450.0,retracao
70,0.5,380,190.0,10.0,0.0,5.0,0.6,CP V ARI,7 dias úmida / 56 dias ar 50% umidade,Laboratório,DF,Centro Oeste,0.0,12 h,0.5,12,0.0,estabilidade
70,0.5,380,190.0,10.0,0.0,5.0,0.6,CP V ARI,7 dias úmida / 56 dias ar 50% umidade,Laboratório,DF,Centro Oeste,20.0,1 dia,1.0,24,20.0,expansao
70,0.5,380,190.0,10.0,0.0,5.0,0.6,CP V ARI,7 dias úmida / 56 dias ar 50% umidade,Laboratório,DF,Centro Oeste,40.0,3 dias,3.0,72,40.0,expansao
70,0.5,380,190.0,10.0,0.0,5.0,0.6,CP V ARI,7 dias úmida / 56 dias ar 50% umidade,Laboratório,DF,Centro Oeste,90.0,7 dias,7.0,168,90.0,expansao
70,0.5,380,190.0,10.0,0.0,5.0,0.6,CP V ARI,7 dias úmida / 56 dias ar 50% umidade,Laboratório,DF,Centro Oeste,-40.0,14 dias,14.0,336,40.0,retracao
70,0.5,380,190.0,10.0,0.0,5.0,0.6,CP V ARI,7 dias úmida / 56 dias ar 50% umidade,Laboratório,DF,Centro Oeste,-180.0,28 dias,28.0,672,180.0,retracao
70,0.5,380,190.0,10.0,0.0,5.0,0.6,CP V ARI,7 dias úmida / 56 dias ar 50% umidade,Laboratório,DF,Centro Oeste,-320.0,56 dias,56.0,1344,320.0,retracao
71,0.47,390,183.29999999999998,0.0,0.0,0.0,0.0,CP V ARI RS,7 dias úmida / 56 dias ar 50% umidade,Não informado,SP,Sudeste,0.0,12 h,0.5,12,0.0,estabilidade
71,0.47,390,183.29999999999998,0.0,0.0,0.0,0.0,CP V ARI RS,7 dias úmida / 56 dias ar 50% umidade,Não informado,SP,Sudeste,-50.0,1 dia,1.0,24,50.0,retracao
71,0.47,390,183.29999999999998,0.0,0.0,0.0,0.0,CP V ARI RS,7 dias úmida / 56 dias ar 50% umidade,Não informado,SP,Sudeste,-110.0,3 dias,3.0,72,110.0,retracao
71,0.47,390,183.29999999999998,0.0,0.0,0.0,0.0,CP V ARI RS,7 dias úmida / 56 dias ar 50% umidade,Não informado,SP,Sudeste,-190.0,7 dias,7.0,168,190.0,retracao
71,0.47,390,183.29999999999998,0.0,0.0,0.0,0.0,CP V ARI RS,7 dias úmida / 56 dias ar 50% umidade,Não informado,SP,Sudeste,-260.0,14 dias,14.0,336,260.0,retracao
71,0.47,390,183.29999999999998,0.0,0.0,0.0,0.0,CP V ARI RS,7 dias úmida / 56 dias ar 50% umidade,Não informado,SP,Sudeste,-330.0,28 dias,28.0,672,330.0,retracao
71,0.47,390,183.29999999999998,0.0,0.0,0.0,0.0,CP V ARI RS,7 dias úmida / 56 dias ar 50% umidade,Não informado,SP,Sudeste,-450.0,56 dias,56.0,1344,450.0,retracao
72,0.55,336,184.8,10.0,25.0,0.0,0.6,CP V ARI,7 dias úmida / 56 dias ar 50% umidade,Laboratório,SP,Sudeste,0.0,12 h,0.5,12,0.0,estabilidade
72,0.55,336,184.8,10.0,25.0,0.0,0.6,CP V ARI,7 dias úmida / 56 dias ar 50% umidade,Laboratório,SP,Sudeste,60.0,1 dia,1.0,24,60.0,expansao
72,0.55,336,184.8,10.0,25.0,0.0,0.6,CP V ARI,7 dias úmida / 56 dias ar 50% umidade,Laboratório,SP,Sudeste,80.0,3 dias,3.0,72,80.0,expansao
72,0.55,336,184.8,10.0,25.0,0.0,0.6,CP V ARI,7 dias úmida / 56 dias ar 50% umidade,Laboratório,SP,Sudeste,120.0,7 dias,7.0,168,120.0,expansao
72,0.55,336,184.8,10.0,25.0,0.0,0.6,CP V ARI,7 dias úmida / 56 dias ar 50% umidade,Laboratório,SP,Sudeste,80.0,14 dias,14.0,336,80.0,expansao
72,0.55,336,184.8,10.0,25.0,0.0,0.6,CP V ARI,7 dias úmida / 56 dias ar 50% umidade,Laboratório,SP,Sudeste,-220.0,28 dias,28.0,672,220.0,retracao
72,0.55,336,184.8,10.0,25.0,0.0,0.6,CP V ARI,7 dias úmida / 56 dias ar 50% umidade,Laboratório,SP,Sudeste,-310.0,56 dias,56.0,1344,310.0,retracao
73,0.51,380,193.8,0.0,0.0,0.0,0.6,CP II Z 40,7 dias úmida / 56 dias ar 50% umidade,Não informado,DF,Centro Oeste,0.0,12 h,0.5,12,0.0,estabilidade
73,0.51,380,193.8,0.0,0.0,0.0,0.6,CP II Z 40,7 dias úmida / 56 dias ar 50% umidade,Não informado,DF,Centro Oeste,-30.0,1 dia,1.0,24,30.0,retracao
73,0.51,380,193.8,0.0,0.0,0.0,0.6,CP II Z 40,7 dias úmida / 56 dias ar 50% umidade,Não informado,DF,Centro Oeste,-80.0,3 dias,3.0,72,80.0,retracao
73,0.51,380,193.8,0.0,0.0,0.0,0.6,CP II Z 40,7 dias úmida / 56 dias ar 50% umidade,Não informado,DF,Centro Oeste,-110.0,7 dias,7.0,168,110.0,retracao
73,0.51,380,193.8,0.0,0.0,0.0,0.6,CP II Z 40,7 dias úmida / 56 dias ar 50% umidade,Não informado,DF,Centro Oeste,-200.0,14 dias,14.0,336,200.0,retracao
73,0.51,380,193.8,0.0,0.0,0.0,0.6,CP II Z 40,7 dias úmida / 56 dias ar 50% umidade,Não informado,DF,Centro Oeste,-320.0,28 dias,28.0,672,320.0,retracao
73,0.51,380,193.8,0.0,0.0,0.0,0.6,CP II Z 40,7 dias úmida / 56 dias ar 50% umidade,Não informado,DF,Centro Oeste,-450.0,56 dias,56.0,1344,450.0,retracao
74,0.521,380,197.98000000000002,10.0,0.0,0.0,0.6,CP II F 32 RS,7 dias úmida / 56 dias ar 50% umidade,Não informado,AM,Norte,0.0,12 h,0.5,12,0.0,estabilidade
74,0.521,380,197.98000000000002,10.0,0.0,0.0,0.6,CP II F 32 RS,7 dias úmida / 56 dias ar 50% umidade,Não informado,AM,Norte,80.0,1 dia,1.0,24,80.0,expansao
74,0.521,380,197.98000000000002,10.0,0.0,0.0,0.6,CP II F 32 RS,7 dias úmida / 56 dias ar 50% umidade,Não informado,AM,Norte,120.0,3 dias,3.0,72,120.0,expansao
74,0.521,380,197.98000000000002,10.0,0.0,0.0,0.6,CP II F 32 RS,7 dias úmida / 56 dias ar 50% umidade,Não informado,AM,Norte,150.0,7 dias,7.0,168,150.0,expansao
74,0.521,380,197.98000000000002,10.0,0.0,0.0,0.6,CP II F 32 RS,7 dias úmida / 56 dias ar 50% umidade,Não informado,AM,Norte,-50.0,14 dias,14.0,336,50.0,retracao
74,0.521,380,197.98000000000002,10.0,0.0,0.0,0.6,CP II F 32 RS,7 dias úmida / 56 dias ar 50% umidade,Não informado,AM,Norte,-170.0,28 dias,28.0,672,170.0,retracao
74,0.521,380,197.98000000000002,10.0,0.0,0.0,0.6,CP II F 32 RS,7 dias úmida / 56 dias ar 50% umidade,Não informado,AM,Norte,-310.0,56 dias,56.0,1344,310.0,retracao
75,0.51,412,210.12,10.0,0.0,0.0,0.0,CP II F 40,7 dias úmida / 56 dias ar 50% umidade,Não informado,PE,Nordeste,0.0,12 h,0.5,12,0.0,estabilidade
75,0.51,412,210.12,10.0,0.0,0.0,0.0,CP II F 40,7 dias úmida / 56 dias ar 50% umidade,Não informado,PE,Nordeste,10.0,1 dia,1.0,24,10.0,expansao
75,0.51,412,210.12,10.0,0.0,0.0,0.0,CP II F 40,7 dias úmida / 56 dias ar 50% umidade,Não informado,PE,Nordeste,30.0,3 dias,3.0,72,30.0,expansao
75,0.51,412,210.12,10.0,0.0,0.0,0.0,CP II F 40,7 dias úmida / 56 dias ar 50% umidade,Não informado,PE,Nordeste,70.0,7 dias,7.0,168,70.0,expansao
75,0.51,412,210.12,10.0,0.0,0.0,0.0,CP II F 40,7 dias úmida / 56 dias ar 50% umidade,Não informado,PE,Nordeste,-150.0,14 dias,14.0,336,150.0,retracao
75,0.51,412,210.12,10.0,0.0,0.0,0.0,CP II F 40,7 dias úmida / 56 dias ar 50% umidade,Não informado,PE,Nordeste,-230.0,28 dias,28.0,672,230.0,retracao
75,0.51,412,210.12,10.0,0.0,0.0,0.0,CP II F 40,7 dias úmida / 56 dias ar 50% umidade,Não informado,PE,Nordeste,-310.0,56 dias,56.0,1344,310.0,retracao
76,0.55,337,185.35000000000002,0.0,0.0,5.5,0.6,CP II E 40,7 dias úmida / 56 dias ar 50% umidade,Laboratório,SP,Sudeste,0.0,12 h,0.5,12,0.0,estabilidade
76,0.55,337,185.35000000000002,0.0,0.0,5.5,0.6,CP II E 40,7 dias úmida / 56 dias ar 50% umidade,Laboratório,SP,Sudeste,-60.0,1 dia,1.0,24,60.0,retracao
76,0.55,337,185.35000000000002,0.0,0.0,5.5,0.6,CP II E 40,7 dias úmida / 56 dias ar 50% umidade,Laboratório,SP,Sudeste,-100.0,3 dias,3.0,72,100.0,retracao
76,0.55,337,185.35000000000002,0.0,0.0,5.5,0.6,CP II E 40,7 dias úmida / 56 dias ar 50% umidade,Laboratório,SP,Sudeste,-150.0,7 dias,7.0,168,150.0,retracao
76,0.55,337,185.35000000000002,0.0,0.0,5.5,0.6,CP II E 40,7 dias úmida / 56 dias ar 50% umidade,Laboratório,SP,Sudeste,-210.0,14 dias,14.0,336,210.0,retracao
76,0.55,337,185.35000000000002,0.0,0.0,5.5,0.6,CP II E 40,7 dias úmida / 56 dias ar 50% umidade,Laboratório,SP,Sudeste,-300.0,28 dias,28.0,672,300.0,retracao
76,0.55,337,185.35000000000002,0.0,0.0,5.5,0.6,CP II E 40,7 dias úmida / 56 dias ar 50% umidade,Laboratório,SP,Sudeste,-450.0,56 dias,56.0,1344,450.0,retracao
77,0.5,370,185.0,15.0,0.0,0.0,0.6,CP V ARI RS,7 dias úmida / 56 dias ar 50% umidade,Não informado,RJ,Sudeste,0.0,12 h,0.5,12,0.0,estabilidade
77,0.5,370,185.0,15.0,0.0,0.0,0.6,CP V ARI RS,7 dias úmida / 56 dias ar 50% umidade,Não informado,RJ,Sudeste,30.0,1 dia,1.0,24,30.0,expansao
77,0.5,370,185.0,15.0,0.0,0.0,0.6,CP V ARI RS,7 dias úmida / 56 dias ar 50% umidade,Não informado,RJ,Sudeste,-50.0,3 dias,3.0,72,50.0,retracao
77,0.5,370,185.0,15.0,0.0,0.0,0.6,CP V ARI RS,7 dias úmida / 56 dias ar 50% umidade,Não informado,RJ,Sudeste,-90.0,7 dias,7.0,168,90.0,retracao
77,0.5,370,185.0,15.0,0.0,0.0,0.6,CP V ARI RS,7 dias úmida / 56 dias ar 50% umidade,Não informado,RJ,Sudeste,-150.0,14 dias,14.0,336,150.0,retracao
77,0.5,370,185.0,15.0,0.0,0.0,0.6,CP V ARI RS,7 dias úmida / 56 dias ar 50% umidade,Não informado,RJ,Sudeste,-200.0,28 dias,28.0,672,200.0,retracao
77,0.5,370,185.0,15.0,0.0,0.0,0.6,CP V ARI RS,7 dias úmida / 56 dias ar 50% umidade,Não informado,RJ,Sudeste,-310.0,56 dias,56.0,1344,310.0,retracao
78,0.54,341,184.14000000000001,12.5,25.0,0.0,0.6,CP II F 40,7 dias úmida / 56 dias ar 50% umidade,Laboratório,SP,Sudeste,0.0,12 h,0.5,12,0.0,estabilidade
78,0.54,341,184.14000000000001,12.5,25.0,0.0,0.6,CP II F 40,7 dias úmida / 56 dias ar 50% umidade,Laboratório,SP,Sudeste,60.0,1 dia,1.0,24,60.0,expansao
78,0.54,341,184.14000000000001,12.5,25.0,0.0,0.6,CP II F 40,7 dias úmida / 56 dias ar 50% umidade,Laboratório,SP,Sudeste,90.0,3 dias,3.0,72,90.0,expansao
78,0.54,341,184.14000000000001,12.5,25.0,0.0,0.6,CP II F 40,7 dias úmida / 56 dias ar 50% umidade,Laboratório,SP,Sudeste,120.0,7 dias,7.0,168,120.0,expansao
78,0.54,341,184.14000000000001,12.5,25.0,0.0,0.6,CP II F 40,7 dias úmida / 56 dias ar 50% umidade,Laboratório,SP,Sudeste,-30.0,14 dias,14.0,336,30.0,retracao
78,0.54,341,184.14000000000001,12.5,25.0,0.0,0.6,CP II F 40,7 dias úmida / 56 dias ar 50% umidade,Laboratório,SP,Sudeste,-140.0,28 dias,28.0,672,140.0,retracao
78,0.54,341,184.14000000000001,12.5,25.0,0.0,0.6,CP II F 40,7 dias úmida / 56 dias ar 50% umidade,Laboratório,SP,Sudeste,-310.0,56 dias,56.0,1344,310.0,retracao
79,0.55,370,203.50000000000003,0.0,0.0,5.5,0.6,CP V ARI RS,7 dias úmida / 56 dias ar 50% umidade,Não informado,PB,Nordeste,0.0,12 h,0.5,12,0.0,estabilidade
79,0.55,370,203.50000000000003,0.0,0.0,5.5,0.6,CP V ARI RS,7 dias úmida / 56 dias ar 50% umidade,Não informado,PB,Nordeste,-70.0,1 dia,1.0,24,70.0,retracao
79,0.55,370,203.50000000000003,0.0,0.0,5.5,0.6,CP V ARI RS,7 dias úmida / 56 dias ar 50% umidade,Não informado,PB,Nordeste,-90.0,3 dias,3.0,72,90.0,retracao
79,0.55,370,203.50000000000003,0.0,0.0,5.5,0.6,CP V ARI RS,7 dias úmida / 56 dias ar 50% umidade,Não informado,PB,Nordeste,-130.0,7 dias,7.0,168,130.0,retracao
79,0.55,370,203.50000000000003,0.0,0.0,5.5,0.6,CP V ARI RS,7 dias úmida / 56 dias ar 50% umidade,Não informado,PB,Nordeste,-200.0,14 dias,14.0,336,200.0,retracao
79,0.55,370,203.50000000000003,0.0,0.0,5.5,0.6,CP V ARI RS,7 dias úmida / 56 dias ar 50% umidade,Não informado,PB,Nordeste,-320.0,28 dias,28.0,672,320.0,retracao
79,0.55,370,203.50000000000003,0.0,0.0,5.5,0.6,CP V ARI RS,7 dias úmida / 56 dias ar 50% umidade,Não informado,PB,Nordeste,-440.0,56 dias,56.0,1344,440.0,retracao
80,0.55,336,184.8,10.0,0.0,0.0,0.0,CP V ARI,7 dias úmida / 56 dias ar 50% umidade,Não informado,PE,Nordeste,0.0,12 h,0.5,12,0.0,estabilidade
80,0.55,336,184.8,10.0,0.0,0.0,0.0,CP V ARI,7 dias úmida / 56 dias ar 50% umidade,Não informado,PE,Nordeste,60.0,1 dia,1.0,24,60.0,expansao
80,0.55,336,184.8,10.0,0.0,0.0,0.0,CP V ARI,7 dias úmida / 56 dias ar 50% umidade,Não informado,PE,Nordeste,80.0,3 dias,3.0,72,80.0,expansao
80,0.55,336,184.8,10.0,0.0,0.0,0.0,CP V ARI,7 dias úmida / 56 dias ar 50% umidade,Não informado,PE,Nordeste,120.0,7 dias,7.0,168,120.0,expansao
80,0.55,336,184.8,10.0,0.0,0.0,0.0,CP V ARI,7 dias úmida / 56 dias ar 50% umidade,Não informado,PE,Nordeste,80.0,14 dias,14.0,336,80.0,expansao
80,0.55,336,184.8,10.0,0.0,0.0,0.0,CP V ARI,7 dias úmida / 56 dias ar 50% umidade,Não informado,PE,Nordeste,-220.0,28 dias,28.0,672,220.0,retracao
80,0.55,336,184.8,10.0,0.0,0.0,0.0,CP V ARI,7 dias úmida / 56 dias ar 50% umidade,Não informado,PE,Nordeste,-310.0,56 dias,56.0,1344,310.0,retracao
81,0.55,345,189.75000000000003,12.5,0.0,5.5,0.0,CP II E 40,7 dias úmida / 56 dias ar 50% umidade,Laboratório,SP,Sudeste,0.0,12 h,0.5,12,0.0,estabilidade
81,0.55,345,189.75000000000003,12.5,0.0,5.5,0.0,CP II E 40,7 dias úmida / 56 dias ar 50% umidade,Laboratório,SP,Sudeste,40.0,1 dia,1.0,24,40.0,expansao
81,0.55,345,189.75000000000003,12.5,0.0,5.5,0.0,CP II E 40,7 dias úmida / 56 dias ar 50% umidade,Laboratório,SP,Sudeste,90.0,3 dias,3.0,72,90.0,expansao
81,0.55,345,189.75000000000003,12.5,0.0,5.5,0.0,CP II E 40,7 dias úmida / 56 dias ar 50% umidade,Laboratório,SP,Sudeste,120.0,7 dias,7.0,168,120.0,expansao
81,0.55,345,189.75000000000003,12.5,0.0,5.5,0.0,CP II E 40,7 dias úmida / 56 dias ar 50% umidade,Laboratório,SP,Sudeste,-50.0,14 dias,14.0,336,50.0,retracao
81,0.55,345,189.75000000000003,12.5,0.0,5.5,0.0,CP II E 40,7 dias úmida / 56 dias ar 50% umidade,Laboratório,SP,Sudeste,-130.0,28 dias,28.0,672,130.0,retracao
81,0.55,345,189.75000000000003,12.5,0.0,5.5,0.0,CP II E 40,7 dias úmida / 56 dias ar 50% umidade,Laboratório,SP,Sudeste,-310.0,56 dias,56.0,1344,310.0,retracao
82,0.47,370,173.89999999999998,0.0,0.0,5.625,0.6,CP V ARI RS,7 dias úmida / 56 dias ar 50% umidade,Não informado,RJ,Sudeste,0.0,12 h,0.5,12,0.0,estabilidade
82,0.47,370,173.89999999999998,0.0,0.0,5.625,0.6,CP V ARI RS,7 dias úmida / 56 dias ar 50% umidade,Não informado,RJ,Sudeste,-90.0,1 dia,1.0,24,90.0,retracao
82,0.47,370,173.89999999999998,0.0,0.0,5.625,0.6,CP V ARI RS,7 dias úmida / 56 dias ar 50% umidade,Não informado,RJ,Sudeste,-140.0,3 dias,3.0,72,140.0,retracao
82,0.47,370,173.89999999999998,0.0,0.0,5.625,0.6,CP V ARI RS,7 dias úmida / 56 dias ar 50% umidade,Não informado,RJ,Sudeste,-210.0,7 dias,7.0,168,210.0,retracao
82,0.47,370,173.89999999999998,0.0,0.0,5.625,0.6,CP V ARI RS,7 dias úmida / 56 dias ar 50% umidade,Não informado,RJ,Sudeste,-270.0,14 dias,14.0,336,270.0,retracao
82,0.47,370,173.89999999999998,0.0,0.0,5.625,0.6,CP V ARI RS,7 dias úmida / 56 dias ar 50% umidade,Não informado,RJ,Sudeste,-320.0,28 dias,28.0,672,320.0,retracao
82,0.47,370,173.89999999999998,0.0,0.0,5.625,0.6,CP V ARI RS,7 dias úmida / 56 dias ar 50% umidade,Não informado,RJ,Sudeste,-440.0,56 dias,56.0,1344,440.0,retracao
83,0.54,340,183.60000000000002,15.0,0.0,5.5,0.6,CP II E 40,7 dias úmida / 56 dias ar 50% umidade,Não informado,TO,Nordeste,0.0,12 h,0.5,12,0.0,estabilidade
83,0.54,340,183.60000000000002,15.0,0.0,5.5,0.6,CP II E 40,7 dias úmida / 56 dias ar 50% umidade,Não informado,TO,Nordeste,30.0,1 dia,1.0,24,30.0,expansao
83,0.54,340,183.60000000000002,15.0,0.0,5.5,0.6,CP II E 40,7 dias úmida / 56 dias ar 50% umidade,Não informado,TO,Nordeste,90.0,3 dias,3.0,72,90.0,expansao
83,0.54,340,183.60000000000002,15.0,0.0,5.5,0.6,CP II E 40,7 dias úmida / 56 dias ar 50% umidade,Não informado,TO,Nordeste,150.0,7 dias,7.0,168,150.0,expansao
83,0.54,340,183.60000000000002,15.0,0.0,5.5,0.6,CP II E 40,7 dias úmida / 56 dias ar 50% umidade,Não informado,TO,Nordeste,10.0,14 dias,14.0,336,10.0,expansao
83,0.54,340,183.60000000000002,15.0,0.0,5.5,0.6,CP II E 40,7 dias úmida / 56 dias ar 50% umidade,Não informado,TO,Nordeste,-180.0,28 dias,28.0,672,180.0,retracao
83,0.54,340,183.60000000000002,15.0,0.0,5.5,0.6,CP II E 40,7 dias úmida / 56 dias ar 50% umidade,Não informado,TO,Nordeste,-310.0,56 dias,56.0,1344,310.0,retracao
84,0.53,370,196.10000000000002,12.5,0.0,0.0,0.6,CP III RS,7 dias úmida / 56 dias ar 50% umidade,Não informado,RJ,Sudeste,0.0,12 h,0.5,12,0.0,estabilidade
84,0.53,370,196.10000000000002,12.5,0.0,0.0,0.6,CP III RS,7 dias úmida / 56 dias ar 50% umidade,Não informado,RJ,Sudeste,30.0,1 dia,1.0,24,30.0,expansao
84,0.53,370,196.10000000000002,12.5,0.0,0.0,0.6,CP III RS,7 dias úmida / 56 dias ar 50% umidade,Não informado,RJ,Sudeste,70.0,3 dias,3.0,72,70.0,expansao
84,0.53,370,196.10000000000002,12.5,0.0,0.0,0.6,CP III RS,7 dias úmida / 56 dias ar 50% umidade,Não informado,RJ,Sudeste,120.0,7 dias,7.0,168,120.0,expansao
84,0.53,370,196.10000000000002,12.5,0.0,0.0,0.6,CP III RS,7 dias úmida / 56 dias ar 50% umidade,Não informado,RJ,Sudeste,-50.0,14 dias,14.0,336,50.0,retracao
84,0.53,370,196.10000000000002,12.5,0.0,0.0,0.6,CP III RS,7 dias úmida / 56 dias ar 50% umidade,Não informado,RJ,Sudeste,-150.0,28 dias,28.0,672,150.0,retracao
84,0.53,370,196.10000000000002,12.5,0.0,0.0,0.6,CP III RS,7 dias úmida / 56 dias ar 50% umidade,Não informado,RJ,Sudeste,-310.0,56 dias,56.0,1344,310.0,retracao
85,0.53,350,185.5,0.0,0.0,0.0,0.6,CP V ARI,7 dias úmida / 56 dias ar 50% umidade,Não informado,SP ,Sudeste,0.0,12 h,0.5,12,0.0,estabilidade
85,0.53,350,185.5,0.0,0.0,0.0,0.6,CP V ARI,7 dias úmida / 56 dias ar 50% umidade,Não informado,SP ,Sudeste,-40.0,1 dia,1.0,24,40.0,retracao
85,0.53,350,185.5,0.0,0.0,0.0,0.6,CP V ARI,7 dias úmida / 56 dias ar 50% umidade,Não informado,SP ,Sudeste,-90.0,3 dias,3.0,72,90.0,retracao
85,0.53,350,185.5,0.0,0.0,0.0,0.6,CP V ARI,7 dias úmida / 56 dias ar 50% umidade,Não informado,SP ,Sudeste,-140.0,7 dias,7.0,168,140.0,retracao
85,0.53,350,185.5,0.0,0.0,0.0,0.6,CP V ARI,7 dias úmida / 56 dias ar 50% umidade,Não informado,SP ,Sudeste,-220.0,14 dias,14.0,336,220.0,retracao
85,0.53,350,185.5,0.0,0.0,0.0,0.6,CP V ARI,7 dias úmida / 56 dias ar 50% umidade,Não informado,SP ,Sudeste,-300.0,28 dias,28.0,672,300.0,retracao
85,0.53,350,185.5,0.0,0.0,0.0,0.6,CP V ARI,7 dias úmida / 56 dias ar 50% umidade,Não informado,SP ,Sudeste,-440.0,56 dias,56.0,1344,440.0,retracao
86,0.61,330,201.29999999999998,10.0,0.0,0.0,0.3,CP V ARI,7 dias úmida / 56 dias ar 50% umidade,Laboratório,SP,Sudeste,0.0,12 h,0.5,12,0.0,estabilidade
86,0.61,330,201.29999999999998,10.0,0.0,0.0,0.3,CP V ARI,7 dias úmida / 56 dias ar 50% umidade,Laboratório,SP,Sudeste,40.0,1 dia,1.0,24,40.0,expansao
86,0.61,330,201.29999999999998,10.0,0.0,0.0,0.3,CP V ARI,7 dias úmida / 56 dias ar 50% umidade,Laboratório,SP,Sudeste,70.0,3 dias,3.0,72,70.0,expansao
86,0.61,330,201.29999999999998,10.0,0.0,0.0,0.3,CP V ARI,7 dias úmida / 56 dias ar 50% umidade,Laboratório,SP,Sudeste,90.0,7 dias,7.0,168,90.0,expansao
86,0.61,330,201.29999999999998,10.0,0.0,0.0,0.3,CP V ARI,7 dias úmida / 56 dias ar 50% umidade,Laboratório,SP,Sudeste,-30.0,14 dias,14.0,336,30.0,retracao
86,0.61,330,201.29999999999998,10.0,0.0,0.0,0.3,CP V ARI,7 dias úmida / 56 dias ar 50% umidade,Laboratório,SP,Sudeste,-150.0,28 dias,28.0,672,150.0,retracao
86,0.61,330,201.29999999999998,10.0,0.0,0.0,0.3,CP V ARI,7 dias úmida / 56 dias ar 50% umidade,Laboratório,SP,Sudeste,-310.0,56 dias,56.0,1344,310.0,retracao
87,0.55,336,184.8,15.0,0.0,5.5,0.6,CP II E 40,7 dias úmida / 56 dias ar 50% umidade,Não informado,SP,Sudeste,0.0,12 h,0.5,12,0.0,estabilidade
87,0.55,336,184.8,15.0,0.0,5.5,0.6,CP II E 40,7 dias úmida / 56 dias ar 50% umidade,Não informado,SP,Sudeste,40.0,1 dia,1.0,24,40.0,expansao
87,0.55,336,184.8,15.0,0.0,5.5,0.6,CP II E 40,7 dias úmida / 56 dias ar 50% umidade,Não informado,SP,Sudeste,110.0,3 dias,3.0,72,110.0,expansao
87,0.55,336,184.8,15.0,0.0,5.5,0.6,CP II E 40,7 dias úmida / 56 dias ar 50% umidade,Não informado,SP,Sudeste,150.0,7 dias,7.0,168,150.0,expansao
87,0.55,336,184.8,15.0,0.0,5.5,0.6,CP II E 40,7 dias úmida / 56 dias ar 50% umidade,Não informado,SP,Sudeste,0.0,14 dias,14.0,336,0.0,estabilidade
87,0.55,336,184.8,15.0,0.0,5.5,0.6,CP II E 40,7 dias úmida / 56 dias ar 50% umidade,Não informado,SP,Sudeste,-90.0,28 dias,28.0,672,90.0,retracao
87,0.55,336,184.8,15.0,0.0,5.5,0.6,CP II E 40,7 dias úmida / 56 dias ar 50% umidade,Não informado,SP,Sudeste,-300.0,56 dias,56.0,1344,300.0,retracao
88,0.55,336,184.8,0.0,0.0,0.0,0.6,CP II E 40,7 dias úmida / 56 dias ar 50% umidade,Não informado,SP,Sudeste,0.0,12 h,0.5,12,0.0,estabilidade
88,0.55,336,184.8,0.0,0.0,0.0,0.6,CP II E 40,7 dias úmida / 56 dias ar 50% umidade,Não informado,SP,Sudeste,-50.0,1 dia,1.0,24,50.0,retracao
88,0.55,336,184.8,0.0,0.0,0.0,0.6,CP II E 40,7 dias úmida / 56 dias ar 50% umidade,Não informado,SP,Sudeste,-90.0,3 dias,3.0,72,90.0,retracao
88,0.55,336,184.8,0.0,0.0,0.0,0.6,CP II E 40,7 dias úmida / 56 dias ar 50% umidade,Não informado,SP,Sudeste,-160.0,7 dias,7.0,168,160.0,retracao
88,0.55,336,184.8,0.0,0.0,0.0,0.6,CP II E 40,7 dias úmida / 56 dias ar 50% umidade,Não informado,SP,Sudeste,-200.0,14 dias,14.0,336,200.0,retracao
88,0.55,336,184.8,0.0,0.0,0.0,0.6,CP II E 40,7 dias úmida / 56 dias ar 50% umidade,Não informado,SP,Sudeste,-310.0,28 dias,28.0,672,310.0,retracao
88,0.55,336,184.8,0.0,0.0,0.0,0.6,CP II E 40,7 dias úmida / 56 dias ar 50% umidade,Não informado,SP,Sudeste,-440.0,56 dias,56.0,1344,440.0,retracao
89,0.55,336,184.8,15.0,0.0,5.5,0.6,CP II E 40,7 dias úmida / 56 dias ar 50% umidade,Não informado,SP,Sudeste,0.0,12 h,0.5,12,0.0,estabilidade
89,0.55,336,184.8,15.0,0.0,5.5,0.6,CP II E 40,7 dias úmida / 56 dias ar 50% umidade,Não informado,SP,Sudeste,40.0,1 dia,1.0,24,40.0,expansao
89,0.55,336,184.8,15.0,0.0,5.5,0.6,CP II E 40,7 dias úmida / 56 dias ar 50% umidade,Não informado,SP,Sudeste,100.0,3 dias,3.0,72,100.0,expansao
89,0.55,336,184.8,15.0,0.0,5.5,0.6,CP II E 40,7 dias úmida / 56 dias ar 50% umidade,Não informado,SP,Sudeste,150.0,7 dias,7.0,168,150.0,expansao
89,0.55,336,184.8,15.0,0.0,5.5,0.6,CP II E 40,7 dias úmida / 56 dias ar 50% umidade,Não informado,SP,Sudeste,-10.0,14 dias,14.0,336,10.0,retracao
89,0.55,336,184.8,15.0,0.0,5.5,0.6,CP II E 40,7 dias úmida / 56 dias ar 50% umidade,Não informado,SP,Sudeste,-130.0,28 dias,28.0,672,130.0,retracao
89,0.55,336,184.8,15.0,0.0,5.5,0.6,CP II E 40,7 dias úmida / 56 dias ar 50% umidade,Não informado,SP,Sudeste,-300.0,56 dias,56.0,1344,300.0,retracao
90,0.55,345,189.75000000000003,0.0,0.0,5.5,0.0,CP II E 40,7 dias úmida / 56 dias ar 50% umidade,Laboratório,SP,Sudeste,0.0,12 h,0.5,12,0.0,estabilidade
90,0.55,345,189.75000000000003,0.0,0.0,5.5,0.0,CP II E 40,7 dias úmida / 56 dias ar 50% umidade,Laboratório,SP,Sudeste,-30.0,1 dia,1.0,24,30.0,retracao
90,0.55,345,189.75000000000003,0.0,0.0,5.5,0.0,CP II E 40,7 dias úmida / 56 dias ar 50% umidade,Laboratório,SP,Sudeste,-70.0,3 dias,3.0,72,70.0,retracao
90,0.55,345,189.75000000000003,0.0,0.0,5.5,0.0,CP II E 40,7 dias úmida / 56 dias ar 50% umidade,Laboratório,SP,Sudeste,-120.0,7 dias,7.0,168,120.0,retracao
90,0.55,345,189.75000000000003,0.0,0.0,5.5,0.0,CP II E 40,7 dias úmida / 56 dias ar 50% umidade,Laboratório,SP,Sudeste,-190.0,14 dias,14.0,336,190.0,retracao
90,0.55,345,189.75000000000003,0.0,0.0,5.5,0.0,CP II E 40,7 dias úmida / 56 dias ar 50% umidade,Laboratório,SP,Sudeste,-260.0,28 dias,28.0,672,260.0,retracao
90,0.55,345,189.75000000000003,0.0,0.0,5.5,0.0,CP II E 40,7 dias úmida / 56 dias ar 50% umidade,Laboratório,SP,Sudeste,-440.0,56 dias,56.0,1344,440.0,retracao
91,0.55,327,179.85000000000002,12.5,0.0,0.0,0.6,CP II E 40,7 dias úmida / 56 dias ar 50% umidade,Não informado,SP,Sudeste,0.0,12 h,0.5,12,0.0,estabilidade
91,0.55,327,179.85000000000002,12.5,0.0,0.0,0.6,CP II E 40,7 dias úmida / 56 dias ar 50% umidade,Não informado,SP,Sudeste,30.0,1 dia,1.0,24,30.0,expansao
91,0.55,327,179.85000000000002,12.5,0.0,0.0,0.6,CP II E 40,7 dias úmida / 56 dias ar 50% umidade,Não informado,SP,Sudeste,80.0,3 dias,3.0,72,80.0,expansao
91,0.55,327,179.85000000000002,12.5,0.0,0.0,0.6,CP II E 40,7 dias úmida / 56 dias ar 50% umidade,Não informado,SP,Sudeste,110.0,7 dias,7.0,168,110.0,expansao
91,0.55,327,179.85000000000002,12.5,0.0,0.0,0.6,CP II E 40,7 dias úmida / 56 dias ar 50% umidade,Não informado,SP,Sudeste,-50.0,14 dias,14.0,336,50.0,retracao
91,0.55,327,179.85000000000002,12.5,0.0,0.0,0.6,CP II E 40,7 dias úmida / 56 dias ar 50% umidade,Não informado,SP,Sudeste,-160.0,28 dias,28.0,672,160.0,retracao
91,0.55,327,179.85000000000002,12.5,0.0,0.0,0.6,CP II E 40,7 dias úmida / 56 dias ar 50% umidade,Não informado,SP,Sudeste,-300.0,56 dias,56.0,1344,300.0,retracao
92,0.61,330,201.29999999999998,0.0,0.0,0.0,0.3,CP V ARI,7 dias úmida / 56 dias ar 50% umidade,Laboratório,SP,Sudeste,0.0,12 h,0.5,12,0.0,estabilidade
92,0.61,330,201.29999999999998,0.0,0.0,0.0,0.3,CP V ARI,7 dias úmida / 56 dias ar 50% umidade,Laboratório,SP,Sudeste,-30.0,1 dia,1.0,24,30.0,retracao
92,0.61,330,201.29999999999998,0.0,0.0,0.0,0.3,CP V ARI,7 dias úmida / 56 dias ar 50% umidade,Laboratório,SP,Sudeste,-100.0,3 dias,3.0,72,100.0,retracao
92,0.61,330,201.29999999999998,0.0,0.0,0.0,0.3,CP V ARI,7 dias úmida / 56 dias ar 50% umidade,Laboratório,SP,Sudeste,-150.0,7 dias,7.0,168,150.0,retracao
92,0.61,330,201.29999999999998,0.0,0.0,0.0,0.3,CP V ARI,7 dias úmida / 56 dias ar 50% umidade,Laboratório,SP,Sudeste,-210.0,14 dias,14.0,336,210.0,retracao
92,0.61,330,201.29999999999998,0.0,0.0,0.0,0.3,CP V ARI,7 dias úmida / 56 dias ar 50% umidade,Laboratório,SP,Sudeste,-290.0,28 dias,28.0,672,290.0,retracao
92,0.61,330,201.29999999999998,0.0,0.0,0.0,0.3,CP V ARI,7 dias úmida / 56 dias ar 50% umidade,Laboratório,SP,Sudeste,-440.0,56 dias,56.0,1344,440.0,retracao
93,0.55,337,185.35000000000002,12.5,25.0,0.0,0.6,CP II E 40,7 dias úmida / 56 dias ar 50% umidade,Laboratório,SP,Sudeste,0.0,12 h,0.5,12,0.0,estabilidade
93,0.55,337,185.35000000000002,12.5,25.0,0.0,0.6,CP II E 40,7 dias úmida / 56 dias ar 50% umidade,Laboratório,SP,Sudeste,30.0,1 dia,1.0,24,30.0,expansao
93,0.55,337,185.35000000000002,12.5,25.0,0.0,0.6,CP II E 40,7 dias úmida / 56 dias ar 50% umidade,Laboratório,SP,Sudeste,70.0,3 dias,3.0,72,70.0,expansao
93,0.55,337,185.35000000000002,12.5,25.0,0.0,0.6,CP II E 40,7 dias úmida / 56 dias ar 50% umidade,Laboratório,SP,Sudeste,100.0,7 dias,7.0,168,100.0,expansao
93,0.55,337,185.35000000000002,12.5,25.0,0.0,0.6,CP II E 40,7 dias úmida / 56 dias ar 50% umidade,Laboratório,SP,Sudeste,-70.0,14 dias,14.0,336,70.0,retracao
93,0.55,337,185.35000000000002,12.5,25.0,0.0,0.6,CP II E 40,7 dias úmida / 56 dias ar 50% umidade,Laboratório,SP,Sudeste,-170.0,28 dias,28.0,672,170.0,retracao
93,0.55,337,185.35000000000002,12.5,25.0,0.0,0.6,CP II E 40,7 dias úmida / 56 dias ar 50% umidade,Laboratório,SP,Sudeste,-300.0,56 dias,56.0,1344,300.0,retracao
94,0.51,336,171.36,0.0,0.0,5.5,0.6,Não informado,7 dias úmida / 56 dias ar 50% umidade,Não informado,SE,Nordeste,0.0,12 h,0.5,12,0.0,estabilidade
94,0.51,336,171.36,0.0,0.0,5.5,0.6,Não informado,7 dias úmida / 56 dias ar 50% umidade,Não informado,SE,Nordeste,-50.0,1 dia,1.0,24,50.0,retracao
94,0.51,336,171.36,0.0,0.0,5.5,0.6,Não informado,7 dias úmida / 56 dias ar 50% umidade,Não informado,SE,Nordeste,-100.0,3 dias,3.0,72,100.0,retracao
94,0.51,336,171.36,0.0,0.0,5.5,0.6,Não informado,7 dias úmida / 56 dias ar 50% umidade,Não informado,SE,Nordeste,-160.0,7 dias,7.0,168,160.0,retracao
94,0.51,336,171.36,0.0,0.0,5.5,0.6,Não informado,7 dias úmida / 56 dias ar 50% umidade,Não informado,SE,Nordeste,-260.0,14 dias,14.0,336,260.0,retracao
94,0.51,336,171.36,0.0,0.0,5.5,0.6,Não informado,7 dias úmida / 56 dias ar 50% umidade,Não informado,SE,Nordeste,-340.0,28 dias,28.0,672,340.0,retracao
94,0.51,336,171.36,0.0,0.0,5.5,0.6,Não informado,7 dias úmida / 56 dias ar 50% umidade,Não informado,SE,Nordeste,-440.0,56 dias,56.0,1344,440.0,retracao
95,0.55,336,184.8,15.0,25.0,6.0,0.6,CP V ARI,Não informado,Não informado,SP,Sudeste,0.0,12 h,0.5,12,0.0,estabilidade
95,0.55,336,184.8,15.0,25.0,6.0,0.6,CP V ARI,Não informado,Não informado,SP,Sudeste,20.0,1 dia,1.0,24,20.0,expansao
95,0.55,336,184.8,15.0,25.0,6.0,0.6,CP V ARI,Não informado,Não informado,SP,Sudeste,80.0,3 dias,3.0,72,80.0,expansao
95,0.55,336,184.8,15.0,25.0,6.0,0.6,CP V ARI,Não informado,Não informado,SP,Sudeste,120.0,7 dias,7.0,168,120.0,expansao
95,0.55,336,184.8,15.0,25.0,6.0,0.6,CP V ARI,Não informado,Não informado,SP,Sudeste,-20.0,14 dias,14.0,336,20.0,retracao
95,0.55,336,184.8,15.0,25.0,6.0,0.6,CP V ARI,Não informado,Não informado,SP,Sudeste,-120.0,28 dias,28.0,672,120.0,retracao
95,0.55,336,184.8,15.0,25.0,6.0,0.6,CP V ARI,Não informado,Não informado,SP,Sudeste,-300.0,56 dias,56.0,1344,300.0,retracao
96,0.528,360,190.08,10.0,0.0,0.0,0.6,CP II F 32 RS,7 dias úmida / 56 dias ar 50% umidade,Não informado,AM,Norte,0.0,12 h,0.5,12,0.0,estabilidade
96,0.528,360,190.08,10.0,0.0,0.0,0.6,CP II F 32 RS,7 dias úmida / 56 dias ar 50% umidade,Não informado,AM,Norte,90.0,1 dia,1.0,24,90.0,expansao
96,0.528,360,190.08,10.0,0.0,0.0,0.6,CP II F 32 RS,7 dias úmida / 56 dias ar 50% umidade,Não informado,AM,Norte,140.0,3 dias,3.0,72,140.0,expansao
96,0.528,360,190.08,10.0,0.0,0.0,0.6,CP II F 32 RS,7 dias úmida / 56 dias ar 50% umidade,Não informado,AM,Norte,160.0,7 dias,7.0,168,160.0,expansao
96,0.528,360,190.08,10.0,0.0,0.0,0.6,CP II F 32 RS,7 dias úmida / 56 dias ar 50% umidade,Não informado,AM,Norte,-50.0,14 dias,14.0,336,50.0,retracao
96,0.528,360,190.08,10.0,0.0,0.0,0.6,CP II F 32 RS,7 dias úmida / 56 dias ar 50% umidade,Não informado,AM,Norte,-160.0,28 dias,28.0,672,160.0,retracao
96,0.528,360,190.08,10.0,0.0,0.0,0.6,CP II F 32 RS,7 dias úmida / 56 dias ar 50% umidade,Não informado,AM,Norte,-290.0,56 dias,56.0,1344,290.0,retracao
97,0.47,370,173.89999999999998,12.5,0.0,5.625,0.6,CP V ARI RS,7 dias úmida / 56 dias ar 50% umidade,Não informado,RJ,Sudeste,0.0,12 h,0.5,12,0.0,estabilidade
97,0.47,370,173.89999999999998,12.5,0.0,5.625,0.6,CP V ARI RS,7 dias úmida / 56 dias ar 50% umidade,Não informado,RJ,Sudeste,80.0,1 dia,1.0,24,80.0,expansao
97,0.47,370,173.89999999999998,12.5,0.0,5.625,0.6,CP V ARI RS,7 dias úmida / 56 dias ar 50% umidade,Não informado,RJ,Sudeste,-50.0,3 dias,3.0,72,50.0,retracao
97,0.47,370,173.89999999999998,12.5,0.0,5.625,0.6,CP V ARI RS,7 dias úmida / 56 dias ar 50% umidade,Não informado,RJ,Sudeste,-100.0,7 dias,7.0,168,100.0,retracao
97,0.47,370,173.89999999999998,12.5,0.0,5.625,0.6,CP V ARI RS,7 dias úmida / 56 dias ar 50% umidade,Não informado,RJ,Sudeste,-170.0,14 dias,14.0,336,170.0,retracao
97,0.47,370,173.89999999999998,12.5,0.0,5.625,0.6,CP V ARI RS,7 dias úmida / 56 dias ar 50% umidade,Não informado,RJ,Sudeste,-230.0,28 dias,28.0,672,230.0,retracao
97,0.47,370,173.89999999999998,12.5,0.0,5.625,0.6,CP V ARI RS,7 dias úmida / 56 dias ar 50% umidade,Não informado,RJ,Sudeste,-290.0,56 dias,56.0,1344,290.0,retracao
98,0.52,370,192.4,0.0,0.0,0.0,0.6,CP III RS,7 dias úmida / 56 dias ar 50% umidade,Não informado,RJ,Sudeste,0.0,12 h,0.5,12,0.0,estabilidade
98,0.52,370,192.4,0.0,0.0,0.0,0.6,CP III RS,7 dias úmida / 56 dias ar 50% umidade,Não informado,RJ,Sudeste,-50.0,1 dia,1.0,24,50.0,retracao
98,0.52,370,192.4,0.0,0.0,0.0,0.6,CP III RS,7 dias úmida / 56 dias ar 50% umidade,Não informado,RJ,Sudeste,-120.0,3 dias,3.0,72,120.0,retracao
98,0.52,370,192.4,0.0,0.0,0.0,0.6,CP III RS,7 dias úmida / 56 dias ar 50% umidade,Não informado,RJ,Sudeste,-180.0,7 dias,7.0,168,180.0,retracao
98,0.52,370,192.4,0.0,0.0,0.0,0.6,CP III RS,7 dias úmida / 56 dias ar 50% umidade,Não informado,RJ,Sudeste,-220.0,14 dias,14.0,336,220.0,retracao
98,0.52,370,192.4,0.0,0.0,0.0,0.6,CP III RS,7 dias úmida / 56 dias ar 50% umidade,Não informado,RJ,Sudeste,-350.0,28 dias,28.0,672,350.0,retracao
98,0.52,370,192.4,0.0,0.0,0.0,0.6,CP III RS,7 dias úmida / 56 dias ar 50% umidade,Não informado,RJ,Sudeste,-440.0,56 dias,56.0,1344,440.0,retracao
99,0.51,350,178.5,15.0,0.0,5.5,0.6,CP II F 40,7 dias úmida / 56 dias ar 50% umidade,Não informado,SP,Sudeste,0.0,12 h,0.5,12,0.0,estabilidade
99,0.51,350,178.5,15.0,0.0,5.5,0.6,CP II F 40,7 dias úmida / 56 dias ar 50% umidade,Não informado,SP,Sudeste,40.0,1 dia,1.0,24,40.0,expansao
99,0.51,350,178.5,15.0,0.0,5.5,0.6,CP II F 40,7 dias úmida / 56 dias ar 50% umidade,Não informado,SP,Sudeste,80.0,3 dias,3.0,72,80.0,expansao
99,0.51,350,178.5,15.0,0.0,5.5,0.6,CP II F 40,7 dias úmida / 56 dias ar 50% umidade,Não informado,SP,Sudeste,130.0,7 dias,7.0,168,130.0,expansao
99,0.51,350,178.5,15.0,0.0,5.5,0.6,CP II F 40,7 dias úmida / 56 dias ar 50% umidade,Não informado,SP,Sudeste,-60.0,14 dias,14.0,336,60.0,retracao
99,0.51,350,178.5,15.0,0.0,5.5,0.6,CP II F 40,7 dias úmida / 56 dias ar 50% umidade,Não informado,SP,Sudeste,-170.0,28 dias,28.0,672,170.0,retracao
99,0.51,350,178.5,15.0,0.0,5.5,0.6,CP II F 40,7 dias úmida / 56 dias ar 50% umidade,Não informado,SP,Sudeste,-290.0,56 dias,56.0,1344,290.0,retracao
100,0.5,380,190.0,0.0,0.0,5.0,0.6,CP V ARI,7 dias úmida / 56 dias ar 50% umidade,Laboratório,DF,Centro Oeste,0.0,12 h,0.5,12,0.0,estabilidade
100,0.5,380,190.0,0.0,0.0,5.0,0.6,CP V ARI,7 dias úmida / 56 dias ar 50% umidade,Laboratório,DF,Centro Oeste,-40.0,1 dia,1.0,24,40.0,retracao
100,0.5,380,190.0,0.0,0.0,5.0,0.6,CP V ARI,7 dias úmida / 56 dias ar 50% umidade,Laboratório,DF,Centro Oeste,-70.0,3 dias,3.0,72,70.0,retracao
100,0.5,380,190.0,0.0,0.0,5.0,0.6,CP V ARI,7 dias úmida / 56 dias ar 50% umidade,Laboratório,DF,Centro Oeste,-120.0,7 dias,7.0,168,120.0,retracao
100,0.5,380,190.0,0.0,0.0,5.0,0.6,CP V ARI,7 dias úmida / 56 dias ar 50% umidade,Laboratório,DF,Centro Oeste,-210.0,14 dias,14.0,336,210.0,retracao
100,0.5,380,190.0,0.0,0.0,5.0,0.6,CP V ARI,7 dias úmida / 56 dias ar 50% umidade,Laboratório,DF,Centro Oeste,-330.0,28 dias,28.0,672,330.0,retracao
100,0.5,380,190.0,0.0,0.0,5.0,0.6,CP V ARI,7 dias úmida / 56 dias ar 50% umidade,Laboratório,DF,Centro Oeste,-440.0,56 dias,56.0,1344,440.0,retracao
101,0.55,336,184.8,15.0,0.0,5.5,0.6,CP II E 40,7 dias úmida / 56 dias ar 50% umidade,Não informado,SP,Sudeste,0.0,12 h,0.5,12,0.0,estabilidade
101,0.55,336,184.8,15.0,0.0,5.5,0.6,CP II E 40,7 dias úmida / 56 dias ar 50% umidade,Não informado,SP,Sudeste,50.0,1 dia,1.0,24,50.0,expansao
101,0.55,336,184.8,15.0,0.0,5.5,0.6,CP II E 40,7 dias úmida / 56 dias ar 50% umidade,Não informado,SP,Sudeste,100.0,3 dias,3.0,72,100.0,expansao
101,0.55,336,184.8,15.0,0.0,5.5,0.6,CP II E 40,7 dias úmida / 56 dias ar 50% umidade,Não informado,SP,Sudeste,160.0,7 dias,7.0,168,160.0,expansao
101,0.55,336,184.8,15.0,0.0,5.5,0.6,CP II E 40,7 dias úmida / 56 dias ar 50% umidade,Não informado,SP,Sudeste,10.0,14 dias,14.0,336,10.0,expansao
101,0.55,336,184.8,15.0,0.0,5.5,0.6,CP II E 40,7 dias úmida / 56 dias ar 50% umidade,Não informado,SP,Sudeste,-130.0,28 dias,28.0,672,130.0,retracao
101,0.55,336,184.8,15.0,0.0,5.5,0.6,CP II E 40,7 dias úmida / 56 dias ar 50% umidade,Não informado,SP,Sudeste,-290.0,56 dias,56.0,1344,290.0,retracao
102,0.52,356,185.12,15.0,0.0,0.0,0.6,CP II E 40,7 dias úmida / 56 dias ar 50% umidade,Não informado,SP,Sudeste,0.0,12 h,0.5,12,0.0,estabilidade
102,0.52,356,185.12,15.0,0.0,0.0,0.6,CP II E 40,7 dias úmida / 56 dias ar 50% umidade,Não informado,SP,Sudeste,60.0,1 dia,1.0,24,60.0,expansao
102,0.52,356,185.12,15.0,0.0,0.0,0.6,CP II E 40,7 dias úmida / 56 dias ar 50% umidade,Não informado,SP,Sudeste,110.0,3 dias,3.0,72,110.0,expansao
102,0.52,356,185.12,15.0,0.0,0.0,0.6,CP II E 40,7 dias úmida / 56 dias ar 50% umidade,Não informado,SP,Sudeste,160.0,7 dias,7.0,168,160.0,expansao
102,0.52,356,185.12,15.0,0.0,0.0,0.6,CP II E 40,7 dias úmida / 56 dias ar 50% umidade,Não informado,SP,Sudeste,10.0,14 dias,14.0,336,10.0,expansao
102,0.52,356,185.12,15.0,0.0,0.0,0.6,CP II E 40,7 dias úmida / 56 dias ar 50% umidade,Não informado,SP,Sudeste,-140.0,28 dias,28.0,672,140.0,retracao
102,0.52,356,185.12,15.0,0.0,0.0,0.6,CP II E 40,7 dias úmida / 56 dias ar 50% umidade,Não informado,SP,Sudeste,-290.0,56 dias,56.0,1344,290.0,retracao
103,0.51,412,210.12,0.0,0.0,0.0,0.0,CP II F 40,7 dias úmida / 56 dias ar 50% umidade,Não informado,PE,Nordeste,0.0,12 h,0.5,12,0.0,estabilidade
103,0.51,412,210.12,0.0,0.0,0.0,0.0,CP II F 40,7 dias úmida / 56 dias ar 50% umidade,Não informado,PE,Nordeste,-60.0,1 dia,1.0,24,60.0,retracao
103,0.51,412,210.12,0.0,0.0,0.0,0.0,CP II F 40,7 dias úmida / 56 dias ar 50% umidade,Não informado,PE,Nordeste,-120.0,3 dias,3.0,72,120.0,retracao
103,0.51,412,210.12,0.0,0.0,0.0,0.0,CP II F 40,7 dias úmida / 56 dias ar 50% umidade,Não informado,PE,Nordeste,-160.0,7 dias,7.0,168,160.0,retracao
103,0.51,412,210.12,0.0,0.0,0.0,0.0,CP II F 40,7 dias úmida / 56 dias ar 50% umidade,Não informado,PE,Nordeste,-260.0,14 dias,14.0,336,260.0,retracao
103,0.51,412,210.12,0.0,0.0,0.0,0.0,CP II F 40,7 dias úmida / 56 dias ar 50% umidade,Não informado,PE,Nordeste,-350.0,28 dias,28.0,672,350.0,retracao
103,0.51,412,210.12,0.0,0.0,0.0,0.0,CP II F 40,7 dias úmida / 56 dias ar 50% umidade,Não informado,PE,Nordeste,-430.0,56 dias,56.0,1344,430.0,retracao
104,0.51,336,171.36,15.0,0.0,5.5,0.6,Não informado,7 dias úmida / 56 dias ar 50% umidade,Não informado,SE,Nordeste,0.0,12 h,0.5,12,0.0,estabilidade
104,0.51,336,171.36,15.0,0.0,5.5,0.6,Não informado,7 dias úmida / 56 dias ar 50% umidade,Não informado,SE,Nordeste,50.0,1 dia,1.0,24,50.0,expansao
104,0.51,336,171.36,15.0,0.0,5.5,0.6,Não informado,7 dias úmida / 56 dias ar 50% umidade,Não informado,SE,Nordeste,80.0,3 dias,3.0,72,80.0,expansao
104,0.51,336,171.36,15.0,0.0,5.5,0.6,Não informado,7 dias úmida / 56 dias ar 50% umidade,Não informado,SE,Nordeste,110.0,7 dias,7.0,168,110.0,expansao
104,0.51,336,171.36,15.0,0.0,5.5,0.6,Não informado,7 dias úmida / 56 dias ar 50% umidade,Não informado,SE,Nordeste,-30.0,14 dias,14.0,336,30.0,retracao
104,0.51,336,171.36,15.0,0.0,5.5,0.6,Não informado,7 dias úmida / 56 dias ar 50% umidade,Não informado,SE,Nordeste,-150.0,28 dias,28.0,672,150.0,retracao
104,0.51,336,171.36,15.0,0.0,5.5,0.6,Não informado,7 dias úmida / 56 dias ar 50% umidade,Não informado,SE,Nordeste,-290.0,56 dias,56.0,1344,290.0,retracao
105,0.53,360,190.8,12.5,0.0,0.0,0.6,CP V ARI,7 dias úmida / 56 dias ar 50% umidade,Não informado,DF,Centro Oeste,0.0,12 h,0.5,12,0.0,estabilidade
105,0.53,360,190.8,12.5,0.0,0.0,0.6,CP V ARI,7 dias úmida / 56 dias ar 50% umidade,Não informado,DF,Centro Oeste,30.0,1 dia,1.0,24,30.0,expansao
105,0.53,360,190.8,12.5,0.0,0.0,0.6,CP V ARI,7 dias úmida / 56 dias ar 50% umidade,Não informado,DF,Centro Oeste,90.0,3 dias,3.0,72,90.0,expansao
105,0.53,360,190.8,12.5,0.0,0.0,0.6,CP V ARI,7 dias úmida / 56 dias ar 50% umidade,Não informado,DF,Centro Oeste,110.0,7 dias,7.0,168,110.0,expansao
105,0.53,360,190.8,12.5,0.0,0.0,0.6,CP V ARI,7 dias úmida / 56 dias ar 50% umidade,Não informado,DF,Centro Oeste,-30.0,14 dias,14.0,336,30.0,retracao
105,0.53,360,190.8,12.5,0.0,0.0,0.6,CP V ARI,7 dias úmida / 56 dias ar 50% umidade,Não informado,DF,Centro Oeste,-130.0,28 dias,28.0,672,130.0,retracao
105,0.53,360,190.8,12.5,0.0,0.0,0.6,CP V ARI,7 dias úmida / 56 dias ar 50% umidade,Não informado,DF,Centro Oeste,-290.0,56 dias,56.0,1344,290.0,retracao
106,0.6,339,203.4,0.0,25.0,0.0,0.6,CP II E 40,7 dias úmida / 56 dias ar 50% umidade,Laboratório,SP,Sudeste,0.0,12 h,0.5,12,0.0,estabilidade
106,0.6,339,203.4,0.0,25.0,0.0,0.6,CP II E 40,7 dias úmida / 56 dias ar 50% umidade,Laboratório,SP,Sudeste,-50.0,1 dia,1.0,24,50.0,retracao
106,0.6,339,203.4,0.0,25.0,0.0,0.6,CP II E 40,7 dias úmida / 56 dias ar 50% umidade,Laboratório,SP,Sudeste,-90.0,3 dias,3.0,72,90.0,retracao
106,0.6,339,203.4,0.0,25.0,0.0,0.6,CP II E 40,7 dias úmida / 56 dias ar 50% umidade,Laboratório,SP,Sudeste,-170.0,7 dias,7.0,168,170.0,retracao
106,0.6,339,203.4,0.0,25.0,0.0,0.6,CP II E 40,7 dias úmida / 56 dias ar 50% umidade,Laboratório,SP,Sudeste,-240.0,14 dias,14.0,336,240.0,retracao
106,0.6,339,203.4,0.0,25.0,0.0,0.6,CP II E 40,7 dias úmida / 56 dias ar 50% umidade,Laboratório,SP,Sudeste,-360.0,28 dias,28.0,672,360.0,retracao
106,0.6,339,203.4,0.0,25.0,0.0,0.6,CP II E 40,7 dias úmida / 56 dias ar 50% umidade,Laboratório,SP,Sudeste,-430.0,56 dias,56.0,1344,430.0,retracao
107,0.62,325,201.5,8.0,0.0,0.0,0.3,CP V ARI,7 dias úmida / 56 dias ar 50% umidade,Laboratório,SP,Sudeste,0.0,12 h,0.5,12,0.0,estabilidade
107,0.62,325,201.5,8.0,0.0,0.0,0.3,CP V ARI,7 dias úmida / 56 dias ar 50% umidade,Laboratório,SP,Sudeste,20.0,1 dia,1.0,24,20.0,expansao
107,0.62,325,201.5,8.0,0.0,0.0,0.3,CP V ARI,7 dias úmida / 56 dias ar 50% umidade,Laboratório,SP,Sudeste,50.0,3 dias,3.0,72,50.0,expansao
107,0.62,325,201.5,8.0,0.0,0.0,0.3,CP V ARI,7 dias úmida / 56 dias ar 50% umidade,Laboratório,SP,Sudeste,80.0,7 dias,7.0,168,80.0,expansao
107,0.62,325,201.5,8.0,0.0,0.0,0.3,CP V ARI,7 dias úmida / 56 dias ar 50% umidade,Laboratório,SP,Sudeste,-50.0,14 dias,14.0,336,50.0,retracao
107,0.62,325,201.5,8.0,0.0,0.0,0.3,CP V ARI,7 dias úmida / 56 dias ar 50% umidade,Laboratório,SP,Sudeste,-150.0,28 dias,28.0,672,150.0,retracao
107,0.62,325,201.5,8.0,0.0,0.0,0.3,CP V ARI,7 dias úmida / 56 dias ar 50% umidade,Laboratório,SP,Sudeste,-360.0,56 dias,56.0,1344,360.0,retracao
108,0.52,356,185.12,15.0,0.0,0.0,0.6,CP II E 40,7 dias úmida / 56 dias ar 50% umidade,Não informado,PB,Nordeste,0.0,12 h,0.5,12,0.0,estabilidade
108,0.52,356,185.12,15.0,0.0,0.0,0.6,CP II E 40,7 dias úmida / 56 dias ar 50% umidade,Não informado,PB,Nordeste,60.0,1 dia,1.0,24,60.0,expansao
108,0.52,356,185.12,15.0,0.0,0.0,0.6,CP II E 40,7 dias úmida / 56 dias ar 50% umidade,Não informado,PB,Nordeste,110.0,3 dias,3.0,72,110.0,expansao
108,0.52,356,185.12,15.0,0.0,0.0,0.6,CP II E 40,7 dias úmida / 56 dias ar 50% umidade,Não informado,PB,Nordeste,160.0,7 dias,7.0,168,160.0,expansao
108,0.52,356,185.12,15.0,0.0,0.0,0.6,CP II E 40,7 dias úmida / 56 dias ar 50% umidade,Não informado,PB,Nordeste,10.0,14 dias,14.0,336,10.0,expansao
108,0.52,356,185.12,15.0,0.0,0.0,0.6,CP II E 40,7 dias úmida / 56 dias ar 50% umidade,Não informado,PB,Nordeste,-140.0,28 dias,28.0,672,140.0,retracao
108,0.52,356,185.12,15.0,0.0,0.0,0.6,CP II E 40,7 dias úmida / 56 dias ar 50% umidade,Não informado,PB,Nordeste,-290.0,56 dias,56.0,1344,290.0,retracao
109,0.55,337,185.35000000000002,0.0,0.0,5.5,0.6,CP V ARI RS,7 dias úmida / 56 dias ar 50% umidade,Não informado,SP,Sudeste,0.0,12 h,0.5,12,0.0,estabilidade
109,0.55,337,185.35000000000002,0.0,0.0,5.5,0.6,CP V ARI RS,7 dias úmida / 56 dias ar 50% umidade,Não informado,SP,Sudeste,-70.0,1 dia,1.0,24,70.0,retracao
109,0.55,337,185.35000000000002,0.0,0.0,5.5,0.6,CP V ARI RS,7 dias úmida / 56 dias ar 50% umidade,Não informado,SP,Sudeste,-110.0,3 dias,3.0,72,110.0,retracao
109,0.55,337,185.35000000000002,0.0,0.0,5.5,0.6,CP V ARI RS,7 dias úmida / 56 dias ar 50% umidade,Não informado,SP,Sudeste,-180.0,7 dias,7.0,168,180.0,retracao
109,0.55,337,185.35000000000002,0.0,0.0,5.5,0.6,CP V ARI RS,7 dias úmida / 56 dias ar 50% umidade,Não informado,SP,Sudeste,-260.0,14 dias,14.0,336,260.0,retracao
109,0.55,337,185.35000000000002,0.0,0.0,5.5,0.6,CP V ARI RS,7 dias úmida / 56 dias ar 50% umidade,Não informado,SP,Sudeste,-340.0,28 dias,28.0,672,340.0,retracao
109,0.55,337,185.35000000000002,0.0,0.0,5.5,0.6,CP V ARI RS,7 dias úmida / 56 dias ar 50% umidade,Não informado,SP,Sudeste,-430.0,56 dias,56.0,1344,430.0,retracao
110,0.61,330,201.29999999999998,8.0,0.0,0.0,0.3,CP V ARI,7 dias úmida / 56 dias ar 50% umidade,Laboratório,SP,Sudeste,0.0,12 h,0.5,12,0.0,estabilidade
110,0.61,330,201.29999999999998,8.0,0.0,0.0,0.3,CP V ARI,7 dias úmida / 56 dias ar 50% umidade,Laboratório,SP,Sudeste,10.0,1 dia,1.0,24,10.0,expansao
110,0.61,330,201.29999999999998,8.0,0.0,0.0,0.3,CP V ARI,7 dias úmida / 56 dias ar 50% umidade,Laboratório,SP,Sudeste,30.0,3 dias,3.0,72,30.0,expansao
110,0.61,330,201.29999999999998,8.0,0.0,0.0,0.3,CP V ARI,7 dias úmida / 56 dias ar 50% umidade,Laboratório,SP,Sudeste,60.0,7 dias,7.0,168,60.0,expansao
110,0.61,330,201.29999999999998,8.0,0.0,0.0,0.3,CP V ARI,7 dias úmida / 56 dias ar 50% umidade,Laboratório,SP,Sudeste,-50.0,14 dias,14.0,336,50.0,retracao
110,0.61,330,201.29999999999998,8.0,0.0,0.0,0.3,CP V ARI,7 dias úmida / 56 dias ar 50% umidade,Laboratório,SP,Sudeste,-170.0,28 dias,28.0,672,170.0,retracao
110,0.61,330,201.29999999999998,8.0,0.0,0.0,0.3,CP V ARI,7 dias úmida / 56 dias ar 50% umidade,Laboratório,SP,Sudeste,-390.0,56 dias,56.0,1344,390.0,retracao
111,0.55,336,184.8,12.5,0.0,0.0,0.6,CP II E 40 RS,7 dias úmida / 56 dias ar 50% umidade,Não informado,SP,Sudeste,0.0,12 h,0.5,12,0.0,estabilidade
111,0.55,336,184.8,12.5,0.0,0.0,0.6,CP II E 40 RS,7 dias úmida / 56 dias ar 50% umidade,Não informado,SP,Sudeste,50.0,1 dia,1.0,24,50.0,expansao
111,0.55,336,184.8,12.5,0.0,0.0,0.6,CP II E 40 RS,7 dias úmida / 56 dias ar 50% umidade,Não informado,SP,Sudeste,90.0,3 dias,3.0,72,90.0,expansao
111,0.55,336,184.8,12.5,0.0,0.0,0.6,CP II E 40 RS,7 dias úmida / 56 dias ar 50% umidade,Não informado,SP,Sudeste,120.0,7 dias,7.0,168,120.0,expansao
111,0.55,336,184.8,12.5,0.0,0.0,0.6,CP II E 40 RS,7 dias úmida / 56 dias ar 50% umidade,Não informado,SP,Sudeste,-20.0,14 dias,14.0,336,20.0,retracao
111,0.55,336,184.8,12.5,0.0,0.0,0.6,CP II E 40 RS,7 dias úmida / 56 dias ar 50% umidade,Não informado,SP,Sudeste,-120.0,28 dias,28.0,672,120.0,retracao
111,0.55,336,184.8,12.5,0.0,0.0,0.6,CP II E 40 RS,7 dias úmida / 56 dias ar 50% umidade,Não informado,SP,Sudeste,-290.0,56 dias,56.0,1344,290.0,retracao
112,0.56,340,190.4,0.0,0.0,0.0,0.6,CP II E,7 dias úmida / 56 dias ar 50% umidade,Não informado,PA,Norte,0.0,12 h,0.5,12,0.0,estabilidade
112,0.56,340,190.4,0.0,0.0,0.0,0.6,CP II E,7 dias úmida / 56 dias ar 50% umidade,Não informado,PA,Norte,-50.0,1 dia,1.0,24,50.0,retracao
112,0.56,340,190.4,0.0,0.0,0.0,0.6,CP II E,7 dias úmida / 56 dias ar 50% umidade,Não informado,PA,Norte,-100.0,3 dias,3.0,72,100.0,retracao
112,0.56,340,190.4,0.0,0.0,0.0,0.6,CP II E,7 dias úmida / 56 dias ar 50% umidade,Não informado,PA,Norte,-140.0,7 dias,7.0,168,140.0,retracao
112,0.56,340,190.4,0.0,0.0,0.0,0.6,CP II E,7 dias úmida / 56 dias ar 50% umidade,Não informado,PA,Norte,-200.0,14 dias,14.0,336,200.0,retracao
112,0.56,340,190.4,0.0,0.0,0.0,0.6,CP II E,7 dias úmida / 56 dias ar 50% umidade,Não informado,PA,Norte,-280.0,28 dias,28.0,672,280.0,retracao
112,0.56,340,190.4,0.0,0.0,0.0,0.6,CP II E,7 dias úmida / 56 dias ar 50% umidade,Não informado,PA,Norte,-430.0,56 dias,56.0,1344,430.0,retracao
113,0.55,336,184.8,15.0,0.0,5.5,0.6,CP V ARI RS,7 dias úmida / 56 dias ar 50% umidade,Não informado,SP,Sudeste,0.0,12 h,0.5,12,0.0,estabilidade
113,0.55,336,184.8,15.0,0.0,5.5,0.6,CP V ARI RS,7 dias úmida / 56 dias ar 50% umidade,Não informado,SP,Sudeste,60.0,1 dia,1.0,24,60.0,expansao
113,0.55,336,184.8,15.0,0.0,5.5,0.6,CP V ARI RS,7 dias úmida / 56 dias ar 50% umidade,Não informado,SP,Sudeste,110.0,3 dias,3.0,72,110.0,expansao
113,0.55,336,184.8,15.0,0.0,5.5,0.6,CP V ARI RS,7 dias úmida / 56 dias ar 50% umidade,Não informado,SP,Sudeste,160.0,7 dias,7.0,168,160.0,expansao
113,0.55,336,184.8,15.0,0.0,5.5,0.6,CP V ARI RS,7 dias úmida / 56 dias ar 50% umidade,Não informado,SP,Sudeste,0.0,14 dias,14.0,336,0.0,estabilidade
113,0.55,336,184.8,15.0,0.0,5.5,0.6,CP V ARI RS,7 dias úmida / 56 dias ar 50% umidade,Não informado,SP,Sudeste,-180.0,28 dias,28.0,672,180.0,retracao
113,0.55,336,184.8,15.0,0.0,5.5,0.6,CP V ARI RS,7 dias úmida / 56 dias ar 50% umidade,Não informado,SP,Sudeste,-290.0,56 dias,56.0,1344,290.0,retracao
114,0.51,350,178.5,0.0,0.0,5.5,0.6,CP II F 40,7 dias úmida / 56 dias ar 50% umidade,Não informado,SP,Sudeste,0.0,12 h,0.5,12,0.0,estabilidade
114,0.51,350,178.5,0.0,0.0,5.5,0.6,CP II F 40,7 dias úmida / 56 dias ar 50% umidade,Não informado,SP,Sudeste,-40.0,1 dia,1.0,24,40.0,retracao
114,0.51,350,178.5,0.0,0.0,5.5,0.6,CP II F 40,7 dias úmida / 56 dias ar 50% umidade,Não informado,SP,Sudeste,-80.0,3 dias,3.0,72,80.0,retracao
114,0.51,350,178.5,0.0,0.0,5.5,0.6,CP II F 40,7 dias úmida / 56 dias ar 50% umidade,Não informado,SP,Sudeste,-150.0,7 dias,7.0,168,150.0,retracao
114,0.51,350,178.5,0.0,0.0,5.5,0.6,CP II F 40,7 dias úmida / 56 dias ar 50% umidade,Não informado,SP,Sudeste,-230.0,14 dias,14.0,336,230.0,retracao
114,0.51,350,178.5,0.0,0.0,5.5,0.6,CP II F 40,7 dias úmida / 56 dias ar 50% umidade,Não informado,SP,Sudeste,-310.0,28 dias,28.0,672,310.0,retracao
114,0.51,350,178.5,0.0,0.0,5.5,0.6,CP II F 40,7 dias úmida / 56 dias ar 50% umidade,Não informado,SP,Sudeste,-430.0,56 dias,56.0,1344,430.0,retracao
115,0.54,343,185.22,15.0,0.0,5.5,0.6,CP II E 40,7 dias úmida / 56 dias ar 50% umidade,Não informado,SP ,Sudeste,0.0,12 h,0.5,12,0.0,estabilidade
115,0.54,343,185.22,15.0,0.0,5.5,0.6,CP II E 40,7 dias úmida / 56 dias ar 50% umidade,Não informado,SP ,Sudeste,60.0,1 dia,1.0,24,60.0,expansao
115,0.54,343,185.22,15.0,0.0,5.5,0.6,CP II E 40,7 dias úmida / 56 dias ar 50% umidade,Não informado,SP ,Sudeste,120.0,3 dias,3.0,72,120.0,expansao
115,0.54,343,185.22,15.0,0.0,5.5,0.6,CP II E 40,7 dias úmida / 56 dias ar 50% umidade,Não informado,SP ,Sudeste,150.0,7 dias,7.0,168,150.0,expansao
115,0.54,343,185.22,15.0,0.0,5.5,0.6,CP II E 40,7 dias úmida / 56 dias ar 50% umidade,Não informado,SP ,Sudeste,-10.0,14 dias,14.0,336,10.0,retracao
115,0.54,343,185.22,15.0,0.0,5.5,0.6,CP II E 40,7 dias úmida / 56 dias ar 50% umidade,Não informado,SP ,Sudeste,-130.0,28 dias,28.0,672,130.0,retracao
115,0.54,343,185.22,15.0,0.0,5.5,0.6,CP II E 40,7 dias úmida / 56 dias ar 50% umidade,Não informado,SP ,Sudeste,-290.0,56 dias,56.0,1344,290.0,retracao
116,0.55,336,184.8,0.0,0.0,5.5,0.6,CP II E 40,7 dias úmida / 56 dias ar 50% umidade,Não informado,SP,Sudeste,0.0,12 h,0.5,12,0.0,estabilidade
116,0.55,336,184.8,0.0,0.0,5.5,0.6,CP II E 40,7 dias úmida / 56 dias ar 50% umidade,Não informado,SP,Sudeste,-40.0,1 dia,1.0,24,40.0,retracao
116,0.55,336,184.8,0.0,0.0,5.5,0.6,CP II E 40,7 dias úmida / 56 dias ar 50% umidade,Não informado,SP,Sudeste,-90.0,3 dias,3.0,72,90.0,retracao
116,0.55,336,184.8,0.0,0.0,5.5,0.6,CP II E 40,7 dias úmida / 56 dias ar 50% umidade,Não informado,SP,Sudeste,-130.0,7 dias,7.0,168,130.0,retracao
116,0.55,336,184.8,0.0,0.0,5.5,0.6,CP II E 40,7 dias úmida / 56 dias ar 50% umidade,Não informado,SP,Sudeste,-190.0,14 dias,14.0,336,190.0,retracao
116,0.55,336,184.8,0.0,0.0,5.5,0.6,CP II E 40,7 dias úmida / 56 dias ar 50% umidade,Não informado,SP,Sudeste,-300.0,28 dias,28.0,672,300.0,retracao
116,0.55,336,184.8,0.0,0.0,5.5,0.6,CP II E 40,7 dias úmida / 56 dias ar 50% umidade,Não informado,SP,Sudeste,-430.0,56 dias,56.0,1344,430.0,retracao
117,0.55,347,190.85000000000002,12.5,0.0,5.5,0.6,CP II E 40,7 dias úmida / 56 dias ar 50% umidade,Não informado,SP,Sudeste,0.0,12 h,0.5,12,0.0,estabilidade
117,0.55,347,190.85000000000002,12.5,0.0,5.5,0.6,CP II E 40,7 dias úmida / 56 dias ar 50% umidade,Não informado,SP,Sudeste,20.0,1 dia,1.0,24,20.0,expansao
117,0.55,347,190.85000000000002,12.5,0.0,5.5,0.6,CP II E 40,7 dias úmida / 56 dias ar 50% umidade,Não informado,SP,Sudeste,60.0,3 dias,3.0,72,60.0,expansao
117,0.55,347,190.85000000000002,12.5,0.0,5.5,0.6,CP II E 40,7 dias úmida / 56 dias ar 50% umidade,Não informado,SP,Sudeste,110.0,7 dias,7.0,168,110.0,expansao
117,0.55,347,190.85000000000002,12.5,0.0,5.5,0.6,CP II E 40,7 dias úmida / 56 dias ar 50% umidade,Não informado,SP,Sudeste,-20.0,14 dias,14.0,336,20.0,retracao
117,0.55,347,190.85000000000002,12.5,0.0,5.5,0.6,CP II E 40,7 dias úmida / 56 dias ar 50% umidade,Não informado,SP,Sudeste,-130.0,28 dias,28.0,672,130.0,retracao
117,0.55,347,190.85000000000002,12.5,0.0,5.5,0.6,CP II E 40,7 dias úmida / 56 dias ar 50% umidade,Não informado,SP,Sudeste,-290.0,56 dias,56.0,1344,290.0,retracao
118,0.54,343,185.22,0.0,0.0,5.5,0.6,CP II E 40,7 dias úmida / 56 dias ar 50% umidade,Não informado,SP ,Sudeste,0.0,12 h,0.5,12,0.0,estabilidade
118,0.54,343,185.22,0.0,0.0,5.5,0.6,CP II E 40,7 dias úmida / 56 dias ar 50% umidade,Não informado,SP ,Sudeste,-40.0,1 dia,1.0,24,40.0,retracao
118,0.54,343,185.22,0.0,0.0,5.5,0.6,CP II E 40,7 dias úmida / 56 dias ar 50% umidade,Não informado,SP ,Sudeste,-80.0,3 dias,3.0,72,80.0,retracao
118,0.54,343,185.22,0.0,0.0,5.5,0.6,CP II E 40,7 dias úmida / 56 dias ar 50% umidade,Não informado,SP ,Sudeste,-140.0,7 dias,7.0,168,140.0,retracao
118,0.54,343,185.22,0.0,0.0,5.5,0.6,CP II E 40,7 dias úmida / 56 dias ar 50% umidade,Não informado,SP ,Sudeste,-220.0,14 dias,14.0,336,220.0,retracao
118,0.54,343,185.22,0.0,0.0,5.5,0.6,CP II E 40,7 dias úmida / 56 dias ar 50% umidade,Não informado,SP ,Sudeste,-300.0,28 dias,28.0,672,300.0,retracao
118,0.54,343,185.22,0.0,0.0,5.5,0.6,CP II E 40,7 dias úmida / 56 dias ar 50% umidade,Não informado,SP ,Sudeste,-430.0,56 dias,56.0,1344,430.0,retracao
119,0.47,380,178.6,12.5,25.0,6.0,0.6,CP II F 40,7 dias úmida / 56 dias ar 50% umidade,Não informado,MT,Centro Oeste,0.0,12 h,0.5,12,0.0,estabilidade
119,0.47,380,178.6,12.5,25.0,6.0,0.6,CP II F 40,7 dias úmida / 56 dias ar 50% umidade,Não informado,MT,Centro Oeste,50.0,1 dia,1.0,24,50.0,expansao
119,0.47,380,178.6,12.5,25.0,6.0,0.6,CP II F 40,7 dias úmida / 56 dias ar 50% umidade,Não informado,MT,Centro Oeste,80.0,3 dias,3.0,72,80.0,expansao
119,0.47,380,178.6,12.5,25.0,6.0,0.6,CP II F 40,7 dias úmida / 56 dias ar 50% umidade,Não informado,MT,Centro Oeste,120.0,7 dias,7.0,168,120.0,expansao
119,0.47,380,178.6,12.5,25.0,6.0,0.6,CP II F 40,7 dias úmida / 56 dias ar 50% umidade,Não informado,MT,Centro Oeste,20.0,14 dias,14.0,336,20.0,expansao
119,0.47,380,178.6,12.5,25.0,6.0,0.6,CP II F 40,7 dias úmida / 56 dias ar 50% umidade,Não informado,MT,Centro Oeste,-110.0,28 dias,28.0,672,110.0,retracao
119,0.47,380,178.6,12.5,25.0,6.0,0.6,CP II F 40,7 dias úmida / 56 dias ar 50% umidade,Não informado,MT,Centro Oeste,-280.0,56 dias,56.0,1344,280.0,retracao
120,0.61,330,201.29999999999998,8.0,0.0,0.0,0.3,CP V ARI,7 dias úmida / 56 dias ar 50% umidade,Laboratório,SP,Sudeste,0.0,12 h,0.5,12,0.0,estabilidade
120,0.61,330,201.29999999999998,8.0,0.0,0.0,0.3,CP V ARI,7 dias úmida / 56 dias ar 50% umidade,Laboratório,SP,Sudeste,10.0,1 dia,1.0,24,10.0,expansao
120,0.61,330,201.29999999999998,8.0,0.0,0.0,0.3,CP V ARI,7 dias úmida / 56 dias ar 50% umidade,Laboratório,SP,Sudeste,40.0,3 dias,3.0,72,40.0,expansao
120,0.61,330,201.29999999999998,8.0,0.0,0.0,0.3,CP V ARI,7 dias úmida / 56 dias ar 50% umidade,Laboratório,SP,Sudeste,90.0,7 dias,7.0,168,90.0,expansao
120,0.61,330,201.29999999999998,8.0,0.0,0.0,0.3,CP V ARI,7 dias úmida / 56 dias ar 50% umidade,Laboratório,SP,Sudeste,-70.0,14 dias,14.0,336,70.0,retracao
120,0.61,330,201.29999999999998,8.0,0.0,0.0,0.3,CP V ARI,7 dias úmida / 56 dias ar 50% umidade,Laboratório,SP,Sudeste,-180.0,28 dias,28.0,672,180.0,retracao
120,0.61,330,201.29999999999998,8.0,0.0,0.0,0.3,CP V ARI,7 dias úmida / 56 dias ar 50% umidade,Laboratório,SP,Sudeste,-310.0,56 dias,56.0,1344,310.0,retracao
121,0.55,347,190.85000000000002,0.0,0.0,5.5,0.6,CP II E 40,7 dias úmida / 56 dias ar 50% umidade,Não informado,SP,Sudeste,0.0,12 h,0.5,12,0.0,estabilidade
121,0.55,347,190.85000000000002,0.0,0.0,5.5,0.6,CP II E 40,7 dias úmida / 56 dias ar 50% umidade,Não informado,SP,Sudeste,-50.0,1 dia,1.0,24,50.0,retracao
121,0.55,347,190.85000000000002,0.0,0.0,5.5,0.6,CP II E 40,7 dias úmida / 56 dias ar 50% umidade,Não informado,SP,Sudeste,-100.0,3 dias,3.0,72,100.0,retracao
121,0.55,347,190.85000000000002,0.0,0.0,5.5,0.6,CP II E 40,7 dias úmida / 56 dias ar 50% umidade,Não informado,SP,Sudeste,-140.0,7 dias,7.0,168,140.0,retracao
121,0.55,347,190.85000000000002,0.0,0.0,5.5,0.6,CP II E 40,7 dias úmida / 56 dias ar 50% umidade,Não informado,SP,Sudeste,-220.0,14 dias,14.0,336,220.0,retracao
121,0.55,347,190.85000000000002,0.0,0.0,5.5,0.6,CP II E 40,7 dias úmida / 56 dias ar 50% umidade,Não informado,SP,Sudeste,-300.0,28 dias,28.0,672,300.0,retracao
121,0.55,347,190.85000000000002,0.0,0.0,5.5,0.6,CP II E 40,7 dias úmida / 56 dias ar 50% umidade,Não informado,SP,Sudeste,-430.0,56 dias,56.0,1344,430.0,retracao
122,0.53,370,196.10000000000002,0.0,0.0,0.0,0.6,CP III RS,7 dias úmida / 56 dias ar 50% umidade,Não informado,RJ,Sudeste,0.0,12 h,0.5,12,0.0,estabilidade
122,0.53,370,196.10000000000002,0.0,0.0,0.0,0.6,CP III RS,7 dias úmida / 56 dias ar 50% umidade,Não informado,RJ,Sudeste,-40.0,1 dia,1.0,24,40.0,retracao
122,0.53,370,196.10000000000002,0.0,0.0,0.0,0.6,CP III RS,7 dias úmida / 56 dias ar 50% umidade,Não informado,RJ,Sudeste,-80.0,3 dias,3.0,72,80.0,retracao
122,0.53,370,196.10000000000002,0.0,0.0,0.0,0.6,CP III RS,7 dias úmida / 56 dias ar 50% umidade,Não informado,RJ,Sudeste,-120.0,7 dias,7.0,168,120.0,retracao
122,0.53,370,196.10000000000002,0.0,0.0,0.0,0.6,CP III RS,7 dias úmida / 56 dias ar 50% umidade,Não informado,RJ,Sudeste,-200.0,14 dias,14.0,336,200.0,retracao
122,0.53,370,196.10000000000002,0.0,0.0,0.0,0.6,CP III RS,7 dias úmida / 56 dias ar 50% umidade,Não informado,RJ,Sudeste,-290.0,28 dias,28.0,672,290.0,retracao
122,0.53,370,196.10000000000002,0.0,0.0,0.0,0.6,CP III RS,7 dias úmida / 56 dias ar 50% umidade,Não informado,RJ,Sudeste,-420.0,56 dias,56.0,1344,420.0,retracao
123,0.55,336,184.8,12.5,25.0,0.0,0.6,CP V ARI,7 dias úmida / 56 dias ar 50% umidade,Laboratório,SP,Sudeste,0.0,12 h,0.5,12,0.0,estabilidade
123,0.55,336,184.8,12.5,25.0,0.0,0.6,CP V ARI,7 dias úmida / 56 dias ar 50% umidade,Laboratório,SP,Sudeste,140.0,1 dia,1.0,24,140.0,expansao
123,0.55,336,184.8,12.5,25.0,0.0,0.6,CP V ARI,7 dias úmida / 56 dias ar 50% umidade,Laboratório,SP,Sudeste,150.0,3 dias,3.0,72,150.0,expansao
123,0.55,336,184.8,12.5,25.0,0.0,0.6,CP V ARI,7 dias úmida / 56 dias ar 50% umidade,Laboratório,SP,Sudeste,150.0,7 dias,7.0,168,150.0,expansao
123,0.55,336,184.8,12.5,25.0,0.0,0.6,CP V ARI,7 dias úmida / 56 dias ar 50% umidade,Laboratório,SP,Sudeste,60.0,14 dias,14.0,336,60.0,expansao
123,0.55,336,184.8,12.5,25.0,0.0,0.6,CP V ARI,7 dias úmida / 56 dias ar 50% umidade,Laboratório,SP,Sudeste,-170.0,28 dias,28.0,672,170.0,retracao
123,0.55,336,184.8,12.5,25.0,0.0,0.6,CP V ARI,7 dias úmida / 56 dias ar 50% umidade,Laboratório,SP,Sudeste,-280.0,56 dias,56.0,1344,280.0,retracao
124,0.62,311,192.82,0.0,25.0,0.0,0.0,CP II F 40,7 dias úmida / 56 dias ar 50% umidade,Laboratório,BA,Nordeste,0.0,12 h,0.5,12,0.0,estabilidade
124,0.62,311,192.82,0.0,25.0,0.0,0.0,CP II F 40,7 dias úmida / 56 dias ar 50% umidade,Laboratório,BA,Nordeste,-10.0,1 dia,1.0,24,10.0,retracao
124,0.62,311,192.82,0.0,25.0,0.0,0.0,CP II F 40,7 dias úmida / 56 dias ar 50% umidade,Laboratório,BA,Nordeste,-30.0,3 dias,3.0,72,30.0,retracao
124,0.62,311,192.82,0.0,25.0,0.0,0.0,CP II F 40,7 dias úmida / 56 dias ar 50% umidade,Laboratório,BA,Nordeste,-50.0,7 dias,7.0,168,50.0,retracao
124,0.62,311,192.82,0.0,25.0,0.0,0.0,CP II F 40,7 dias úmida / 56 dias ar 50% umidade,Laboratório,BA,Nordeste,-140.0,14 dias,14.0,336,140.0,retracao
124,0.62,311,192.82,0.0,25.0,0.0,0.0,CP II F 40,7 dias úmida / 56 dias ar 50% umidade,Laboratório,BA,Nordeste,-270.0,28 dias,28.0,672,270.0,retracao
124,0.62,311,192.82,0.0,25.0,0.0,0.0,CP II F 40,7 dias úmida / 56 dias ar 50% umidade,Laboratório,BA,Nordeste,-410.0,56 dias,56.0,1344,410.0,retracao
125,0.54,344,185.76000000000002,10.0,0.0,5.5,0.6,CP II E 40,7 dias úmida / 56 dias ar 50% umidade,Laboratório,SP,Sudeste,0.0,12 h,0.5,12,0.0,estabilidade
125,0.54,344,185.76000000000002,10.0,0.0,5.5,0.6,CP II E 40,7 dias úmida / 56 dias ar 50% umidade,Laboratório,SP,Sudeste,60.0,1 dia,1.0,24,60.0,expansao
125,0.54,344,185.76000000000002,10.0,0.0,5.5,0.6,CP II E 40,7 dias úmida / 56 dias ar 50% umidade,Laboratório,SP,Sudeste,110.0,3 dias,3.0,72,110.0,expansao
125,0.54,344,185.76000000000002,10.0,0.0,5.5,0.6,CP II E 40,7 dias úmida / 56 dias ar 50% umidade,Laboratório,SP,Sudeste,140.0,7 dias,7.0,168,140.0,expansao
125,0.54,344,185.76000000000002,10.0,0.0,5.5,0.6,CP II E 40,7 dias úmida / 56 dias ar 50% umidade,Laboratório,SP,Sudeste,20.0,14 dias,14.0,336,20.0,expansao
125,0.54,344,185.76000000000002,10.0,0.0,5.5,0.6,CP II E 40,7 dias úmida / 56 dias ar 50% umidade,Laboratório,SP,Sudeste,-150.0,28 dias,28.0,672,150.0,retracao
125,0.54,344,185.76000000000002,10.0,0.0,5.5,0.6,CP II E 40,7 dias úmida / 56 dias ar 50% umidade,Laboratório,SP,Sudeste,-280.0,56 dias,56.0,1344,280.0,retracao
126,0.62,311,192.82,0.0,25.0,0.0,0.0,CP II F 40,7 dias úmida / 56 dias ar 50% umidade,Não informado,BA,Nordeste,0.0,12 h,0.5,12,0.0,estabilidade
126,0.62,311,192.82,0.0,25.0,0.0,0.0,CP II F 40,7 dias úmida / 56 dias ar 50% umidade,Não informado,BA,Nordeste,-10.0,1 dia,1.0,24,10.0,retracao
126,0.62,311,192.82,0.0,25.0,0.0,0.0,CP II F 40,7 dias úmida / 56 dias ar 50% umidade,Não informado,BA,Nordeste,-30.0,3 dias,3.0,72,30.0,retracao
126,0.62,311,192.82,0.0,25.0,0.0,0.0,CP II F 40,7 dias úmida / 56 dias ar 50% umidade,Não informado,BA,Nordeste,-50.0,7 dias,7.0,168,50.0,retracao
126,0.62,311,192.82,0.0,25.0,0.0,0.0,CP II F 40,7 dias úmida / 56 dias ar 50% umidade,Não informado,BA,Nordeste,-140.0,14 dias,14.0,336,140.0,retracao
126,0.62,311,192.82,0.0,25.0,0.0,0.0,CP II F 40,7 dias úmida / 56 dias ar 50% umidade,Não informado,BA,Nordeste,-270.0,28 dias,28.0,672,270.0,retracao
126,0.62,311,192.82,0.0,25.0,0.0,0.0,CP II F 40,7 dias úmida / 56 dias ar 50% umidade,Não informado,BA,Nordeste,-410.0,56 dias,56.0,1344,410.0,retracao
127,0.51,380,193.8,12.5,0.0,0.0,0.6,CP V ARI RS,7 dias úmida / 56 dias ar 50% umidade,Não informado,RJ,Sudeste,0.0,12 h,0.5,12,0.0,estabilidade
127,0.51,380,193.8,12.5,0.0,0.0,0.6,CP V ARI RS,7 dias úmida / 56 dias ar 50% umidade,Não informado,RJ,Sudeste,70.0,1 dia,1.0,24,70.0,expansao
127,0.51,380,193.8,12.5,0.0,0.0,0.6,CP V ARI RS,7 dias úmida / 56 dias ar 50% umidade,Não informado,RJ,Sudeste,80.0,3 dias,3.0,72,80.0,expansao
127,0.51,380,193.8,12.5,0.0,0.0,0.6,CP V ARI RS,7 dias úmida / 56 dias ar 50% umidade,Não informado,RJ,Sudeste,110.0,7 dias,7.0,168,110.0,expansao
127,0.51,380,193.8,12.5,0.0,0.0,0.6,CP V ARI RS,7 dias úmida / 56 dias ar 50% umidade,Não informado,RJ,Sudeste,-40.0,14 dias,14.0,336,40.0,retracao
127,0.51,380,193.8,12.5,0.0,0.0,0.6,CP V ARI RS,7 dias úmida / 56 dias ar 50% umidade,Não informado,RJ,Sudeste,-170.0,28 dias,28.0,672,170.0,retracao
127,0.51,380,193.8,12.5,0.0,0.0,0.6,CP V ARI RS,7 dias úmida / 56 dias ar 50% umidade,Não informado,RJ,Sudeste,-280.0,56 dias,56.0,1344,280.0,retracao
128,0.54,344,185.76000000000002,0.0,0.0,2.236,0.0,CP II E 40,7 dias úmida / 56 dias ar 50% umidade,Não informado,SP,Sudeste,0.0,12 h,0.5,12,0.0,estabilidade
128,0.54,344,185.76000000000002,0.0,0.0,2.236,0.0,CP II E 40,7 dias úmida / 56 dias ar 50% umidade,Não informado,SP,Sudeste,-50.0,1 dia,1.0,24,50.0,retracao
128,0.54,344,185.76000000000002,0.0,0.0,2.236,0.0,CP II E 40,7 dias úmida / 56 dias ar 50% umidade,Não informado,SP,Sudeste,-90.0,3 dias,3.0,72,90.0,retracao
128,0.54,344,185.76000000000002,0.0,0.0,2.236,0.0,CP II E 40,7 dias úmida / 56 dias ar 50% umidade,Não informado,SP,Sudeste,-140.0,7 dias,7.0,168,140.0,retracao
128,0.54,344,185.76000000000002,0.0,0.0,2.236,0.0,CP II E 40,7 dias úmida / 56 dias ar 50% umidade,Não informado,SP,Sudeste,-200.0,14 dias,14.0,336,200.0,retracao
128,0.54,344,185.76000000000002,0.0,0.0,2.236,0.0,CP II E 40,7 dias úmida / 56 dias ar 50% umidade,Não informado,SP,Sudeste,-310.0,28 dias,28.0,672,310.0,retracao
128,0.54,344,185.76000000000002,0.0,0.0,2.236,0.0,CP II E 40,7 dias úmida / 56 dias ar 50% umidade,Não informado,SP,Sudeste,-410.0,56 dias,56.0,1344,410.0,retracao
129,0.54,341,184.14000000000001,15.0,25.0,0.0,0.6,CP II F 40,7 dias úmida / 56 dias ar 50% umidade,Laboratório,SP,Sudeste,0.0,12 h,0.5,12,0.0,estabilidade
129,0.54,341,184.14000000000001,15.0,25.0,0.0,0.6,CP II F 40,7 dias úmida / 56 dias ar 50% umidade,Laboratório,SP,Sudeste,50.0,1 dia,1.0,24,50.0,expansao
129,0.54,341,184.14000000000001,15.0,25.0,0.0,0.6,CP II F 40,7 dias úmida / 56 dias ar 50% umidade,Laboratório,SP,Sudeste,100.0,3 dias,3.0,72,100.0,expansao
129,0.54,341,184.14000000000001,15.0,25.0,0.0,0.6,CP II F 40,7 dias úmida / 56 dias ar 50% umidade,Laboratório,SP,Sudeste,140.0,7 dias,7.0,168,140.0,expansao
129,0.54,341,184.14000000000001,15.0,25.0,0.0,0.6,CP II F 40,7 dias úmida / 56 dias ar 50% umidade,Laboratório,SP,Sudeste,-10.0,14 dias,14.0,336,10.0,retracao
129,0.54,341,184.14000000000001,15.0,25.0,0.0,0.6,CP II F 40,7 dias úmida / 56 dias ar 50% umidade,Laboratório,SP,Sudeste,-70.0,28 dias,28.0,672,70.0,retracao
129,0.54,341,184.14000000000001,15.0,25.0,0.0,0.6,CP II F 40,7 dias úmida / 56 dias ar 50% umidade,Laboratório,SP,Sudeste,-280.0,56 dias,56.0,1344,280.0,retracao
130,0.54,341,184.14000000000001,0.0,25.0,0.0,0.6,CP II F 40,7 dias úmida / 56 dias ar 50% umidade,Laboratório,SP,Sudeste,0.0,12 h,0.5,12,0.0,estabilidade
130,0.54,341,184.14000000000001,0.0,25.0,0.0,0.6,CP II F 40,7 dias úmida / 56 dias ar 50% umidade,Laboratório,SP,Sudeste,-60.0,1 dia,1.0,24,60.0,retracao
130,0.54,341,184.14000000000001,0.0,25.0,0.0,0.6,CP II F 40,7 dias úmida / 56 dias ar 50% umidade,Laboratório,SP,Sudeste,-90.0,3 dias,3.0,72,90.0,retracao
130,0.54,341,184.14000000000001,0.0,25.0,0.0,0.6,CP II F 40,7 dias úmida / 56 dias ar 50% umidade,Laboratório,SP,Sudeste,-150.0,7 dias,7.0,168,150.0,retracao
130,0.54,341,184.14000000000001,0.0,25.0,0.0,0.6,CP II F 40,7 dias úmida / 56 dias ar 50% umidade,Laboratório,SP,Sudeste,-190.0,14 dias,14.0,336,190.0,retracao
130,0.54,341,184.14000000000001,0.0,25.0,0.0,0.6,CP II F 40,7 dias úmida / 56 dias ar 50% umidade,Laboratório,SP,Sudeste,-260.0,28 dias,28.0,672,260.0,retracao
130,0.54,341,184.14000000000001,0.0,25.0,0.0,0.6,CP II F 40,7 dias úmida / 56 dias ar 50% umidade,Laboratório,SP,Sudeste,-410.0,56 dias,56.0,1344,410.0,retracao
131,0.55,336,184.8,10.0,25.0,0.0,0.6,CP II E 40,7 dias úmida / 56 dias ar 50% umidade,Não informado,SP,Sudeste,0.0,12 h,0.5,12,0.0,estabilidade
131,0.55,336,184.8,10.0,25.0,0.0,0.6,CP II E 40,7 dias úmida / 56 dias ar 50% umidade,Não informado,SP,Sudeste,50.0,1 dia,1.0,24,50.0,expansao
131,0.55,336,184.8,10.0,25.0,0.0,0.6,CP II E 40,7 dias úmida / 56 dias ar 50% umidade,Não informado,SP,Sudeste,100.0,3 dias,3.0,72,100.0,expansao
131,0.55,336,184.8,10.0,25.0,0.0,0.6,CP II E 40,7 dias úmida / 56 dias ar 50% umidade,Não informado,SP,Sudeste,130.0,7 dias,7.0,168,130.0,expansao
131,0.55,336,184.8,10.0,25.0,0.0,0.6,CP II E 40,7 dias úmida / 56 dias ar 50% umidade,Não informado,SP,Sudeste,-50.0,14 dias,14.0,336,50.0,retracao
131,0.55,336,184.8,10.0,25.0,0.0,0.6,CP II E 40,7 dias úmida / 56 dias ar 50% umidade,Não informado,SP,Sudeste,-160.0,28 dias,28.0,672,160.0,retracao
131,0.55,336,184.8,10.0,25.0,0.0,0.6,CP II E 40,7 dias úmida / 56 dias ar 50% umidade,Não informado,SP,Sudeste,-280.0,56 dias,56.0,1344,280.0,retracao
132,0.55,336,184.8,0.0,25.0,4.0,0.6,CP II E 40,7 dias úmida / 56 dias ar 50% umidade,Não informado,SP,Sudeste,0.0,12 h,0.5,12,0.0,estabilidade
132,0.55,336,184.8,0.0,25.0,4.0,0.6,CP II E 40,7 dias úmida / 56 dias ar 50% umidade,Não informado,SP,Sudeste,-80.0,1 dia,1.0,24,80.0,retracao
132,0.55,336,184.8,0.0,25.0,4.0,0.6,CP II E 40,7 dias úmida / 56 dias ar 50% umidade,Não informado,SP,Sudeste,-130.0,3 dias,3.0,72,130.0,retracao
132,0.55,336,184.8,0.0,25.0,4.0,0.6,CP II E 40,7 dias úmida / 56 dias ar 50% umidade,Não informado,SP,Sudeste,-180.0,7 dias,7.0,168,180.0,retracao
132,0.55,336,184.8,0.0,25.0,4.0,0.6,CP II E 40,7 dias úmida / 56 dias ar 50% umidade,Não informado,SP,Sudeste,-220.0,14 dias,14.0,336,220.0,retracao
132,0.55,336,184.8,0.0,25.0,4.0,0.6,CP II E 40,7 dias úmida / 56 dias ar 50% umidade,Não informado,SP,Sudeste,-290.0,28 dias,28.0,672,290.0,retracao
132,0.55,336,184.8,0.0,25.0,4.0,0.6,CP II E 40,7 dias úmida / 56 dias ar 50% umidade,Não informado,SP,Sudeste,-410.0,56 dias,56.0,1344,410.0,retracao
133,0.54,350,189.0,15.0,25.0,0.0,0.6,CP V ARI,7 dias úmida / 56 dias ar 50% umidade,Laboratório,SC,Sul,0.0,12 h,0.5,12,0.0,estabilidade
133,0.54,350,189.0,15.0,25.0,0.0,0.6,CP V ARI,7 dias úmida / 56 dias ar 50% umidade,Laboratório,SC,Sul,100.0,1 dia,1.0,24,100.0,expansao
133,0.54,350,189.0,15.0,25.0,0.0,0.6,CP V ARI,7 dias úmida / 56 dias ar 50% umidade,Laboratório,SC,Sul,90.0,3 dias,3.0,72,90.0,expansao
133,0.54,350,189.0,15.0,25.0,0.0,0.6,CP V ARI,7 dias úmida / 56 dias ar 50% umidade,Laboratório,SC,Sul,70.0,7 dias,7.0,168,70.0,expansao
133,0.54,350,189.0,15.0,25.0,0.0,0.6,CP V ARI,7 dias úmida / 56 dias ar 50% umidade,Laboratório,SC,Sul,-90.0,14 dias,14.0,336,90.0,retracao
133,0.54,350,189.0,15.0,25.0,0.0,0.6,CP V ARI,7 dias úmida / 56 dias ar 50% umidade,Laboratório,SC,Sul,-250.0,28 dias,28.0,672,250.0,retracao
133,0.54,350,189.0,15.0,25.0,0.0,0.6,CP V ARI,7 dias úmida / 56 dias ar 50% umidade,Laboratório,SC,Sul,-280.0,56 dias,56.0,1344,280.0,retracao
134,0.51,370,188.70000000000002,0.0,0.0,6.0,0.6,CP V ARI,7 dias úmida / 56 dias ar 50% umidade,Laboratório,SP,Sudeste,0.0,12 h,0.5,12,0.0,estabilidade
134,0.51,370,188.70000000000002,0.0,0.0,6.0,0.6,CP V ARI,7 dias úmida / 56 dias ar 50% umidade,Laboratório,SP,Sudeste,-60.0,1 dia,1.0,24,60.0,retracao
134,0.51,370,188.70000000000002,0.0,0.0,6.0,0.6,CP V ARI,7 dias úmida / 56 dias ar 50% umidade,Laboratório,SP,Sudeste,-110.0,3 dias,3.0,72,110.0,retracao
134,0.51,370,188.70000000000002,0.0,0.0,6.0,0.6,CP V ARI,7 dias úmida / 56 dias ar 50% umidade,Laboratório,SP,Sudeste,-160.0,7 dias,7.0,168,160.0,retracao
134,0.51,370,188.70000000000002,0.0,0.0,6.0,0.6,CP V ARI,7 dias úmida / 56 dias ar 50% umidade,Laboratório,SP,Sudeste,-200.0,14 dias,14.0,336,200.0,retracao
134,0.51,370,188.70000000000002,0.0,0.0,6.0,0.6,CP V ARI,7 dias úmida / 56 dias ar 50% umidade,Laboratório,SP,Sudeste,-290.0,28 dias,28.0,672,290.0,retracao
134,0.51,370,188.70000000000002,0.0,0.0,6.0,0.6,CP V ARI,7 dias úmida / 56 dias ar 50% umidade,Laboratório,SP,Sudeste,-410.0,56 dias,56.0,1344,410.0,retracao
135,0.55,336,184.8,12.5,0.0,0.0,0.0,CP V ARI,7 dias úmida / 56 dias ar 50% umidade,Não informado,PE,Nordeste,0.0,12 h,0.5,12,0.0,estabilidade
135,0.55,336,184.8,12.5,0.0,0.0,0.0,CP V ARI,7 dias úmida / 56 dias ar 50% umidade,Não informado,PE,Nordeste,140.0,1 dia,1.0,24,140.0,expansao
135,0.55,336,184.8,12.5,0.0,0.0,0.0,CP V ARI,7 dias úmida / 56 dias ar 50% umidade,Não informado,PE,Nordeste,150.0,3 dias,3.0,72,150.0,expansao
135,0.55,336,184.8,12.5,0.0,0.0,0.0,CP V ARI,7 dias úmida / 56 dias ar 50% umidade,Não informado,PE,Nordeste,150.0,7 dias,7.0,168,150.0,expansao
135,0.55,336,184.8,12.5,0.0,0.0,0.0,CP V ARI,7 dias úmida / 56 dias ar 50% umidade,Não informado,PE,Nordeste,60.0,14 dias,14.0,336,60.0,expansao
135,0.55,336,184.8,12.5,0.0,0.0,0.0,CP V ARI,7 dias úmida / 56 dias ar 50% umidade,Não informado,PE,Nordeste,-170.0,28 dias,28.0,672,170.0,retracao
135,0.55,336,184.8,12.5,0.0,0.0,0.0,CP V ARI,7 dias úmida / 56 dias ar 50% umidade,Não informado,PE,Nordeste,-280.0,56 dias,56.0,1344,280.0,retracao
136,0.53,340,180.20000000000002,0.0,0.0,5.5,0.6,CP II F 40,7 dias úmida / 56 dias ar 50% umidade,Não informado,BA,Nordeste,0.0,12 h,0.5,12,0.0,estabilidade
136,0.53,340,180.20000000000002,0.0,0.0,5.5,0.6,CP II F 40,7 dias úmida / 56 dias ar 50% umidade,Não informado,BA,Nordeste,-60.0,1 dia,1.0,24,60.0,retracao
136,0.53,340,180.20000000000002,0.0,0.0,5.5,0.6,CP II F 40,7 dias úmida / 56 dias ar 50% umidade,Não informado,BA,Nordeste,-120.0,3 dias,3.0,72,120.0,retracao
136,0.53,340,180.20000000000002,0.0,0.0,5.5,0.6,CP II F 40,7 dias úmida / 56 dias ar 50% umidade,Não informado,BA,Nordeste,-150.0,7 dias,7.0,168,150.0,retracao
136,0.53,340,180.20000000000002,0.0,0.0,5.5,0.6,CP II F 40,7 dias úmida / 56 dias ar 50% umidade,Não informado,BA,Nordeste,-200.0,14 dias,14.0,336,200.0,retracao
136,0.53,340,180.20000000000002,0.0,0.0,5.5,0.6,CP II F 40,7 dias úmida / 56 dias ar 50% umidade,Não informado,BA,Nordeste,-260.0,28 dias,28.0,672,260.0,retracao
136,0.53,340,180.20000000000002,0.0,0.0,5.5,0.6,CP II F 40,7 dias úmida / 56 dias ar 50% umidade,Não informado,BA,Nordeste,-410.0,56 dias,56.0,1344,410.0,retracao
137,0.51,373,190.23,10.0,0.0,0.0,0.0,CP V ARI RS,7 dias úmida / 56 dias ar 50% umidade,Não informado,MG,Sudeste,0.0,12 h,0.5,12,0.0,estabilidade
137,0.51,373,190.23,10.0,0.0,0.0,0.0,CP V ARI RS,7 dias úmida / 56 dias ar 50% umidade,Não informado,MG,Sudeste,20.0,1 dia,1.0,24,20.0,expansao
137,0.51,373,190.23,10.0,0.0,0.0,0.0,CP V ARI RS,7 dias úmida / 56 dias ar 50% umidade,Não informado,MG,Sudeste,60.0,3 dias,3.0,72,60.0,expansao
137,0.51,373,190.23,10.0,0.0,0.0,0.0,CP V ARI RS,7 dias úmida / 56 dias ar 50% umidade,Não informado,MG,Sudeste,80.0,7 dias,7.0,168,80.0,expansao
137,0.51,373,190.23,10.0,0.0,0.0,0.0,CP V ARI RS,7 dias úmida / 56 dias ar 50% umidade,Não informado,MG,Sudeste,-60.0,14 dias,14.0,336,60.0,retracao
137,0.51,373,190.23,10.0,0.0,0.0,0.0,CP V ARI RS,7 dias úmida / 56 dias ar 50% umidade,Não informado,MG,Sudeste,-150.0,28 dias,28.0,672,150.0,retracao
137,0.51,373,190.23,10.0,0.0,0.0,0.0,CP V ARI RS,7 dias úmida / 56 dias ar 50% umidade,Não informado,MG,Sudeste,-280.0,56 dias,56.0,1344,280.0,retracao
138,0.55,336,184.8,0.0,0.0,5.5,0.6,CP II E 40,7 dias úmida / 56 dias ar 50% umidade,Não informado,SP,Sudeste,0.0,12 h,0.5,12,0.0,estabilidade
138,0.55,336,184.8,0.0,0.0,5.5,0.6,CP II E 40,7 dias úmida / 56 dias ar 50% umidade,Não informado,SP,Sudeste,-50.0,1 dia,1.0,24,50.0,retracao
138,0.55,336,184.8,0.0,0.0,5.5,0.6,CP II E 40,7 dias úmida / 56 dias ar 50% umidade,Não informado,SP,Sudeste,-90.0,3 dias,3.0,72,90.0,retracao
138,0.55,336,184.8,0.0,0.0,5.5,0.6,CP II E 40,7 dias úmida / 56 dias ar 50% umidade,Não informado,SP,Sudeste,-160.0,7 dias,7.0,168,160.0,retracao
138,0.55,336,184.8,0.0,0.0,5.5,0.6,CP II E 40,7 dias úmida / 56 dias ar 50% umidade,Não informado,SP,Sudeste,-200.0,14 dias,14.0,336,200.0,retracao
138,0.55,336,184.8,0.0,0.0,5.5,0.6,CP II E 40,7 dias úmida / 56 dias ar 50% umidade,Não informado,SP,Sudeste,-260.0,28 dias,28.0,672,260.0,retracao
138,0.55,336,184.8,0.0,0.0,5.5,0.6,CP II E 40,7 dias úmida / 56 dias ar 50% umidade,Não informado,SP,Sudeste,-410.0,56 dias,56.0,1344,410.0,retracao
139,0.55,336,184.8,15.0,0.0,0.0,0.6,CP II E 40,7 dias úmida / 56 dias ar 50% umidade,Não informado,SP,Sudeste,0.0,12 h,0.5,12,0.0,estabilidade
139,0.55,336,184.8,15.0,0.0,0.0,0.6,CP II E 40,7 dias úmida / 56 dias ar 50% umidade,Não informado,SP,Sudeste,40.0,1 dia,1.0,24,40.0,expansao
139,0.55,336,184.8,15.0,0.0,0.0,0.6,CP II E 40,7 dias úmida / 56 dias ar 50% umidade,Não informado,SP,Sudeste,100.0,3 dias,3.0,72,100.0,expansao
139,0.55,336,184.8,15.0,0.0,0.0,0.6,CP II E 40,7 dias úmida / 56 dias ar 50% umidade,Não informado,SP,Sudeste,140.0,7 dias,7.0,168,140.0,expansao
139,0.55,336,184.8,15.0,0.0,0.0,0.6,CP II E 40,7 dias úmida / 56 dias ar 50% umidade,Não informado,SP,Sudeste,-10.0,14 dias,14.0,336,10.0,retracao
139,0.55,336,184.8,15.0,0.0,0.0,0.6,CP II E 40,7 dias úmida / 56 dias ar 50% umidade,Não informado,SP,Sudeste,-80.0,28 dias,28.0,672,80.0,retracao
139,0.55,336,184.8,15.0,0.0,0.0,0.6,CP II E 40,7 dias úmida / 56 dias ar 50% umidade,Não informado,SP,Sudeste,-280.0,56 dias,56.0,1344,280.0,retracao
140,0.55,336,184.8,0.0,0.0,5.5,0.6,CP II E 40,7 dias úmida / 56 dias ar 50% umidade,Não informado,SP,Sudeste,0.0,12 h,0.5,12,0.0,estabilidade
140,0.55,336,184.8,0.0,0.0,5.5,0.6,CP II E 40,7 dias úmida / 56 dias ar 50% umidade,Não informado,SP,Sudeste,-50.0,1 dia,1.0,24,50.0,retracao
140,0.55,336,184.8,0.0,0.0,5.5,0.6,CP II E 40,7 dias úmida / 56 dias ar 50% umidade,Não informado,SP,Sudeste,-90.0,3 dias,3.0,72,90.0,retracao
140,0.55,336,184.8,0.0,0.0,5.5,0.6,CP II E 40,7 dias úmida / 56 dias ar 50% umidade,Não informado,SP,Sudeste,-160.0,7 dias,7.0,168,160.0,retracao
140,0.55,336,184.8,0.0,0.0,5.5,0.6,CP II E 40,7 dias úmida / 56 dias ar 50% umidade,Não informado,SP,Sudeste,-200.0,14 dias,14.0,336,200.0,retracao
140,0.55,336,184.8,0.0,0.0,5.5,0.6,CP II E 40,7 dias úmida / 56 dias ar 50% umidade,Não informado,SP,Sudeste,-260.0,28 dias,28.0,672,260.0,retracao
140,0.55,336,184.8,0.0,0.0,5.5,0.6,CP II E 40,7 dias úmida / 56 dias ar 50% umidade,Não informado,SP,Sudeste,-410.0,56 dias,56.0,1344,410.0,retracao
141,0.5,380,190.0,12.0,0.0,5.0,0.6,CP V ARI,7 dias úmida / 56 dias ar 50% umidade,Laboratório,DF,Centro Oeste,0.0,12 h,0.5,12,0.0,estabilidade
141,0.5,380,190.0,12.0,0.0,5.0,0.6,CP V ARI,7 dias úmida / 56 dias ar 50% umidade,Laboratório,DF,Centro Oeste,40.0,1 dia,1.0,24,40.0,expansao
141,0.5,380,190.0,12.0,0.0,5.0,0.6,CP V ARI,7 dias úmida / 56 dias ar 50% umidade,Laboratório,DF,Centro Oeste,70.0,3 dias,3.0,72,70.0,expansao
141,0.5,380,190.0,12.0,0.0,5.0,0.6,CP V ARI,7 dias úmida / 56 dias ar 50% umidade,Laboratório,DF,Centro Oeste,110.0,7 dias,7.0,168,110.0,expansao
141,0.5,380,190.0,12.0,0.0,5.0,0.6,CP V ARI,7 dias úmida / 56 dias ar 50% umidade,Laboratório,DF,Centro Oeste,-20.0,14 dias,14.0,336,20.0,retracao
141,0.5,380,190.0,12.0,0.0,5.0,0.6,CP V ARI,7 dias úmida / 56 dias ar 50% umidade,Laboratório,DF,Centro Oeste,-120.0,28 dias,28.0,672,120.0,retracao
141,0.5,380,190.0,12.0,0.0,5.0,0.6,CP V ARI,7 dias úmida / 56 dias ar 50% umidade,Laboratório,DF,Centro Oeste,-280.0,56 dias,56.0,1344,280.0,retracao
142,0.52,356,185.12,0.0,0.0,0.0,0.6,CP II E 40,7 dias úmida / 56 dias ar 50% umidade,Não informado,SP,Sudeste,0.0,12 h,0.5,12,0.0,estabilidade
142,0.52,356,185.12,0.0,0.0,0.0,0.6,CP II E 40,7 dias úmida / 56 dias ar 50% umidade,Não informado,SP,Sudeste,-40.0,1 dia,1.0,24,40.0,retracao
142,0.52,356,185.12,0.0,0.0,0.0,0.6,CP II E 40,7 dias úmida / 56 dias ar 50% umidade,Não informado,SP,Sudeste,-90.0,3 dias,3.0,72,90.0,retracao
142,0.52,356,185.12,0.0,0.0,0.0,0.6,CP II E 40,7 dias úmida / 56 dias ar 50% umidade,Não informado,SP,Sudeste,-140.0,7 dias,7.0,168,140.0,retracao
142,0.52,356,185.12,0.0,0.0,0.0,0.6,CP II E 40,7 dias úmida / 56 dias ar 50% umidade,Não informado,SP,Sudeste,-210.0,14 dias,14.0,336,210.0,retracao
142,0.52,356,185.12,0.0,0.0,0.0,0.6,CP II E 40,7 dias úmida / 56 dias ar 50% umidade,Não informado,SP,Sudeste,-290.0,28 dias,28.0,672,290.0,retracao
142,0.52,356,185.12,0.0,0.0,0.0,0.6,CP II E 40,7 dias úmida / 56 dias ar 50% umidade,Não informado,SP,Sudeste,-410.0,56 dias,56.0,1344,410.0,retracao
143,0.55,336,184.8,15.0,0.0,0.0,0.6,CP II E 40,Não informado,Não informado,SP,Sudeste,0.0,12 h,0.5,12,0.0,estabilidade
143,0.55,336,184.8,15.0,0.0,0.0,0.6,CP II E 40,Não informado,Não informado,SP,Sudeste,50.0,1 dia,1.0,24,50.0,expansao
143,0.55,336,184.8,15.0,0.0,0.0,0.6,CP II E 40,Não informado,Não informado,SP,Sudeste,90.0,3 dias,3.0,72,90.0,expansao
143,0.55,336,184.8,15.0,0.0,0.0,0.6,CP II E 40,Não informado,Não informado,SP,Sudeste,140.0,7 dias,7.0,168,140.0,expansao
143,0.55,336,184.8,15.0,0.0,0.0,0.6,CP II E 40,Não informado,Não informado,SP,Sudeste,0.0,14 dias,14.0,336,0.0,estabilidade
143,0.55,336,184.8,15.0,0.0,0.0,0.6,CP II E 40,Não informado,Não informado,SP,Sudeste,-120.0,28 dias,28.0,672,120.0,retracao
143,0.55,336,184.8,15.0,0.0,0.0,0.6,CP II E 40,Não informado,Não informado,SP,Sudeste,-280.0,56 dias,56.0,1344,280.0,retracao
144,0.49,380,186.2,0.0,0.0,5.5,0.6,CP V ARI RS,7 dias úmida / 56 dias ar 50% umidade,Não informado,CE,Nordeste,0.0,12 h,0.5,12,0.0,estabilidade
144,0.49,380,186.2,0.0,0.0,5.5,0.6,CP V ARI RS,7 dias úmida / 56 dias ar 50% umidade,Não informado,CE,Nordeste,-40.0,1 dia,1.0,24,40.0,retracao
144,0.49,380,186.2,0.0,0.0,5.5,0.6,CP V ARI RS,7 dias úmida / 56 dias ar 50% umidade,Não informado,CE,Nordeste,-90.0,3 dias,3.0,72,90.0,retracao
144,0.49,380,186.2,0.0,0.0,5.5,0.6,CP V ARI RS,7 dias úmida / 56 dias ar 50% umidade,Não informado,CE,Nordeste,-140.0,7 dias,7.0,168,140.0,retracao
144,0.49,380,186.2,0.0,0.0,5.5,0.6,CP V ARI RS,7 dias úmida / 56 dias ar 50% umidade,Não informado,CE,Nordeste,-210.0,14 dias,14.0,336,210.0,retracao
144,0.49,380,186.2,0.0,0.0,5.5,0.6,CP V ARI RS,7 dias úmida / 56 dias ar 50% umidade,Não informado,CE,Nordeste,-300.0,28 dias,28.0,672,300.0,retracao
144,0.49,380,186.2,0.0,0.0,5.5,0.6,CP V ARI RS,7 dias úmida / 56 dias ar 50% umidade,Não informado,CE,Nordeste,-410.0,56 dias,56.0,1344,410.0,retracao
145,0.528,360,190.08,15.0,0.0,0.0,0.6,CP II F 32 RS,7 dias úmida / 56 dias ar 50% umidade,Não informado,AM,Norte,0.0,12 h,0.5,12,0.0,estabilidade
145,0.528,360,190.08,15.0,0.0,0.0,0.6,CP II F 32 RS,7 dias úmida / 56 dias ar 50% umidade,Não informado,AM,Norte,120.0,1 dia,1.0,24,120.0,expansao
145,0.528,360,190.08,15.0,0.0,0.0,0.6,CP II F 32 RS,7 dias úmida / 56 dias ar 50% umidade,Não informado,AM,Norte,160.0,3 dias,3.0,72,160.0,expansao
145,0.528,360,190.08,15.0,0.0,0.0,0.6,CP II F 32 RS,7 dias úmida / 56 dias ar 50% umidade,Não informado,AM,Norte,200.0,7 dias,7.0,168,200.0,expansao
145,0.528,360,190.08,15.0,0.0,0.0,0.6,CP II F 32 RS,7 dias úmida / 56 dias ar 50% umidade,Não informado,AM,Norte,-30.0,14 dias,14.0,336,30.0,retracao
145,0.528,360,190.08,15.0,0.0,0.0,0.6,CP II F 32 RS,7 dias úmida / 56 dias ar 50% umidade,Não informado,AM,Norte,-150.0,28 dias,28.0,672,150.0,retracao
145,0.528,360,190.08,15.0,0.0,0.0,0.6,CP II F 32 RS,7 dias úmida / 56 dias ar 50% umidade,Não informado,AM,Norte,-270.0,56 dias,56.0,1344,270.0,retracao
146,0.55,336,184.8,0.0,0.0,5.5,0.0,CP II F 40,7 dias úmida / 56 dias ar 50% umidade,Não informado,PR,Sul,0.0,12 h,0.5,12,0.0,estabilidade
146,0.55,336,184.8,0.0,0.0,5.5,0.0,CP II F 40,7 dias úmida / 56 dias ar 50% umidade,Não informado,PR,Sul,-30.0,1 dia,1.0,24,30.0,retracao
146,0.55,336,184.8,0.0,0.0,5.5,0.0,CP II F 40,7 dias úmida / 56 dias ar 50% umidade,Não informado,PR,Sul,-70.0,3 dias,3.0,72,70.0,retracao
146,0.55,336,184.8,0.0,0.0,5.5,0.0,CP II F 40,7 dias úmida / 56 dias ar 50% umidade,Não informado,PR,Sul,-110.0,7 dias,7.0,168,110.0,retracao
146,0.55,336,184.8,0.0,0.0,5.5,0.0,CP II F 40,7 dias úmida / 56 dias ar 50% umidade,Não informado,PR,Sul,-180.0,14 dias,14.0,336,180.0,retracao
146,0.55,336,184.8,0.0,0.0,5.5,0.0,CP II F 40,7 dias úmida / 56 dias ar 50% umidade,Não informado,PR,Sul,-270.0,28 dias,28.0,672,270.0,retracao
146,0.55,336,184.8,0.0,0.0,5.5,0.0,CP II F 40,7 dias úmida / 56 dias ar 50% umidade,Não informado,PR,Sul,-410.0,56 dias,56.0,1344,410.0,retracao
147,0.54,340,183.60000000000002,12.5,25.0,0.0,0.6,CP II F 40,7 dias úmida / 56 dias ar 50% umidade,Laboratório,SP,Sudeste,0.0,12 h,0.5,12,0.0,estabilidade
147,0.54,340,183.60000000000002,12.5,25.0,0.0,0.6,CP II F 40,7 dias úmida / 56 dias ar 50% umidade,Laboratório,SP,Sudeste,60.0,1 dia,1.0,24,60.0,expansao
147,0.54,340,183.60000000000002,12.5,25.0,0.0,0.6,CP II F 40,7 dias úmida / 56 dias ar 50% umidade,Laboratório,SP,Sudeste,100.0,3 dias,3.0,72,100.0,expansao
147,0.54,340,183.60000000000002,12.5,25.0,0.0,0.6,CP II F 40,7 dias úmida / 56 dias ar 50% umidade,Laboratório,SP,Sudeste,150.0,7 dias,7.0,168,150.0,expansao
147,0.54,340,183.60000000000002,12.5,25.0,0.0,0.6,CP II F 40,7 dias úmida / 56 dias ar 50% umidade,Laboratório,SP,Sudeste,-30.0,14 dias,14.0,336,30.0,retracao
147,0.54,340,183.60000000000002,12.5,25.0,0.0,0.6,CP II F 40,7 dias úmida / 56 dias ar 50% umidade,Laboratório,SP,Sudeste,-150.0,28 dias,28.0,672,150.0,retracao
147,0.54,340,183.60000000000002,12.5,25.0,0.0,0.6,CP II F 40,7 dias úmida / 56 dias ar 50% umidade,Laboratório,SP,Sudeste,-270.0,56 dias,56.0,1344,270.0,retracao
148,0.52,356,185.12,0.0,0.0,0.0,0.6,CP II E 40,7 dias úmida / 56 dias ar 50% umidade,Não informado,PB,Nordeste,0.0,12 h,0.5,12,0.0,estabilidade
148,0.52,356,185.12,0.0,0.0,0.0,0.6,CP II E 40,7 dias úmida / 56 dias ar 50% umidade,Não informado,PB,Nordeste,-40.0,1 dia,1.0,24,40.0,retracao
148,0.52,356,185.12,0.0,0.0,0.0,0.6,CP II E 40,7 dias úmida / 56 dias ar 50% umidade,Não informado,PB,Nordeste,-90.0,3 dias,3.0,72,90.0,retracao
148,0.52,356,185.12,0.0,0.0,0.0,0.6,CP II E 40,7 dias úmida / 56 dias ar 50% umidade,Não informado,PB,Nordeste,-140.0,7 dias,7.0,168,140.0,retracao
148,0.52,356,185.12,0.0,0.0,0.0,0.6,CP II E 40,7 dias úmida / 56 dias ar 50% umidade,Não informado,PB,Nordeste,-210.0,14 dias,14.0,336,210.0,retracao
148,0.52,356,185.12,0.0,0.0,0.0,0.6,CP II E 40,7 dias úmida / 56 dias ar 50% umidade,Não informado,PB,Nordeste,-290.0,28 dias,28.0,672,290.0,retracao
148,0.52,356,185.12,0.0,0.0,0.0,0.6,CP II E 40,7 dias úmida / 56 dias ar 50% umidade,Não informado,PB,Nordeste,-410.0,56 dias,56.0,1344,410.0,retracao
149,0.53,350,185.5,15.0,0.0,0.0,0.6,CP V ARI,7 dias úmida / 56 dias ar 50% umidade,Não informado,SP ,Sudeste,0.0,12 h,0.5,12,0.0,estabilidade
149,0.53,350,185.5,15.0,0.0,0.0,0.6,CP V ARI,7 dias úmida / 56 dias ar 50% umidade,Não informado,SP ,Sudeste,60.0,1 dia,1.0,24,60.0,expansao
149,0.53,350,185.5,15.0,0.0,0.0,0.6,CP V ARI,7 dias úmida / 56 dias ar 50% umidade,Não informado,SP ,Sudeste,110.0,3 dias,3.0,72,110.0,expansao
149,0.53,350,185.5,15.0,0.0,0.0,0.6,CP V ARI,7 dias úmida / 56 dias ar 50% umidade,Não informado,SP ,Sudeste,150.0,7 dias,7.0,168,150.0,expansao
149,0.53,350,185.5,15.0,0.0,0.0,0.6,CP V ARI,7 dias úmida / 56 dias ar 50% umidade,Não informado,SP ,Sudeste,50.0,14 dias,14.0,336,50.0,expansao
149,0.53,350,185.5,15.0,0.0,0.0,0.6,CP V ARI,7 dias úmida / 56 dias ar 50% umidade,Não informado,SP ,Sudeste,-50.0,28 dias,28.0,672,50.0,retracao
149,0.53,350,185.5,15.0,0.0,0.0,0.6,CP V ARI,7 dias úmida / 56 dias ar 50% umidade,Não informado,SP ,Sudeste,-270.0,56 dias,56.0,1344,270.0,retracao
150,0.55,337,185.35000000000002,0.0,25.0,0.0,0.6,CP II E 40,7 dias úmida / 56 dias ar 50% umidade,Laboratório,SP,Sudeste,0.0,12 h,0.5,12,0.0,estabilidade
150,0.55,337,185.35000000000002,0.0,25.0,0.0,0.6,CP II E 40,7 dias úmida / 56 dias ar 50% umidade,Laboratório,SP,Sudeste,-50.0,1 dia,1.0,24,50.0,retracao
150,0.55,337,185.35000000000002,0.0,25.0,0.0,0.6,CP II E 40,7 dias úmida / 56 dias ar 50% umidade,Laboratório,SP,Sudeste,-100.0,3 dias,3.0,72,100.0,retracao
150,0.55,337,185.35000000000002,0.0,25.0,0.0,0.6,CP II E 40,7 dias úmida / 56 dias ar 50% umidade,Laboratório,SP,Sudeste,-160.0,7 dias,7.0,168,160.0,retracao
150,0.55,337,185.35000000000002,0.0,25.0,0.0,0.6,CP II E 40,7 dias úmida / 56 dias ar 50% umidade,Laboratório,SP,Sudeste,-240.0,14 dias,14.0,336,240.0,retracao
150,0.55,337,185.35000000000002,0.0,25.0,0.0,0.6,CP II E 40,7 dias úmida / 56 dias ar 50% umidade,Laboratório,SP,Sudeste,-310.0,28 dias,28.0,672,310.0,retracao
150,0.55,337,185.35000000000002,0.0,25.0,0.0,0.6,CP II E 40,7 dias úmida / 56 dias ar 50% umidade,Laboratório,SP,Sudeste,-410.0,56 dias,56.0,1344,410.0,retracao
151,0.52,370,192.4,15.0,0.0,0.0,0.6,CP III RS,7 dias úmida / 56 dias ar 50% umidade,Não informado,RJ,Sudeste,0.0,12 h,0.5,12,0.0,estabilidade
151,0.52,370,192.4,15.0,0.0,0.0,0.6,CP III RS,7 dias úmida / 56 dias ar 50% umidade,Não informado,RJ,Sudeste,50.0,1 dia,1.0,24,50.0,expansao
151,0.52,370,192.4,15.0,0.0,0.0,0.6,CP III RS,7 dias úmida / 56 dias ar 50% umidade,Não informado,RJ,Sudeste,110.0,3 dias,3.0,72,110.0,expansao
151,0.52,370,192.4,15.0,0.0,0.0,0.6,CP III RS,7 dias úmida / 56 dias ar 50% umidade,Não informado,RJ,Sudeste,150.0,7 dias,7.0,168,150.0,expansao
151,0.52,370,192.4,15.0,0.0,0.0,0.6,CP III RS,7 dias úmida / 56 dias ar 50% umidade,Não informado,RJ,Sudeste,30.0,14 dias,14.0,336,30.0,expansao
151,0.52,370,192.4,15.0,0.0,0.0,0.6,CP III RS,7 dias úmida / 56 dias ar 50% umidade,Não informado,RJ,Sudeste,-90.0,28 dias,28.0,672,90.0,retracao
151,0.52,370,192.4,15.0,0.0,0.0,0.6,CP III RS,7 dias úmida / 56 dias ar 50% umidade,Não informado,RJ,Sudeste,-270.0,56 dias,56.0,1344,270.0,retracao
152,0.49,380,186.2,0.0,0.0,0.0,0.6,CP V ARI RS,7 dias úmida / 56 dias ar 50% umidade,Não informado,RJ,Sudeste,0.0,12 h,0.5,12,0.0,estabilidade
152,0.49,380,186.2,0.0,0.0,0.0,0.6,CP V ARI RS,7 dias úmida / 56 dias ar 50% umidade,Não informado,RJ,Sudeste,-40.0,1 dia,1.0,24,40.0,retracao
152,0.49,380,186.2,0.0,0.0,0.0,0.6,CP V ARI RS,7 dias úmida / 56 dias ar 50% umidade,Não informado,RJ,Sudeste,-90.0,3 dias,3.0,72,90.0,retracao
152,0.49,380,186.2,0.0,0.0,0.0,0.6,CP V ARI RS,7 dias úmida / 56 dias ar 50% umidade,Não informado,RJ,Sudeste,-120.0,7 dias,7.0,168,120.0,retracao
152,0.49,380,186.2,0.0,0.0,0.0,0.6,CP V ARI RS,7 dias úmida / 56 dias ar 50% umidade,Não informado,RJ,Sudeste,-180.0,14 dias,14.0,336,180.0,retracao
152,0.49,380,186.2,0.0,0.0,0.0,0.6,CP V ARI RS,7 dias úmida / 56 dias ar 50% umidade,Não informado,RJ,Sudeste,-280.0,28 dias,28.0,672,280.0,retracao
152,0.49,380,186.2,0.0,0.0,0.0,0.6,CP V ARI RS,7 dias úmida / 56 dias ar 50% umidade,Não informado,RJ,Sudeste,-400.0,56 dias,56.0,1344,400.0,retracao
153,0.47,390,183.29999999999998,12.5,0.0,0.0,0.0,CP V ARI RS,7 dias úmida / 56 dias ar 50% umidade,Não informado,SP,Sudeste,0.0,12 h,0.5,12,0.0,estabilidade
153,0.47,390,183.29999999999998,12.5,0.0,0.0,0.0,CP V ARI RS,7 dias úmida / 56 dias ar 50% umidade,Não informado,SP,Sudeste,50.0,1 dia,1.0,24,50.0,expansao
153,0.47,390,183.29999999999998,12.5,0.0,0.0,0.0,CP V ARI RS,7 dias úmida / 56 dias ar 50% umidade,Não informado,SP,Sudeste,80.0,3 dias,3.0,72,80.0,expansao
153,0.47,390,183.29999999999998,12.5,0.0,0.0,0.0,CP V ARI RS,7 dias úmida / 56 dias ar 50% umidade,Não informado,SP,Sudeste,130.0,7 dias,7.0,168,130.0,expansao
153,0.47,390,183.29999999999998,12.5,0.0,0.0,0.0,CP V ARI RS,7 dias úmida / 56 dias ar 50% umidade,Não informado,SP,Sudeste,-30.0,14 dias,14.0,336,30.0,retracao
153,0.47,390,183.29999999999998,12.5,0.0,0.0,0.0,CP V ARI RS,7 dias úmida / 56 dias ar 50% umidade,Não informado,SP,Sudeste,-100.0,28 dias,28.0,672,100.0,retracao
153,0.47,390,183.29999999999998,12.5,0.0,0.0,0.0,CP V ARI RS,7 dias úmida / 56 dias ar 50% umidade,Não informado,SP,Sudeste,-270.0,56 dias,56.0,1344,270.0,retracao
154,0.54,340,183.60000000000002,0.0,25.0,0.0,0.6,CP II F 40,7 dias úmida / 56 dias ar 50% umidade,Laboratório,SP,Sudeste,0.0,12 h,0.5,12,0.0,estabilidade
154,0.54,340,183.60000000000002,0.0,25.0,0.0,0.6,CP II F 40,7 dias úmida / 56 dias ar 50% umidade,Laboratório,SP,Sudeste,-60.0,1 dia,1.0,24,60.0,retracao
154,0.54,340,183.60000000000002,0.0,25.0,0.0,0.6,CP II F 40,7 dias úmida / 56 dias ar 50% umidade,Laboratório,SP,Sudeste,-110.0,3 dias,3.0,72,110.0,retracao
154,0.54,340,183.60000000000002,0.0,25.0,0.0,0.6,CP II F 40,7 dias úmida / 56 dias ar 50% umidade,Laboratório,SP,Sudeste,-150.0,7 dias,7.0,168,150.0,retracao
154,0.54,340,183.60000000000002,0.0,25.0,0.0,0.6,CP II F 40,7 dias úmida / 56 dias ar 50% umidade,Laboratório,SP,Sudeste,-200.0,14 dias,14.0,336,200.0,retracao
154,0.54,340,183.60000000000002,0.0,25.0,0.0,0.6,CP II F 40,7 dias úmida / 56 dias ar 50% umidade,Laboratório,SP,Sudeste,-320.0,28 dias,28.0,672,320.0,retracao
154,0.54,340,183.60000000000002,0.0,25.0,0.0,0.6,CP II F 40,7 dias úmida / 56 dias ar 50% umidade,Laboratório,SP,Sudeste,-400.0,56 dias,56.0,1344,400.0,retracao
155,0.61,330,201.29999999999998,8.0,0.0,0.0,0.3,CP V ARI,7 dias úmida / 56 dias ar 50% umidade,Campo,SP,Sudeste,0.0,12 h,0.5,12,0.0,estabilidade
155,0.61,330,201.29999999999998,8.0,0.0,0.0,0.3,CP V ARI,7 dias úmida / 56 dias ar 50% umidade,Campo,SP,Sudeste,-40.0,1 dia,1.0,24,40.0,retracao
155,0.61,330,201.29999999999998,8.0,0.0,0.0,0.3,CP V ARI,7 dias úmida / 56 dias ar 50% umidade,Campo,SP,Sudeste,-90.0,3 dias,3.0,72,90.0,retracao
155,0.61,330,201.29999999999998,8.0,0.0,0.0,0.3,CP V ARI,7 dias úmida / 56 dias ar 50% umidade,Campo,SP,Sudeste,-430.0,7 dias,7.0,168,430.0,retracao
155,0.61,330,201.29999999999998,8.0,0.0,0.0,0.3,CP V ARI,7 dias úmida / 56 dias ar 50% umidade,Campo,SP,Sudeste,-540.0,14 dias,14.0,336,540.0,retracao
155,0.61,330,201.29999999999998,8.0,0.0,0.0,0.3,CP V ARI,7 dias úmida / 56 dias ar 50% umidade,Campo,SP,Sudeste,-700.0,28 dias,28.0,672,700.0,retracao
155,0.61,330,201.29999999999998,8.0,0.0,0.0,0.3,CP V ARI,7 dias úmida / 56 dias ar 50% umidade,Campo,SP,Sudeste,-910.0,56 dias,56.0,1344,910.0,retracao
156,0.51,373,190.23,0.0,0.0,0.0,0.0,CP V ARI RS,7 dias úmida / 56 dias ar 50% umidade,Não informado,MG,Sudeste,0.0,12 h,0.5,12,0.0,estabilidade
156,0.51,373,190.23,0.0,0.0,0.0,0.0,CP V ARI RS,7 dias úmida / 56 dias ar 50% umidade,Não informado,MG,Sudeste,-50.0,1 dia,1.0,24,50.0,retracao
156,0.51,373,190.23,0.0,0.0,0.0,0.0,CP V ARI RS,7 dias úmida / 56 dias ar 50% umidade,Não informado,MG,Sudeste,-80.0,3 dias,3.0,72,80.0,retracao
156,0.51,373,190.23,0.0,0.0,0.0,0.0,CP V ARI RS,7 dias úmida / 56 dias ar 50% umidade,Não informado,MG,Sudeste,-120.0,7 dias,7.0,168,120.0,retracao
156,0.51,373,190.23,0.0,0.0,0.0,0.0,CP V ARI RS,7 dias úmida / 56 dias ar 50% umidade,Não informado,MG,Sudeste,-200.0,14 dias,14.0,336,200.0,retracao
156,0.51,373,190.23,0.0,0.0,0.0,0.0,CP V ARI RS,7 dias úmida / 56 dias ar 50% umidade,Não informado,MG,Sudeste,-280.0,28 dias,28.0,672,280.0,retracao
156,0.51,373,190.23,0.0,0.0,0.0,0.0,CP V ARI RS,7 dias úmida / 56 dias ar 50% umidade,Não informado,MG,Sudeste,-400.0,56 dias,56.0,1344,400.0,retracao
157,0.62,325,201.5,0.0,0.0,0.0,0.3,CP V ARI,7 dias úmida / 56 dias ar 50% umidade,Laboratório,SP,Sudeste,0.0,12 h,0.5,12,0.0,estabilidade
157,0.62,325,201.5,0.0,0.0,0.0,0.3,CP V ARI,7 dias úmida / 56 dias ar 50% umidade,Laboratório,SP,Sudeste,-40.0,1 dia,1.0,24,40.0,retracao
157,0.62,325,201.5,0.0,0.0,0.0,0.3,CP V ARI,7 dias úmida / 56 dias ar 50% umidade,Laboratório,SP,Sudeste,-90.0,3 dias,3.0,72,90.0,retracao
157,0.62,325,201.5,0.0,0.0,0.0,0.3,CP V ARI,7 dias úmida / 56 dias ar 50% umidade,Laboratório,SP,Sudeste,-140.0,7 dias,7.0,168,140.0,retracao
157,0.62,325,201.5,0.0,0.0,0.0,0.3,CP V ARI,7 dias úmida / 56 dias ar 50% umidade,Laboratório,SP,Sudeste,-190.0,14 dias,14.0,336,190.0,retracao
157,0.62,325,201.5,0.0,0.0,0.0,0.3,CP V ARI,7 dias úmida / 56 dias ar 50% umidade,Laboratório,SP,Sudeste,-270.0,28 dias,28.0,672,270.0,retracao
157,0.62,325,201.5,0.0,0.0,0.0,0.3,CP V ARI,7 dias úmida / 56 dias ar 50% umidade,Laboratório,SP,Sudeste,-400.0,56 dias,56.0,1344,400.0,retracao
158,0.53,360,190.8,0.0,0.0,0.0,0.6,CP V ARI,7 dias úmida / 56 dias ar 50% umidade,Não informado,DF,Centro Oeste,0.0,12 h,0.5,12,0.0,estabilidade
158,0.53,360,190.8,0.0,0.0,0.0,0.6,CP V ARI,7 dias úmida / 56 dias ar 50% umidade,Não informado,DF,Centro Oeste,-30.0,1 dia,1.0,24,30.0,retracao
158,0.53,360,190.8,0.0,0.0,0.0,0.6,CP V ARI,7 dias úmida / 56 dias ar 50% umidade,Não informado,DF,Centro Oeste,-80.0,3 dias,3.0,72,80.0,retracao
158,0.53,360,190.8,0.0,0.0,0.0,0.6,CP V ARI,7 dias úmida / 56 dias ar 50% umidade,Não informado,DF,Centro Oeste,-120.0,7 dias,7.0,168,120.0,retracao
158,0.53,360,190.8,0.0,0.0,0.0,0.6,CP V ARI,7 dias úmida / 56 dias ar 50% umidade,Não informado,DF,Centro Oeste,-190.0,14 dias,14.0,336,190.0,retracao
158,0.53,360,190.8,0.0,0.0,0.0,0.6,CP V ARI,7 dias úmida / 56 dias ar 50% umidade,Não informado,DF,Centro Oeste,-280.0,28 dias,28.0,672,280.0,retracao
158,0.53,360,190.8,0.0,0.0,0.0,0.6,CP V ARI,7 dias úmida / 56 dias ar 50% umidade,Não informado,DF,Centro Oeste,-400.0,56 dias,56.0,1344,400.0,retracao
159,0.55,336,184.8,12.5,0.0,5.5,0.0,CP II F 40,7 dias úmida / 56 dias ar 50% umidade,Não informado,PR,Sul,0.0,12 h,0.5,12,0.0,estabilidade
159,0.55,336,184.8,12.5,0.0,5.5,0.0,CP II F 40,7 dias úmida / 56 dias ar 50% umidade,Não informado,PR,Sul,30.0,1 dia,1.0,24,30.0,expansao
159,0.55,336,184.8,12.5,0.0,5.5,0.0,CP II F 40,7 dias úmida / 56 dias ar 50% umidade,Não informado,PR,Sul,80.0,3 dias,3.0,72,80.0,expansao
159,0.55,336,184.8,12.5,0.0,5.5,0.0,CP II F 40,7 dias úmida / 56 dias ar 50% umidade,Não informado,PR,Sul,120.0,7 dias,7.0,168,120.0,expansao
159,0.55,336,184.8,12.5,0.0,5.5,0.0,CP II F 40,7 dias úmida / 56 dias ar 50% umidade,Não informado,PR,Sul,-30.0,14 dias,14.0,336,30.0,retracao
159,0.55,336,184.8,12.5,0.0,5.5,0.0,CP II F 40,7 dias úmida / 56 dias ar 50% umidade,Não informado,PR,Sul,-110.0,28 dias,28.0,672,110.0,retracao
159,0.55,336,184.8,12.5,0.0,5.5,0.0,CP II F 40,7 dias úmida / 56 dias ar 50% umidade,Não informado,PR,Sul,-270.0,56 dias,56.0,1344,270.0,retracao
160,0.55,327,179.85000000000002,0.0,0.0,0.0,0.6,CP II E 40,7 dias úmida / 56 dias ar 50% umidade,Não informado,SP,Sudeste,0.0,12 h,0.5,12,0.0,estabilidade
160,0.55,327,179.85000000000002,0.0,0.0,0.0,0.6,CP II E 40,7 dias úmida / 56 dias ar 50% umidade,Não informado,SP,Sudeste,-30.0,1 dia,1.0,24,30.0,retracao
160,0.55,327,179.85000000000002,0.0,0.0,0.0,0.6,CP II E 40,7 dias úmida / 56 dias ar 50% umidade,Não informado,SP,Sudeste,-70.0,3 dias,3.0,72,70.0,retracao
160,0.55,327,179.85000000000002,0.0,0.0,0.0,0.6,CP II E 40,7 dias úmida / 56 dias ar 50% umidade,Não informado,SP,Sudeste,-130.0,7 dias,7.0,168,130.0,retracao
160,0.55,327,179.85000000000002,0.0,0.0,0.0,0.6,CP II E 40,7 dias úmida / 56 dias ar 50% umidade,Não informado,SP,Sudeste,-200.0,14 dias,14.0,336,200.0,retracao
160,0.55,327,179.85000000000002,0.0,0.0,0.0,0.6,CP II E 40,7 dias úmida / 56 dias ar 50% umidade,Não informado,SP,Sudeste,-280.0,28 dias,28.0,672,280.0,retracao
160,0.55,327,179.85000000000002,0.0,0.0,0.0,0.6,CP II E 40,7 dias úmida / 56 dias ar 50% umidade,Não informado,SP,Sudeste,-400.0,56 dias,56.0,1344,400.0,retracao
161,0.53,360,190.8,12.0,0.0,0.0,0.0,CP V ARI,7 dias úmida / 56 dias ar 50% umidade,Não informado,DF,Centro Oeste,0.0,12 h,0.5,12,0.0,estabilidade
161,0.53,360,190.8,12.0,0.0,0.0,0.0,CP V ARI,7 dias úmida / 56 dias ar 50% umidade,Não informado,DF,Centro Oeste,20.0,1 dia,1.0,24,20.0,expansao
161,0.53,360,190.8,12.0,0.0,0.0,0.0,CP V ARI,7 dias úmida / 56 dias ar 50% umidade,Não informado,DF,Centro Oeste,80.0,3 dias,3.0,72,80.0,expansao
161,0.53,360,190.8,12.0,0.0,0.0,0.0,CP V ARI,7 dias úmida / 56 dias ar 50% umidade,Não informado,DF,Centro Oeste,130.0,7 dias,7.0,168,130.0,expansao
161,0.53,360,190.8,12.0,0.0,0.0,0.0,CP V ARI,7 dias úmida / 56 dias ar 50% umidade,Não informado,DF,Centro Oeste,-30.0,14 dias,14.0,336,30.0,retracao
161,0.53,360,190.8,12.0,0.0,0.0,0.0,CP V ARI,7 dias úmida / 56 dias ar 50% umidade,Não informado,DF,Centro Oeste,-150.0,28 dias,28.0,672,150.0,retracao
161,0.53,360,190.8,12.0,0.0,0.0,0.0,CP V ARI,7 dias úmida / 56 dias ar 50% umidade,Não informado,DF,Centro Oeste,-270.0,56 dias,56.0,1344,270.0,retracao
162,0.56,340,190.4,0.0,0.0,5.5,0.6,Não informado,7 dias úmida / 56 dias ar 50% umidade,Não informado,AL,Nordeste,0.0,12 h,0.5,12,0.0,estabilidade
162,0.56,340,190.4,0.0,0.0,5.5,0.6,Não informado,7 dias úmida / 56 dias ar 50% umidade,Não informado,AL,Nordeste,-30.0,1 dia,1.0,24,30.0,retracao
162,0.56,340,190.4,0.0,0.0,5.5,0.6,Não informado,7 dias úmida / 56 dias ar 50% umidade,Não informado,AL,Nordeste,-70.0,3 dias,3.0,72,70.0,retracao
162,0.56,340,190.4,0.0,0.0,5.5,0.6,Não informado,7 dias úmida / 56 dias ar 50% umidade,Não informado,AL,Nordeste,-120.0,7 dias,7.0,168,120.0,retracao
162,0.56,340,190.4,0.0,0.0,5.5,0.6,Não informado,7 dias úmida / 56 dias ar 50% umidade,Não informado,AL,Nordeste,-200.0,14 dias,14.0,336,200.0,retracao
162,0.56,340,190.4,0.0,0.0,5.5,0.6,Não informado,7 dias úmida / 56 dias ar 50% umidade,Não informado,AL,Nordeste,-280.0,28 dias,28.0,672,280.0,retracao
162,0.56,340,190.4,0.0,0.0,5.5,0.6,Não informado,7 dias úmida / 56 dias ar 50% umidade,Não informado,AL,Nordeste,-400.0,56 dias,56.0,1344,400.0,retracao
163,0.54,360,194.4,15.0,0.0,0.0,0.6,CP V ARI,7 dias úmida / 56 dias ar 50% umidade,Não informado,DF,Centro Oeste,0.0,12 h,0.5,12,0.0,estabilidade
163,0.54,360,194.4,15.0,0.0,0.0,0.6,CP V ARI,7 dias úmida / 56 dias ar 50% umidade,Não informado,DF,Centro Oeste,50.0,1 dia,1.0,24,50.0,expansao
163,0.54,360,194.4,15.0,0.0,0.0,0.6,CP V ARI,7 dias úmida / 56 dias ar 50% umidade,Não informado,DF,Centro Oeste,120.0,3 dias,3.0,72,120.0,expansao
163,0.54,360,194.4,15.0,0.0,0.0,0.6,CP V ARI,7 dias úmida / 56 dias ar 50% umidade,Não informado,DF,Centro Oeste,160.0,7 dias,7.0,168,160.0,expansao
163,0.54,360,194.4,15.0,0.0,0.0,0.6,CP V ARI,7 dias úmida / 56 dias ar 50% umidade,Não informado,DF,Centro Oeste,10.0,14 dias,14.0,336,10.0,expansao
163,0.54,360,194.4,15.0,0.0,0.0,0.6,CP V ARI,7 dias úmida / 56 dias ar 50% umidade,Não informado,DF,Centro Oeste,-110.0,28 dias,28.0,672,110.0,retracao
163,0.54,360,194.4,15.0,0.0,0.0,0.6,CP V ARI,7 dias úmida / 56 dias ar 50% umidade,Não informado,DF,Centro Oeste,-270.0,56 dias,56.0,1344,270.0,retracao
164,0.54,350,189.0,0.0,0.0,5.5,0.6,CP V ARI RS,7 dias úmida / 56 dias ar 50% umidade,Não informado,SP,Sudeste,0.0,12 h,0.5,12,0.0,estabilidade
164,0.54,350,189.0,0.0,0.0,5.5,0.6,CP V ARI RS,7 dias úmida / 56 dias ar 50% umidade,Não informado,SP,Sudeste,-130.0,1 dia,1.0,24,130.0,retracao
164,0.54,350,189.0,0.0,0.0,5.5,0.6,CP V ARI RS,7 dias úmida / 56 dias ar 50% umidade,Não informado,SP,Sudeste,-150.0,3 dias,3.0,72,150.0,retracao
164,0.54,350,189.0,0.0,0.0,5.5,0.6,CP V ARI RS,7 dias úmida / 56 dias ar 50% umidade,Não informado,SP,Sudeste,-190.0,7 dias,7.0,168,190.0,retracao
164,0.54,350,189.0,0.0,0.0,5.5,0.6,CP V ARI RS,7 dias úmida / 56 dias ar 50% umidade,Não informado,SP,Sudeste,-230.0,14 dias,14.0,336,230.0,retracao
164,0.54,350,189.0,0.0,0.0,5.5,0.6,CP V ARI RS,7 dias úmida / 56 dias ar 50% umidade,Não informado,SP,Sudeste,-270.0,28 dias,28.0,672,270.0,retracao
164,0.54,350,189.0,0.0,0.0,5.5,0.6,CP V ARI RS,7 dias úmida / 56 dias ar 50% umidade,Não informado,SP,Sudeste,-390.0,56 dias,56.0,1344,390.0,retracao
165,0.54,344,185.76000000000002,15.0,0.0,5.5,0.6,CP II E 40,7 dias úmida / 56 dias ar 50% umidade,Laboratório,SP,Sudeste,0.0,12 h,0.5,12,0.0,estabilidade
165,0.54,344,185.76000000000002,15.0,0.0,5.5,0.6,CP II E 40,7 dias úmida / 56 dias ar 50% umidade,Laboratório,SP,Sudeste,80.0,1 dia,1.0,24,80.0,expansao
165,0.54,344,185.76000000000002,15.0,0.0,5.5,0.6,CP II E 40,7 dias úmida / 56 dias ar 50% umidade,Laboratório,SP,Sudeste,160.0,3 dias,3.0,72,160.0,expansao
165,0.54,344,185.76000000000002,15.0,0.0,5.5,0.6,CP II E 40,7 dias úmida / 56 dias ar 50% umidade,Laboratório,SP,Sudeste,190.0,7 dias,7.0,168,190.0,expansao
165,0.54,344,185.76000000000002,15.0,0.0,5.5,0.6,CP II E 40,7 dias úmida / 56 dias ar 50% umidade,Laboratório,SP,Sudeste,50.0,14 dias,14.0,336,50.0,expansao
165,0.54,344,185.76000000000002,15.0,0.0,5.5,0.6,CP II E 40,7 dias úmida / 56 dias ar 50% umidade,Laboratório,SP,Sudeste,-120.0,28 dias,28.0,672,120.0,retracao
165,0.54,344,185.76000000000002,15.0,0.0,5.5,0.6,CP II E 40,7 dias úmida / 56 dias ar 50% umidade,Laboratório,SP,Sudeste,-260.0,56 dias,56.0,1344,260.0,retracao
166,0.5,370,185.0,0.0,0.0,0.0,0.6,CP V ARI RS,7 dias úmida / 56 dias ar 50% umidade,Não informado,RJ,Sudeste,0.0,12 h,0.5,12,0.0,estabilidade
166,0.5,370,185.0,0.0,0.0,0.0,0.6,CP V ARI RS,7 dias úmida / 56 dias ar 50% umidade,Não informado,RJ,Sudeste,-90.0,1 dia,1.0,24,90.0,retracao
166,0.5,370,185.0,0.0,0.0,0.0,0.6,CP V ARI RS,7 dias úmida / 56 dias ar 50% umidade,Não informado,RJ,Sudeste,-120.0,3 dias,3.0,72,120.0,retracao
166,0.5,370,185.0,0.0,0.0,0.0,0.6,CP V ARI RS,7 dias úmida / 56 dias ar 50% umidade,Não informado,RJ,Sudeste,-150.0,7 dias,7.0,168,150.0,retracao
166,0.5,370,185.0,0.0,0.0,0.0,0.6,CP V ARI RS,7 dias úmida / 56 dias ar 50% umidade,Não informado,RJ,Sudeste,-180.0,14 dias,14.0,336,180.0,retracao
166,0.5,370,185.0,0.0,0.0,0.0,0.6,CP V ARI RS,7 dias úmida / 56 dias ar 50% umidade,Não informado,RJ,Sudeste,-250.0,28 dias,28.0,672,250.0,retracao
166,0.5,370,185.0,0.0,0.0,0.0,0.6,CP V ARI RS,7 dias úmida / 56 dias ar 50% umidade,Não informado,RJ,Sudeste,-390.0,56 dias,56.0,1344,390.0,retracao
167,0.55,336,184.8,15.0,0.0,5.5,0.6,CP II E 40,7 dias úmida / 56 dias ar 50% umidade,Não informado,SP,Sudeste,0.0,12 h,0.5,12,0.0,estabilidade
167,0.55,336,184.8,15.0,0.0,5.5,0.6,CP II E 40,7 dias úmida / 56 dias ar 50% umidade,Não informado,SP,Sudeste,40.0,1 dia,1.0,24,40.0,expansao
167,0.55,336,184.8,15.0,0.0,5.5,0.6,CP II E 40,7 dias úmida / 56 dias ar 50% umidade,Não informado,SP,Sudeste,110.0,3 dias,3.0,72,110.0,expansao
167,0.55,336,184.8,15.0,0.0,5.5,0.6,CP II E 40,7 dias úmida / 56 dias ar 50% umidade,Não informado,SP,Sudeste,150.0,7 dias,7.0,168,150.0,expansao
167,0.55,336,184.8,15.0,0.0,5.5,0.6,CP II E 40,7 dias úmida / 56 dias ar 50% umidade,Não informado,SP,Sudeste,0.0,14 dias,14.0,336,0.0,estabilidade
167,0.55,336,184.8,15.0,0.0,5.5,0.6,CP II E 40,7 dias úmida / 56 dias ar 50% umidade,Não informado,SP,Sudeste,-110.0,28 dias,28.0,672,110.0,retracao
167,0.55,336,184.8,15.0,0.0,5.5,0.6,CP II E 40,7 dias úmida / 56 dias ar 50% umidade,Não informado,SP,Sudeste,-260.0,56 dias,56.0,1344,260.0,retracao
168,0.53,360,190.8,0.0,0.0,0.0,0.0,CP V ARI,7 dias úmida / 56 dias ar 50% umidade,Não informado,DF,Centro Oeste,0.0,12 h,0.5,12,0.0,estabilidade
168,0.53,360,190.8,0.0,0.0,0.0,0.0,CP V ARI,7 dias úmida / 56 dias ar 50% umidade,Não informado,DF,Centro Oeste,-40.0,1 dia,1.0,24,40.0,retracao
168,0.53,360,190.8,0.0,0.0,0.0,0.0,CP V ARI,7 dias úmida / 56 dias ar 50% umidade,Não informado,DF,Centro Oeste,-80.0,3 dias,3.0,72,80.0,retracao
168,0.53,360,190.8,0.0,0.0,0.0,0.0,CP V ARI,7 dias úmida / 56 dias ar 50% umidade,Não informado,DF,Centro Oeste,-130.0,7 dias,7.0,168,130.0,retracao
168,0.53,360,190.8,0.0,0.0,0.0,0.0,CP V ARI,7 dias úmida / 56 dias ar 50% umidade,Não informado,DF,Centro Oeste,-170.0,14 dias,14.0,336,170.0,retracao
168,0.53,360,190.8,0.0,0.0,0.0,0.0,CP V ARI,7 dias úmida / 56 dias ar 50% umidade,Não informado,DF,Centro Oeste,-270.0,28 dias,28.0,672,270.0,retracao
168,0.53,360,190.8,0.0,0.0,0.0,0.0,CP V ARI,7 dias úmida / 56 dias ar 50% umidade,Não informado,DF,Centro Oeste,-390.0,56 dias,56.0,1344,390.0,retracao
169,0.55,336,184.8,15.0,0.0,5.5,0.6,CP II E 40,Não informado,Não informado,SP,Sudeste,0.0,12 h,0.5,12,0.0,estabilidade
169,0.55,336,184.8,15.0,0.0,5.5,0.6,CP II E 40,Não informado,Não informado,SP,Sudeste,50.0,1 dia,1.0,24,50.0,expansao
169,0.55,336,184.8,15.0,0.0,5.5,0.6,CP II E 40,Não informado,Não informado,SP,Sudeste,100.0,3 dias,3.0,72,100.0,expansao
169,0.55,336,184.8,15.0,0.0,5.5,0.6,CP II E 40,Não informado,Não informado,SP,Sudeste,160.0,7 dias,7.0,168,160.0,expansao
169,0.55,336,184.8,15.0,0.0,5.5,0.6,CP II E 40,Não informado,Não informado,SP,Sudeste,10.0,14 dias,14.0,336,10.0,expansao
169,0.55,336,184.8,15.0,0.0,5.5,0.6,CP II E 40,Não informado,Não informado,SP,Sudeste,-100.0,28 dias,28.0,672,100.0,retracao
169,0.55,336,184.8,15.0,0.0,5.5,0.6,CP II E 40,Não informado,Não informado,SP,Sudeste,-260.0,56 dias,56.0,1344,260.0,retracao
170,0.55,336,184.8,12.5,0.0,0.0,0.6,CP II E 40,7 dias úmida / 56 dias ar 50% umidade,Não informado,SP,Sudeste,0.0,12 h,0.5,12,0.0,estabilidade
170,0.55,336,184.8,12.5,0.0,0.0,0.6,CP II E 40,7 dias úmida / 56 dias ar 50% umidade,Não informado,SP,Sudeste,20.0,1 dia,1.0,24,20.0,expansao
170,0.55,336,184.8,12.5,0.0,0.0,0.6,CP II E 40,7 dias úmida / 56 dias ar 50% umidade,Não informado,SP,Sudeste,50.0,3 dias,3.0,72,50.0,expansao
170,0.55,336,184.8,12.5,0.0,0.0,0.6,CP II E 40,7 dias úmida / 56 dias ar 50% umidade,Não informado,SP,Sudeste,60.0,7 dias,7.0,168,60.0,expansao
170,0.55,336,184.8,12.5,0.0,0.0,0.6,CP II E 40,7 dias úmida / 56 dias ar 50% umidade,Não informado,SP,Sudeste,-120.0,14 dias,14.0,336,120.0,retracao
170,0.55,336,184.8,12.5,0.0,0.0,0.6,CP II E 40,7 dias úmida / 56 dias ar 50% umidade,Não informado,SP,Sudeste,-190.0,28 dias,28.0,672,190.0,retracao
170,0.55,336,184.8,12.5,0.0,0.0,0.6,CP II E 40,7 dias úmida / 56 dias ar 50% umidade,Não informado,SP,Sudeste,-250.0,56 dias,56.0,1344,250.0,retracao
171,0.51,380,193.8,10.0,25.0,5.625,0.6,CP V ARI RS,7 dias úmida / 56 dias ar 50% umidade,Não informado,RJ,Sudeste,0.0,12 h,0.5,12,0.0,estabilidade
171,0.51,380,193.8,10.0,25.0,5.625,0.6,CP V ARI RS,7 dias úmida / 56 dias ar 50% umidade,Não informado,RJ,Sudeste,90.0,1 dia,1.0,24,90.0,expansao
171,0.51,380,193.8,10.0,25.0,5.625,0.6,CP V ARI RS,7 dias úmida / 56 dias ar 50% umidade,Não informado,RJ,Sudeste,160.0,3 dias,3.0,72,160.0,expansao
171,0.51,380,193.8,10.0,25.0,5.625,0.6,CP V ARI RS,7 dias úmida / 56 dias ar 50% umidade,Não informado,RJ,Sudeste,310.0,7 dias,7.0,168,310.0,expansao
171,0.51,380,193.8,10.0,25.0,5.625,0.6,CP V ARI RS,7 dias úmida / 56 dias ar 50% umidade,Não informado,RJ,Sudeste,300.0,14 dias,14.0,336,300.0,expansao
171,0.51,380,193.8,10.0,25.0,5.625,0.6,CP V ARI RS,7 dias úmida / 56 dias ar 50% umidade,Não informado,RJ,Sudeste,10.0,28 dias,28.0,672,10.0,expansao
171,0.51,380,193.8,10.0,25.0,5.625,0.6,CP V ARI RS,7 dias úmida / 56 dias ar 50% umidade,Não informado,RJ,Sudeste,-250.0,56 dias,56.0,1344,250.0,retracao
172,0.55,335,184.25000000000003,0.0,0.0,5.5,0.6,CP II E 40,7 dias úmida / 56 dias ar 50% umidade,Laboratório,SP,Sudeste,0.0,12 h,0.5,12,0.0,estabilidade
172,0.55,335,184.25000000000003,0.0,0.0,5.5,0.6,CP II E 40,7 dias úmida / 56 dias ar 50% umidade,Laboratório,SP,Sudeste,-40.0,1 dia,1.0,24,40.0,retracao
172,0.55,335,184.25000000000003,0.0,0.0,5.5,0.6,CP II E 40,7 dias úmida / 56 dias ar 50% umidade,Laboratório,SP,Sudeste,-80.0,3 dias,3.0,72,80.0,retracao
172,0.55,335,184.25000000000003,0.0,0.0,5.5,0.6,CP II E 40,7 dias úmida / 56 dias ar 50% umidade,Laboratório,SP,Sudeste,-130.0,7 dias,7.0,168,130.0,retracao
172,0.55,335,184.25000000000003,0.0,0.0,5.5,0.6,CP II E 40,7 dias úmida / 56 dias ar 50% umidade,Laboratório,SP,Sudeste,-190.0,14 dias,14.0,336,190.0,retracao
172,0.55,335,184.25000000000003,0.0,0.0,5.5,0.6,CP II E 40,7 dias úmida / 56 dias ar 50% umidade,Laboratório,SP,Sudeste,-270.0,28 dias,28.0,672,270.0,retracao
172,0.55,335,184.25000000000003,0.0,0.0,5.5,0.6,CP II E 40,7 dias úmida / 56 dias ar 50% umidade,Laboratório,SP,Sudeste,-390.0,56 dias,56.0,1344,390.0,retracao
173,0.54,340,183.60000000000002,0.0,0.0,5.5,0.6,CP II E 40,7 dias úmida / 56 dias ar 50% umidade,Não informado,TO,Nordeste,0.0,12 h,0.5,12,0.0,estabilidade
173,0.54,340,183.60000000000002,0.0,0.0,5.5,0.6,CP II E 40,7 dias úmida / 56 dias ar 50% umidade,Não informado,TO,Nordeste,-30.0,1 dia,1.0,24,30.0,retracao
173,0.54,340,183.60000000000002,0.0,0.0,5.5,0.6,CP II E 40,7 dias úmida / 56 dias ar 50% umidade,Não informado,TO,Nordeste,-80.0,3 dias,3.0,72,80.0,retracao
173,0.54,340,183.60000000000002,0.0,0.0,5.5,0.6,CP II E 40,7 dias úmida / 56 dias ar 50% umidade,Não informado,TO,Nordeste,-130.0,7 dias,7.0,168,130.0,retracao
173,0.54,340,183.60000000000002,0.0,0.0,5.5,0.6,CP II E 40,7 dias úmida / 56 dias ar 50% umidade,Não informado,TO,Nordeste,-190.0,14 dias,14.0,336,190.0,retracao
173,0.54,340,183.60000000000002,0.0,0.0,5.5,0.6,CP II E 40,7 dias úmida / 56 dias ar 50% umidade,Não informado,TO,Nordeste,-270.0,28 dias,28.0,672,270.0,retracao
173,0.54,340,183.60000000000002,0.0,0.0,5.5,0.6,CP II E 40,7 dias úmida / 56 dias ar 50% umidade,Não informado,TO,Nordeste,-380.0,56 dias,56.0,1344,380.0,retracao
174,0.55,336,184.8,0.0,0.0,0.0,0.6,CP II E 40 RS,7 dias úmida / 56 dias ar 50% umidade,Não informado,SP,Sudeste,0.0,12 h,0.5,12,0.0,estabilidade
174,0.55,336,184.8,0.0,0.0,0.0,0.6,CP II E 40 RS,7 dias úmida / 56 dias ar 50% umidade,Não informado,SP,Sudeste,-50.0,1 dia,1.0,24,50.0,retracao
174,0.55,336,184.8,0.0,0.0,0.0,0.6,CP II E 40 RS,7 dias úmida / 56 dias ar 50% umidade,Não informado,SP,Sudeste,-90.0,3 dias,3.0,72,90.0,retracao
174,0.55,336,184.8,0.0,0.0,0.0,0.6,CP II E 40 RS,7 dias úmida / 56 dias ar 50% umidade,Não informado,SP,Sudeste,-140.0,7 dias,7.0,168,140.0,retracao
174,0.55,336,184.8,0.0,0.0,0.0,0.6,CP II E 40 RS,7 dias úmida / 56 dias ar 50% umidade,Não informado,SP,Sudeste,-190.0,14 dias,14.0,336,190.0,retracao
174,0.55,336,184.8,0.0,0.0,0.0,0.6,CP II E 40 RS,7 dias úmida / 56 dias ar 50% umidade,Não informado,SP,Sudeste,-250.0,28 dias,28.0,672,250.0,retracao
174,0.55,336,184.8,0.0,0.0,0.0,0.6,CP II E 40 RS,7 dias úmida / 56 dias ar 50% umidade,Não informado,SP,Sudeste,-380.0,56 dias,56.0,1344,380.0,retracao
175,0.49,380,186.2,12.5,0.0,0.0,0.6,CP V ARI RS,7 dias úmida / 56 dias ar 50% umidade,Não informado,RJ,Sudeste,0.0,12 h,0.5,12,0.0,estabilidade
175,0.49,380,186.2,12.5,0.0,0.0,0.6,CP V ARI RS,7 dias úmida / 56 dias ar 50% umidade,Não informado,RJ,Sudeste,40.0,1 dia,1.0,24,40.0,expansao
175,0.49,380,186.2,12.5,0.0,0.0,0.6,CP V ARI RS,7 dias úmida / 56 dias ar 50% umidade,Não informado,RJ,Sudeste,70.0,3 dias,3.0,72,70.0,expansao
175,0.49,380,186.2,12.5,0.0,0.0,0.6,CP V ARI RS,7 dias úmida / 56 dias ar 50% umidade,Não informado,RJ,Sudeste,100.0,7 dias,7.0,168,100.0,expansao
175,0.49,380,186.2,12.5,0.0,0.0,0.6,CP V ARI RS,7 dias úmida / 56 dias ar 50% umidade,Não informado,RJ,Sudeste,-50.0,14 dias,14.0,336,50.0,retracao
175,0.49,380,186.2,12.5,0.0,0.0,0.6,CP V ARI RS,7 dias úmida / 56 dias ar 50% umidade,Não informado,RJ,Sudeste,-140.0,28 dias,28.0,672,140.0,retracao
175,0.49,380,186.2,12.5,0.0,0.0,0.6,CP V ARI RS,7 dias úmida / 56 dias ar 50% umidade,Não informado,RJ,Sudeste,-250.0,56 dias,56.0,1344,250.0,retracao
176,0.54,360,194.4,0.0,0.0,0.0,0.6,CP V ARI,7 dias úmida / 56 dias ar 50% umidade,Não informado,DF,Centro Oeste,0.0,12 h,0.5,12,0.0,estabilidade
176,0.54,360,194.4,0.0,0.0,0.0,0.6,CP V ARI,7 dias úmida / 56 dias ar 50% umidade,Não informado,DF,Centro Oeste,-50.0,1 dia,1.0,24,50.0,retracao
176,0.54,360,194.4,0.0,0.0,0.0,0.6,CP V ARI,7 dias úmida / 56 dias ar 50% umidade,Não informado,DF,Centro Oeste,-90.0,3 dias,3.0,72,90.0,retracao
176,0.54,360,194.4,0.0,0.0,0.0,0.6,CP V ARI,7 dias úmida / 56 dias ar 50% umidade,Não informado,DF,Centro Oeste,-130.0,7 dias,7.0,168,130.0,retracao
176,0.54,360,194.4,0.0,0.0,0.0,0.6,CP V ARI,7 dias úmida / 56 dias ar 50% umidade,Não informado,DF,Centro Oeste,-190.0,14 dias,14.0,336,190.0,retracao
176,0.54,360,194.4,0.0,0.0,0.0,0.6,CP V ARI,7 dias úmida / 56 dias ar 50% umidade,Não informado,DF,Centro Oeste,-270.0,28 dias,28.0,672,270.0,retracao
176,0.54,360,194.4,0.0,0.0,0.0,0.6,CP V ARI,7 dias úmida / 56 dias ar 50% umidade,Não informado,DF,Centro Oeste,-380.0,56 dias,56.0,1344,380.0,retracao
177,0.55,337,185.35000000000002,8.0,25.0,0.0,0.6,CP II E 40,7 dias úmida / 56 dias ar 50% umidade,Laboratório,SP,Sudeste,0.0,12 h,0.5,12,0.0,estabilidade
177,0.55,337,185.35000000000002,8.0,25.0,0.0,0.6,CP II E 40,7 dias úmida / 56 dias ar 50% umidade,Laboratório,SP,Sudeste,0.0,1 dia,1.0,24,0.0,estabilidade
177,0.55,337,185.35000000000002,8.0,25.0,0.0,0.6,CP II E 40,7 dias úmida / 56 dias ar 50% umidade,Laboratório,SP,Sudeste,20.0,3 dias,3.0,72,20.0,expansao
177,0.55,337,185.35000000000002,8.0,25.0,0.0,0.6,CP II E 40,7 dias úmida / 56 dias ar 50% umidade,Laboratório,SP,Sudeste,50.0,7 dias,7.0,168,50.0,expansao
177,0.55,337,185.35000000000002,8.0,25.0,0.0,0.6,CP II E 40,7 dias úmida / 56 dias ar 50% umidade,Laboratório,SP,Sudeste,-110.0,14 dias,14.0,336,110.0,retracao
177,0.55,337,185.35000000000002,8.0,25.0,0.0,0.6,CP II E 40,7 dias úmida / 56 dias ar 50% umidade,Laboratório,SP,Sudeste,-270.0,28 dias,28.0,672,270.0,retracao
177,0.55,337,185.35000000000002,8.0,25.0,0.0,0.6,CP II E 40,7 dias úmida / 56 dias ar 50% umidade,Laboratório,SP,Sudeste,-360.0,56 dias,56.0,1344,360.0,retracao
178,0.55,336,184.8,15.0,0.0,4.0,0.6,CP II E 40,7 dias úmida / 56 dias ar 50% umidade,Não informado,SP,Sudeste,0.0,12 h,0.5,12,0.0,estabilidade
178,0.55,336,184.8,15.0,0.0,4.0,0.6,CP II E 40,7 dias úmida / 56 dias ar 50% umidade,Não informado,SP,Sudeste,30.0,1 dia,1.0,24,30.0,expansao
178,0.55,336,184.8,15.0,0.0,4.0,0.6,CP II E 40,7 dias úmida / 56 dias ar 50% umidade,Não informado,SP,Sudeste,80.0,3 dias,3.0,72,80.0,expansao
178,0.55,336,184.8,15.0,0.0,4.0,0.6,CP II E 40,7 dias úmida / 56 dias ar 50% umidade,Não informado,SP,Sudeste,150.0,7 dias,7.0,168,150.0,expansao
178,0.55,336,184.8,15.0,0.0,4.0,0.6,CP II E 40,7 dias úmida / 56 dias ar 50% umidade,Não informado,SP,Sudeste,-40.0,14 dias,14.0,336,40.0,retracao
178,0.55,336,184.8,15.0,0.0,4.0,0.6,CP II E 40,7 dias úmida / 56 dias ar 50% umidade,Não informado,SP,Sudeste,-110.0,28 dias,28.0,672,110.0,retracao
178,0.55,336,184.8,15.0,0.0,4.0,0.6,CP II E 40,7 dias úmida / 56 dias ar 50% umidade,Não informado,SP,Sudeste,-250.0,56 dias,56.0,1344,250.0,retracao
179,0.54,350,189.0,12.5,0.0,5.5,0.6,CP V ARI RS,7 dias úmida / 56 dias ar 50% umidade,Não informado,SP,Sudeste,0.0,12 h,0.5,12,0.0,estabilidade
179,0.54,350,189.0,12.5,0.0,5.5,0.6,CP V ARI RS,7 dias úmida / 56 dias ar 50% umidade,Não informado,SP,Sudeste,100.0,1 dia,1.0,24,100.0,expansao
179,0.54,350,189.0,12.5,0.0,5.5,0.6,CP V ARI RS,7 dias úmida / 56 dias ar 50% umidade,Não informado,SP,Sudeste,160.0,3 dias,3.0,72,160.0,expansao
179,0.54,350,189.0,12.5,0.0,5.5,0.6,CP V ARI RS,7 dias úmida / 56 dias ar 50% umidade,Não informado,SP,Sudeste,190.0,7 dias,7.0,168,190.0,expansao
179,0.54,350,189.0,12.5,0.0,5.5,0.6,CP V ARI RS,7 dias úmida / 56 dias ar 50% umidade,Não informado,SP,Sudeste,-70.0,14 dias,14.0,336,70.0,retracao
179,0.54,350,189.0,12.5,0.0,5.5,0.6,CP V ARI RS,7 dias úmida / 56 dias ar 50% umidade,Não informado,SP,Sudeste,-130.0,28 dias,28.0,672,130.0,retracao
179,0.54,350,189.0,12.5,0.0,5.5,0.6,CP V ARI RS,7 dias úmida / 56 dias ar 50% umidade,Não informado,SP,Sudeste,-240.0,56 dias,56.0,1344,240.0,retracao
180,0.54,344,185.76000000000002,10.0,0.0,2.236,0.0,CP II E 40,7 dias úmida / 56 dias ar 50% umidade,Não informado,SP,Sudeste,0.0,12 h,0.5,12,0.0,estabilidade
180,0.54,344,185.76000000000002,10.0,0.0,2.236,0.0,CP II E 40,7 dias úmida / 56 dias ar 50% umidade,Não informado,SP,Sudeste,50.0,1 dia,1.0,24,50.0,expansao
180,0.54,344,185.76000000000002,10.0,0.0,2.236,0.0,CP II E 40,7 dias úmida / 56 dias ar 50% umidade,Não informado,SP,Sudeste,120.0,3 dias,3.0,72,120.0,expansao
180,0.54,344,185.76000000000002,10.0,0.0,2.236,0.0,CP II E 40,7 dias úmida / 56 dias ar 50% umidade,Não informado,SP,Sudeste,70.0,7 dias,7.0,168,70.0,expansao
180,0.54,344,185.76000000000002,10.0,0.0,2.236,0.0,CP II E 40,7 dias úmida / 56 dias ar 50% umidade,Não informado,SP,Sudeste,-50.0,14 dias,14.0,336,50.0,retracao
180,0.54,344,185.76000000000002,10.0,0.0,2.236,0.0,CP II E 40,7 dias úmida / 56 dias ar 50% umidade,Não informado,SP,Sudeste,-160.0,28 dias,28.0,672,160.0,retracao
180,0.54,344,185.76000000000002,10.0,0.0,2.236,0.0,CP II E 40,7 dias úmida / 56 dias ar 50% umidade,Não informado,SP,Sudeste,-230.0,56 dias,56.0,1344,230.0,retracao
181,0.55,337,185.35000000000002,15.0,0.0,5.5,0.6,CP V ARI RS,7 dias úmida / 56 dias ar 50% umidade,Não informado,SP,Sudeste,0.0,12 h,0.5,12,0.0,estabilidade
181,0.55,337,185.35000000000002,15.0,0.0,5.5,0.6,CP V ARI RS,7 dias úmida / 56 dias ar 50% umidade,Não informado,SP,Sudeste,50.0,1 dia,1.0,24,50.0,expansao
181,0.55,337,185.35000000000002,15.0,0.0,5.5,0.6,CP V ARI RS,7 dias úmida / 56 dias ar 50% umidade,Não informado,SP,Sudeste,110.0,3 dias,3.0,72,110.0,expansao
181,0.55,337,185.35000000000002,15.0,0.0,5.5,0.6,CP V ARI RS,7 dias úmida / 56 dias ar 50% umidade,Não informado,SP,Sudeste,140.0,7 dias,7.0,168,140.0,expansao
181,0.55,337,185.35000000000002,15.0,0.0,5.5,0.6,CP V ARI RS,7 dias úmida / 56 dias ar 50% umidade,Não informado,SP,Sudeste,-50.0,14 dias,14.0,336,50.0,retracao
181,0.55,337,185.35000000000002,15.0,0.0,5.5,0.6,CP V ARI RS,7 dias úmida / 56 dias ar 50% umidade,Não informado,SP,Sudeste,-140.0,28 dias,28.0,672,140.0,retracao
181,0.55,337,185.35000000000002,15.0,0.0,5.5,0.6,CP V ARI RS,7 dias úmida / 56 dias ar 50% umidade,Não informado,SP,Sudeste,-230.0,56 dias,56.0,1344,230.0,retracao
182,0.51,370,188.70000000000002,10.0,0.0,6.0,0.6,CP V ARI,7 dias úmida / 56 dias ar 50% umidade,Laboratório,SP,Sudeste,0.0,12 h,0.5,12,0.0,estabilidade
182,0.51,370,188.70000000000002,10.0,0.0,6.0,0.6,CP V ARI,7 dias úmida / 56 dias ar 50% umidade,Laboratório,SP,Sudeste,50.0,1 dia,1.0,24,50.0,expansao
182,0.51,370,188.70000000000002,10.0,0.0,6.0,0.6,CP V ARI,7 dias úmida / 56 dias ar 50% umidade,Laboratório,SP,Sudeste,80.0,3 dias,3.0,72,80.0,expansao
182,0.51,370,188.70000000000002,10.0,0.0,6.0,0.6,CP V ARI,7 dias úmida / 56 dias ar 50% umidade,Laboratório,SP,Sudeste,100.0,7 dias,7.0,168,100.0,expansao
182,0.51,370,188.70000000000002,10.0,0.0,6.0,0.6,CP V ARI,7 dias úmida / 56 dias ar 50% umidade,Laboratório,SP,Sudeste,-50.0,14 dias,14.0,336,50.0,retracao
182,0.51,370,188.70000000000002,10.0,0.0,6.0,0.6,CP V ARI,7 dias úmida / 56 dias ar 50% umidade,Laboratório,SP,Sudeste,-120.0,28 dias,28.0,672,120.0,retracao
182,0.51,370,188.70000000000002,10.0,0.0,6.0,0.6,CP V ARI,7 dias úmida / 56 dias ar 50% umidade,Laboratório,SP,Sudeste,-230.0,56 dias,56.0,1344,230.0,retracao
183,0.51,373,190.23,15.0,0.0,0.0,0.0,CP V ARI RS,7 dias úmida / 56 dias ar 50% umidade,Não informado,MG,Sudeste,0.0,12 h,0.5,12,0.0,estabilidade
183,0.51,373,190.23,15.0,0.0,0.0,0.0,CP V ARI RS,7 dias úmida / 56 dias ar 50% umidade,Não informado,MG,Sudeste,40.0,1 dia,1.0,24,40.0,expansao
183,0.51,373,190.23,15.0,0.0,0.0,0.0,CP V ARI RS,7 dias úmida / 56 dias ar 50% umidade,Não informado,MG,Sudeste,70.0,3 dias,3.0,72,70.0,expansao
183,0.51,373,190.23,15.0,0.0,0.0,0.0,CP V ARI RS,7 dias úmida / 56 dias ar 50% umidade,Não informado,MG,Sudeste,110.0,7 dias,7.0,168,110.0,expansao
183,0.51,373,190.23,15.0,0.0,0.0,0.0,CP V ARI RS,7 dias úmida / 56 dias ar 50% umidade,Não informado,MG,Sudeste,-30.0,14 dias,14.0,336,30.0,retracao
183,0.51,373,190.23,15.0,0.0,0.0,0.0,CP V ARI RS,7 dias úmida / 56 dias ar 50% umidade,Não informado,MG,Sudeste,-110.0,28 dias,28.0,672,110.0,retracao
183,0.51,373,190.23,15.0,0.0,0.0,0.0,CP V ARI RS,7 dias úmida / 56 dias ar 50% umidade,Não informado,MG,Sudeste,-230.0,56 dias,56.0,1344,230.0,retracao
184,0.55,336,184.8,15.0,25.0,0.0,0.6,CP II E 40,7 dias úmida / 56 dias ar 50% umidade,Não informado,SP,Sudeste,0.0,12 h,0.5,12,0.0,estabilidade
184,0.55,336,184.8,15.0,25.0,0.0,0.6,CP II E 40,7 dias úmida / 56 dias ar 50% umidade,Não informado,SP,Sudeste,50.0,1 dia,1.0,24,50.0,expansao
184,0.55,336,184.8,15.0,25.0,0.0,0.6,CP II E 40,7 dias úmida / 56 dias ar 50% umidade,Não informado,SP,Sudeste,120.0,3 dias,3.0,72,120.0,expansao
184,0.55,336,184.8,15.0,25.0,0.0,0.6,CP II E 40,7 dias úmida / 56 dias ar 50% umidade,Não informado,SP,Sudeste,160.0,7 dias,7.0,168,160.0,expansao
184,0.55,336,184.8,15.0,25.0,0.0,0.6,CP II E 40,7 dias úmida / 56 dias ar 50% umidade,Não informado,SP,Sudeste,-10.0,14 dias,14.0,336,10.0,retracao
184,0.55,336,184.8,15.0,25.0,0.0,0.6,CP II E 40,7 dias úmida / 56 dias ar 50% umidade,Não informado,SP,Sudeste,-80.0,28 dias,28.0,672,80.0,retracao
184,0.55,336,184.8,15.0,25.0,0.0,0.6,CP II E 40,7 dias úmida / 56 dias ar 50% umidade,Não informado,SP,Sudeste,-220.0,56 dias,56.0,1344,220.0,retracao
185,0.54,340,183.60000000000002,10.0,25.0,0.0,0.6,CP II F 40,7 dias úmida / 56 dias ar 50% umidade,Laboratório,SP,Sudeste,0.0,12 h,0.5,12,0.0,estabilidade
185,0.54,340,183.60000000000002,10.0,25.0,0.0,0.6,CP II F 40,7 dias úmida / 56 dias ar 50% umidade,Laboratório,SP,Sudeste,60.0,1 dia,1.0,24,60.0,expansao
185,0.54,340,183.60000000000002,10.0,25.0,0.0,0.6,CP II F 40,7 dias úmida / 56 dias ar 50% umidade,Laboratório,SP,Sudeste,90.0,3 dias,3.0,72,90.0,expansao
185,0.54,340,183.60000000000002,10.0,25.0,0.0,0.6,CP II F 40,7 dias úmida / 56 dias ar 50% umidade,Laboratório,SP,Sudeste,130.0,7 dias,7.0,168,130.0,expansao
185,0.54,340,183.60000000000002,10.0,25.0,0.0,0.6,CP II F 40,7 dias úmida / 56 dias ar 50% umidade,Laboratório,SP,Sudeste,-20.0,14 dias,14.0,336,20.0,retracao
185,0.54,340,183.60000000000002,10.0,25.0,0.0,0.6,CP II F 40,7 dias úmida / 56 dias ar 50% umidade,Laboratório,SP,Sudeste,-110.0,28 dias,28.0,672,110.0,retracao
185,0.54,340,183.60000000000002,10.0,25.0,0.0,0.6,CP II F 40,7 dias úmida / 56 dias ar 50% umidade,Laboratório,SP,Sudeste,-220.0,56 dias,56.0,1344,220.0,retracao
186,0.55,336,184.8,0.0,0.0,5.5,0.6,CP II E 40,7 dias úmida / 56 dias ar 50% umidade,Não informado,SP,Sudeste,0.0,12 h,0.5,12,0.0,estabilidade
186,0.55,336,184.8,0.0,0.0,5.5,0.6,CP II E 40,7 dias úmida / 56 dias ar 50% umidade,Não informado,SP,Sudeste,-40.0,1 dia,1.0,24,40.0,retracao
186,0.55,336,184.8,0.0,0.0,5.5,0.6,CP II E 40,7 dias úmida / 56 dias ar 50% umidade,Não informado,SP,Sudeste,-80.0,3 dias,3.0,72,80.0,retracao
186,0.55,336,184.8,0.0,0.0,5.5,0.6,CP II E 40,7 dias úmida / 56 dias ar 50% umidade,Não informado,SP,Sudeste,-120.0,7 dias,7.0,168,120.0,retracao
186,0.55,336,184.8,0.0,0.0,5.5,0.6,CP II E 40,7 dias úmida / 56 dias ar 50% umidade,Não informado,SP,Sudeste,-180.0,14 dias,14.0,336,180.0,retracao
186,0.55,336,184.8,0.0,0.0,5.5,0.6,CP II E 40,7 dias úmida / 56 dias ar 50% umidade,Não informado,SP,Sudeste,-260.0,28 dias,28.0,672,260.0,retracao
186,0.55,336,184.8,0.0,0.0,5.5,0.6,CP II E 40,7 dias úmida / 56 dias ar 50% umidade,Não informado,SP,Sudeste,-380.0,56 dias,56.0,1344,380.0,retracao
187,0.56,340,190.4,12.0,0.0,0.0,0.6,CP II E,7 dias úmida / 56 dias ar 50% umidade,Não informado,PA,Norte,0.0,12 h,0.5,12,0.0,estabilidade
187,0.56,340,190.4,12.0,0.0,0.0,0.6,CP II E,7 dias úmida / 56 dias ar 50% umidade,Não informado,PA,Norte,30.0,1 dia,1.0,24,30.0,expansao
187,0.56,340,190.4,12.0,0.0,0.0,0.6,CP II E,7 dias úmida / 56 dias ar 50% umidade,Não informado,PA,Norte,80.0,3 dias,3.0,72,80.0,expansao
187,0.56,340,190.4,12.0,0.0,0.0,0.6,CP II E,7 dias úmida / 56 dias ar 50% umidade,Não informado,PA,Norte,120.0,7 dias,7.0,168,120.0,expansao
187,0.56,340,190.4,12.0,0.0,0.0,0.6,CP II E,7 dias úmida / 56 dias ar 50% umidade,Não informado,PA,Norte,-30.0,14 dias,14.0,336,30.0,retracao
187,0.56,340,190.4,12.0,0.0,0.0,0.6,CP II E,7 dias úmida / 56 dias ar 50% umidade,Não informado,PA,Norte,-120.0,28 dias,28.0,672,120.0,retracao
187,0.56,340,190.4,12.0,0.0,0.0,0.6,CP II E,7 dias úmida / 56 dias ar 50% umidade,Não informado,PA,Norte,-210.0,56 dias,56.0,1344,210.0,retracao
188,0.62,311,192.82,10.0,25.0,0.0,0.0,CP II F 40,7 dias úmida / 56 dias ar 50% umidade,Laboratório,BA,Nordeste,0.0,12 h,0.5,12,0.0,estabilidade
188,0.62,311,192.82,10.0,25.0,0.0,0.0,CP II F 40,7 dias úmida / 56 dias ar 50% umidade,Laboratório,BA,Nordeste,30.0,1 dia,1.0,24,30.0,expansao
188,0.62,311,192.82,10.0,25.0,0.0,0.0,CP II F 40,7 dias úmida / 56 dias ar 50% umidade,Laboratório,BA,Nordeste,40.0,3 dias,3.0,72,40.0,expansao
188,0.62,311,192.82,10.0,25.0,0.0,0.0,CP II F 40,7 dias úmida / 56 dias ar 50% umidade,Laboratório,BA,Nordeste,60.0,7 dias,7.0,168,60.0,expansao
188,0.62,311,192.82,10.0,25.0,0.0,0.0,CP II F 40,7 dias úmida / 56 dias ar 50% umidade,Laboratório,BA,Nordeste,-40.0,14 dias,14.0,336,40.0,retracao
188,0.62,311,192.82,10.0,25.0,0.0,0.0,CP II F 40,7 dias úmida / 56 dias ar 50% umidade,Laboratório,BA,Nordeste,-90.0,28 dias,28.0,672,90.0,retracao
188,0.62,311,192.82,10.0,25.0,0.0,0.0,CP II F 40,7 dias úmida / 56 dias ar 50% umidade,Laboratório,BA,Nordeste,-200.0,56 dias,56.0,1344,200.0,retracao
189,0.51,424,216.24,0.0,0.0,0.0,0.0,CP V ARI,7 dias úmida / 56 dias ar 50% umidade,Não informado,RN,Nordeste,0.0,12 h,0.5,12,0.0,estabilidade
189,0.51,424,216.24,0.0,0.0,0.0,0.0,CP V ARI,7 dias úmida / 56 dias ar 50% umidade,Não informado,RN,Nordeste,10.0,1 dia,1.0,24,10.0,expansao
189,0.51,424,216.24,0.0,0.0,0.0,0.0,CP V ARI,7 dias úmida / 56 dias ar 50% umidade,Não informado,RN,Nordeste,40.0,3 dias,3.0,72,40.0,expansao
189,0.51,424,216.24,0.0,0.0,0.0,0.0,CP V ARI,7 dias úmida / 56 dias ar 50% umidade,Não informado,RN,Nordeste,70.0,7 dias,7.0,168,70.0,expansao
189,0.51,424,216.24,0.0,0.0,0.0,0.0,CP V ARI,7 dias úmida / 56 dias ar 50% umidade,Não informado,RN,Nordeste,-90.0,14 dias,14.0,336,90.0,retracao
189,0.51,424,216.24,0.0,0.0,0.0,0.0,CP V ARI,7 dias úmida / 56 dias ar 50% umidade,Não informado,RN,Nordeste,-240.0,28 dias,28.0,672,240.0,retracao
189,0.51,424,216.24,0.0,0.0,0.0,0.0,CP V ARI,7 dias úmida / 56 dias ar 50% umidade,Não informado,RN,Nordeste,-380.0,56 dias,56.0,1344,380.0,retracao
190,0.54,344,185.76000000000002,0.0,0.0,5.5,0.6,CP II E 40,7 dias úmida / 56 dias ar 50% umidade,Laboratório,SP,Sudeste,0.0,12 h,0.5,12,0.0,estabilidade
190,0.54,344,185.76000000000002,0.0,0.0,5.5,0.6,CP II E 40,7 dias úmida / 56 dias ar 50% umidade,Laboratório,SP,Sudeste,-20.0,1 dia,1.0,24,20.0,retracao
190,0.54,344,185.76000000000002,0.0,0.0,5.5,0.6,CP II E 40,7 dias úmida / 56 dias ar 50% umidade,Laboratório,SP,Sudeste,-60.0,3 dias,3.0,72,60.0,retracao
190,0.54,344,185.76000000000002,0.0,0.0,5.5,0.6,CP II E 40,7 dias úmida / 56 dias ar 50% umidade,Laboratório,SP,Sudeste,-80.0,7 dias,7.0,168,80.0,retracao
190,0.54,344,185.76000000000002,0.0,0.0,5.5,0.6,CP II E 40,7 dias úmida / 56 dias ar 50% umidade,Laboratório,SP,Sudeste,-160.0,14 dias,14.0,336,160.0,retracao
190,0.54,344,185.76000000000002,0.0,0.0,5.5,0.6,CP II E 40,7 dias úmida / 56 dias ar 50% umidade,Laboratório,SP,Sudeste,-250.0,28 dias,28.0,672,250.0,retracao
190,0.54,344,185.76000000000002,0.0,0.0,5.5,0.6,CP II E 40,7 dias úmida / 56 dias ar 50% umidade,Laboratório,SP,Sudeste,-350.0,56 dias,56.0,1344,350.0,retracao
191,0.55,332,182.60000000000002,25.0,,0.0,0.6,CP III RS,7 dias úmida / 56 dias ar 50% umidade,Não informado,RJ,Sudeste,0.0,12 h,0.5,12,0.0,estabilidade
191,0.55,332,182.60000000000002,25.0,,0.0,0.6,CP III RS,7 dias úmida / 56 dias ar 50% umidade,Não informado,RJ,Sudeste,20.0,1 dia,1.0,24,20.0,expansao
191,0.55,332,182.60000000000002,25.0,,0.0,0.6,CP III RS,7 dias úmida / 56 dias ar 50% umidade,Não informado,RJ,Sudeste,60.0,3 dias,3.0,72,60.0,expansao
191,0.55,332,182.60000000000002,25.0,,0.0,0.6,CP III RS,7 dias úmida / 56 dias ar 50% umidade,Não informado,RJ,Sudeste,90.0,7 dias,7.0,168,90.0,expansao
191,0.55,332,182.60000000000002,25.0,,0.0,0.6,CP III RS,7 dias úmida / 56 dias ar 50% umidade,Não informado,RJ,Sudeste,-30.0,14 dias,14.0,336,30.0,retracao
191,0.55,332,182.60000000000002,25.0,,0.0,0.6,CP III RS,7 dias úmida / 56 dias ar 50% umidade,Não informado,RJ,Sudeste,-110.0,28 dias,28.0,672,110.0,retracao
191,0.55,332,182.60000000000002,25.0,,0.0,0.6,CP III RS,7 dias úmida / 56 dias ar 50% umidade,Não informado,RJ,Sudeste,-250.0,56 dias,56.0,1344,250.0,retracao
192,0.55,332,182.60000000000002,25.0,0.0,0.0,0.6,CP III RS,7 dias úmida / 56 dias ar 50% umidade,Não informado,RJ,Sudeste,0.0,12 h,0.5,12,0.0,estabilidade
192,0.55,332,182.60000000000002,25.0,0.0,0.0,0.6,CP III RS,7 dias úmida / 56 dias ar 50% umidade,Não informado,RJ,Sudeste,220.0,1 dia,1.0,24,220.0,expansao
192,0.55,332,182.60000000000002,25.0,0.0,0.0,0.6,CP III RS,7 dias úmida / 56 dias ar 50% umidade,Não informado,RJ,Sudeste,420.0,3 dias,3.0,72,420.0,expansao
192,0.55,332,182.60000000000002,25.0,0.0,0.0,0.6,CP III RS,7 dias úmida / 56 dias ar 50% umidade,Não informado,RJ,Sudeste,620.0,7 dias,7.0,168,620.0,expansao
192,0.55,332,182.60000000000002,25.0,0.0,0.0,0.6,CP III RS,7 dias úmida / 56 dias ar 50% umidade,Não informado,RJ,Sudeste,440.0,14 dias,14.0,336,440.0,expansao
192,0.55,332,182.60000000000002,25.0,0.0,0.0,0.6,CP III RS,7 dias úmida / 56 dias ar 50% umidade,Não informado,RJ,Sudeste,270.0,28 dias,28.0,672,270.0,expansao
192,0.55,332,182.60000000000002,25.0,0.0,0.0,0.6,CP III RS,7 dias úmida / 56 dias ar 50% umidade,Não informado,RJ,Sudeste,140.0,56 dias,56.0,1344,140.0,expansao
193,0.55,332,182.60000000000002,30.0,,0.0,0.6,CP III RS,7 dias úmida / 56 dias ar 50% umidade,Não informado,RJ,Sudeste,0.0,12 h,0.5,12,0.0,estabilidade
193,0.55,332,182.60000000000002,30.0,,0.0,0.6,CP III RS,7 dias úmida / 56 dias ar 50% umidade,Não informado,RJ,Sudeste,160.0,1 dia,1.0,24,160.0,expansao
193,0.55,332,182.60000000000002,30.0,,0.0,0.6,CP III RS,7 dias úmida / 56 dias ar 50% umidade,Não informado,RJ,Sudeste,380.0,3 dias,3.0,72,380.0,expansao
193,0.55,332,182.60000000000002,30.0,,0.0,0.6,CP III RS,7 dias úmida / 56 dias ar 50% umidade,Não informado,RJ,Sudeste,760.0,7 dias,7.0,168,760.0,expansao
193,0.55,332,182.60000000000002,30.0,,0.0,0.6,CP III RS,7 dias úmida / 56 dias ar 50% umidade,Não informado,RJ,Sudeste,610.0,14 dias,14.0,336,610.0,expansao
193,0.55,332,182.60000000000002,30.0,,0.0,0.6,CP III RS,7 dias úmida / 56 dias ar 50% umidade,Não informado,RJ,Sudeste,370.0,28 dias,28.0,672,370.0,expansao
193,0.55,332,182.60000000000002,30.0,,0.0,0.6,CP III RS,7 dias úmida / 56 dias ar 50% umidade,Não informado,RJ,Sudeste,70.0,56 dias,56.0,1344,70.0,expansao
194,0.55,332,182.60000000000002,30.0,0.0,0.0,0.6,CP III RS,7 dias úmida / 56 dias ar 50% umidade,Não informado,RJ,Sudeste,0.0,12 h,0.5,12,0.0,estabilidade
194,0.55,332,182.60000000000002,30.0,0.0,0.0,0.6,CP III RS,7 dias úmida / 56 dias ar 50% umidade,Não informado,RJ,Sudeste,220.0,1 dia,1.0,24,220.0,expansao
194,0.55,332,182.60000000000002,30.0,0.0,0.0,0.6,CP III RS,7 dias úmida / 56 dias ar 50% umidade,Não informado,RJ,Sudeste,700.0,3 dias,3.0,72,700.0,expansao
194,0.55,332,182.60000000000002,30.0,0.0,0.0,0.6,CP III RS,7 dias úmida / 56 dias ar 50% umidade,Não informado,RJ,Sudeste,910.0,7 dias,7.0,168,910.0,expansao
194,0.55,332,182.60000000000002,30.0,0.0,0.0,0.6,CP III RS,7 dias úmida / 56 dias ar 50% umidade,Não informado,RJ,Sudeste,720.0,14 dias,14.0,336,720.0,expansao
194,0.55,332,182.60000000000002,30.0,0.0,0.0,0.6,CP III RS,7 dias úmida / 56 dias ar 50% umidade,Não informado,RJ,Sudeste,430.0,28 dias,28.0,672,430.0,expansao
194,0.55,332,182.60000000000002,30.0,0.0,0.0,0.6,CP III RS,7 dias úmida / 56 dias ar 50% umidade,Não informado,RJ,Sudeste,120.0,56 dias,56.0,1344,120.0,expansao
195,0.456,390,177.84,0.0,25.0,5.65,0.0,CP II Z 32,7 dias úmida / 56 dias ar 50% umidade,Laboratório,RS,Sul,0.0,12 h,0.5,12,0.0,estabilidade
195,0.456,390,177.84,0.0,25.0,5.65,0.0,CP II Z 32,7 dias úmida / 56 dias ar 50% umidade,Laboratório,RS,Sul,0.0,1 dia,1.0,24,0.0,estabilidade
195,0.456,390,177.84,0.0,25.0,5.65,0.0,CP II Z 32,7 dias úmida / 56 dias ar 50% umidade,Laboratório,RS,Sul,130.0,3 dias,3.0,72,130.0,expansao
195,0.456,390,177.84,0.0,25.0,5.65,0.0,CP II Z 32,7 dias úmida / 56 dias ar 50% umidade,Laboratório,RS,Sul,140.0,7 dias,7.0,168,140.0,expansao
195,0.456,390,177.84,0.0,25.0,5.65,0.0,CP II Z 32,7 dias úmida / 56 dias ar 50% umidade,Laboratório,RS,Sul,-30.0,14 dias,14.0,336,30.0,retracao
195,0.456,390,177.84,0.0,25.0,5.65,0.0,CP II Z 32,7 dias úmida / 56 dias ar 50% umidade,Laboratório,RS,Sul,-100.0,28 dias,28.0,672,100.0,retracao
195,0.456,390,177.84,0.0,25.0,5.65,0.0,CP II Z 32,7 dias úmida / 56 dias ar 50% umidade,Laboratório,RS,Sul,-230.0,56 dias,56.0,1344,230.0,retracao
196,0.62,311,192.82,10.0,25.0,0.0,0.0,CP II F 40,7 dias úmida / 56 dias ar 50% umidade,Não informado,BA,Nordeste,0.0,12 h,0.5,12,0.0,estabilidade
196,0.62,311,192.82,10.0,25.0,0.0,0.0,CP II F 40,7 dias úmida / 56 dias ar 50% umidade,Não informado,BA,Nordeste,30.0,1 dia,1.0,24,30.0,expansao
196,0.62,311,192.82,10.0,25.0,0.0,0.0,CP II F 40,7 dias úmida / 56 dias ar 50% umidade,Não informado,BA,Nordeste,40.0,3 dias,3.0,72,40.0,expansao
196,0.62,311,192.82,10.0,25.0,0.0,0.0,CP II F 40,7 dias úmida / 56 dias ar 50% umidade,Não informado,BA,Nordeste,60.0,7 dias,7.0,168,60.0,expansao
196,0.62,311,192.82,10.0,25.0,0.0,0.0,CP II F 40,7 dias úmida / 56 dias ar 50% umidade,Não informado,BA,Nordeste,-40.0,14 dias,14.0,336,40.0,retracao
196,0.62,311,192.82,10.0,25.0,0.0,0.0,CP II F 40,7 dias úmida / 56 dias ar 50% umidade,Não informado,BA,Nordeste,-90.0,28 dias,28.0,672,90.0,retracao
196,0.62,311,192.82,10.0,25.0,0.0,0.0,CP II F 40,7 dias úmida / 56 dias ar 50% umidade,Não informado,BA,Nordeste,-200.0,56 dias,56.0,1344,200.0,retracao
197,0.454,390,177.06,0.0,25.0,5.65,0.0,CP II Z 32,7 dias úmida / 56 dias ar 50% umidade,Laboratório,RS,Sul,0.0,12 h,0.5,12,0.0,estabilidade
197,0.454,390,177.06,0.0,25.0,5.65,0.0,CP II Z 32,7 dias úmida / 56 dias ar 50% umidade,Laboratório,RS,Sul,0.0,1 dia,1.0,24,0.0,estabilidade
197,0.454,390,177.06,0.0,25.0,5.65,0.0,CP II Z 32,7 dias úmida / 56 dias ar 50% umidade,Laboratório,RS,Sul,70.0,3 dias,3.0,72,70.0,expansao
197,0.454,390,177.06,0.0,25.0,5.65,0.0,CP II Z 32,7 dias úmida / 56 dias ar 50% umidade,Laboratório,RS,Sul,80.0,7 dias,7.0,168,80.0,expansao
197,0.454,390,177.06,0.0,25.0,5.65,0.0,CP II Z 32,7 dias úmida / 56 dias ar 50% umidade,Laboratório,RS,Sul,-80.0,14 dias,14.0,336,80.0,retracao
197,0.454,390,177.06,0.0,25.0,5.65,0.0,CP II Z 32,7 dias úmida / 56 dias ar 50% umidade,Laboratório,RS,Sul,-150.0,28 dias,28.0,672,150.0,retracao
197,0.454,390,177.06,0.0,25.0,5.65,0.0,CP II Z 32,7 dias úmida / 56 dias ar 50% umidade,Laboratório,RS,Sul,-220.0,56 dias,56.0,1344,220.0,retracao
198,0.456,390,177.84,10.0,25.0,5.65,0.0,CP II Z 32,7 dias úmida / 56 dias ar 50% umidade,Laboratório,RS,Sul,0.0,12 h,0.5,12,0.0,estabilidade
198,0.456,390,177.84,10.0,25.0,5.65,0.0,CP II Z 32,7 dias úmida / 56 dias ar 50% umidade,Laboratório,RS,Sul,0.0,1 dia,1.0,24,0.0,estabilidade
198,0.456,390,177.84,10.0,25.0,5.65,0.0,CP II Z 32,7 dias úmida / 56 dias ar 50% umidade,Laboratório,RS,Sul,160.0,3 dias,3.0,72,160.0,expansao
198,0.456,390,177.84,10.0,25.0,5.65,0.0,CP II Z 32,7 dias úmida / 56 dias ar 50% umidade,Laboratório,RS,Sul,180.0,7 dias,7.0,168,180.0,expansao
198,0.456,390,177.84,10.0,25.0,5.65,0.0,CP II Z 32,7 dias úmida / 56 dias ar 50% umidade,Laboratório,RS,Sul,40.0,14 dias,14.0,336,40.0,expansao
198,0.456,390,177.84,10.0,25.0,5.65,0.0,CP II Z 32,7 dias úmida / 56 dias ar 50% umidade,Laboratório,RS,Sul,-60.0,28 dias,28.0,672,60.0,retracao
198,0.456,390,177.84,10.0,25.0,5.65,0.0,CP II Z 32,7 dias úmida / 56 dias ar 50% umidade,Laboratório,RS,Sul,-130.0,56 dias,56.0,1344,130.0,retracao
199,0.54,355,191.70000000000002,0.0,25.0,0.0,0.6,CP II F 32,7 dias úmida / 56 dias ar 50% umidade,Laboratório,SC,Sul,0.0,12 h,0.5,12,0.0,estabilidade
199,0.54,355,191.70000000000002,0.0,25.0,0.0,0.6,CP II F 32,7 dias úmida / 56 dias ar 50% umidade,Laboratório,SC,Sul,130.0,1 dia,1.0,24,130.0,expansao
199,0.54,355,191.70000000000002,0.0,25.0,0.0,0.6,CP II F 32,7 dias úmida / 56 dias ar 50% umidade,Laboratório,SC,Sul,80.0,3 dias,3.0,72,80.0,expansao
199,0.54,355,191.70000000000002,0.0,25.0,0.0,0.6,CP II F 32,7 dias úmida / 56 dias ar 50% umidade,Laboratório,SC,Sul,30.0,7 dias,7.0,168,30.0,expansao
199,0.54,355,191.70000000000002,0.0,25.0,0.0,0.6,CP II F 32,7 dias úmida / 56 dias ar 50% umidade,Laboratório,SC,Sul,-40.0,14 dias,14.0,336,40.0,retracao
199,0.54,355,191.70000000000002,0.0,25.0,0.0,0.6,CP II F 32,7 dias úmida / 56 dias ar 50% umidade,Laboratório,SC,Sul,-150.0,28 dias,28.0,672,150.0,retracao
199,0.54,355,191.70000000000002,0.0,25.0,0.0,0.6,CP II F 32,7 dias úmida / 56 dias ar 50% umidade,Laboratório,SC,Sul,-200.0,56 dias,56.0,1344,200.0,retracao
200,0.456,390,177.84,12.5,25.0,5.65,0.0,CP II Z 32,7 dias úmida / 56 dias ar 50% umidade,Laboratório,RS,Sul,0.0,12 h,0.5,12,0.0,estabilidade
200,0.456,390,177.84,12.5,25.0,5.65,0.0,CP II Z 32,7 dias úmida / 56 dias ar 50% umidade,Laboratório,RS,Sul,0.0,1 dia,1.0,24,0.0,estabilidade
200,0.456,390,177.84,12.5,25.0,5.65,0.0,CP II Z 32,7 dias úmida / 56 dias ar 50% umidade,Laboratório,RS,Sul,200.0,3 dias,3.0,72,200.0,expansao
200,0.456,390,177.84,12.5,25.0,5.65,0.0,CP II Z 32,7 dias úmida / 56 dias ar 50% umidade,Laboratório,RS,Sul,230.0,7 dias,7.0,168,230.0,expansao
200,0.456,390,177.84,12.5,25.0,5.65,0.0,CP II Z 32,7 dias úmida / 56 dias ar 50% umidade,Laboratório,RS,Sul,100.0,14 dias,14.0,336,100.0,expansao
200,0.456,390,177.84,12.5,25.0,5.65,0.0,CP II Z 32,7 dias úmida / 56 dias ar 50% umidade,Laboratório,RS,Sul,-20.0,28 dias,28.0,672,20.0,retracao
200,0.456,390,177.84,12.5,25.0,5.65,0.0,CP II Z 32,7 dias úmida / 56 dias ar 50% umidade,Laboratório,RS,Sul,-80.0,56 dias,56.0,1344,80.0,retracao
201,0.6,339,203.4,0.0,25.0,0.0,0.6,CP II E 40,7 dias úmida / 56 dias ar 50% umidade,Laboratório,SP,Sudeste,0.0,12 h,0.5,12,0.0,estabilidade
201,0.6,339,203.4,0.0,25.0,0.0,0.6,CP II E 40,7 dias úmida / 56 dias ar 50% umidade,Laboratório,SP,Sudeste,90.0,1 dia,1.0,24,90.0,expansao
201,0.6,339,203.4,0.0,25.0,0.0,0.6,CP II E 40,7 dias úmida / 56 dias ar 50% umidade,Laboratório,SP,Sudeste,150.0,3 dias,3.0,72,150.0,expansao
201,0.6,339,203.4,0.0,25.0,0.0,0.6,CP II E 40,7 dias úmida / 56 dias ar 50% umidade,Laboratório,SP,Sudeste,210.0,7 dias,7.0,168,210.0,expansao
201,0.6,339,203.4,0.0,25.0,0.0,0.6,CP II E 40,7 dias úmida / 56 dias ar 50% umidade,Laboratório,SP,Sudeste,40.0,14 dias,14.0,336,40.0,expansao
201,0.6,339,203.4,0.0,25.0,0.0,0.6,CP II E 40,7 dias úmida / 56 dias ar 50% umidade,Laboratório,SP,Sudeste,-90.0,28 dias,28.0,672,90.0,retracao
201,0.6,339,203.4,0.0,25.0,0.0,0.6,CP II E 40,7 dias úmida / 56 dias ar 50% umidade,Laboratório,SP,Sudeste,-140.0,56 dias,56.0,1344,140.0,retracao
202,0.5,380,190.0,8.0,0.0,5.0,0.6,CP V ARI,7 dias úmida / 56 dias ar 50% umidade,Laboratório,DF,Centro Oeste,0.0,12 h,0.5,12,0.0,estabilidade
202,0.5,380,190.0,8.0,0.0,5.0,0.6,CP V ARI,7 dias úmida / 56 dias ar 50% umidade,Laboratório,DF,Centro Oeste,10.0,1 dia,1.0,24,10.0,expansao
202,0.5,380,190.0,8.0,0.0,5.0,0.6,CP V ARI,7 dias úmida / 56 dias ar 50% umidade,Laboratório,DF,Centro Oeste,30.0,3 dias,3.0,72,30.0,expansao
202,0.5,380,190.0,8.0,0.0,5.0,0.6,CP V ARI,7 dias úmida / 56 dias ar 50% umidade,Laboratório,DF,Centro Oeste,70.0,7 dias,7.0,168,70.0,expansao
202,0.5,380,190.0,8.0,0.0,5.0,0.6,CP V ARI,7 dias úmida / 56 dias ar 50% umidade,Laboratório,DF,Centro Oeste,-80.0,14 dias,14.0,336,80.0,retracao
202,0.5,380,190.0,8.0,0.0,5.0,0.6,CP V ARI,7 dias úmida / 56 dias ar 50% umidade,Laboratório,DF,Centro Oeste,-230.0,28 dias,28.0,672,230.0,retracao
202,0.5,380,190.0,8.0,0.0,5.0,0.6,CP V ARI,7 dias úmida / 56 dias ar 50% umidade,Laboratório,DF,Centro Oeste,-350.0,56 dias,56.0,1344,350.0,retracao
203,0.482,390,187.98,15.0,25.0,5.65,0.0,CP II Z 32,7 dias úmida / 56 dias ar 50% umidade,Laboratório,RS,Sul,0.0,12 h,0.5,12,0.0,estabilidade
203,0.482,390,187.98,15.0,25.0,5.65,0.0,CP II Z 32,7 dias úmida / 56 dias ar 50% umidade,Laboratório,RS,Sul,0.0,1 dia,1.0,24,0.0,estabilidade
203,0.482,390,187.98,15.0,25.0,5.65,0.0,CP II Z 32,7 dias úmida / 56 dias ar 50% umidade,Laboratório,RS,Sul,230.0,3 dias,3.0,72,230.0,expansao
203,0.482,390,187.98,15.0,25.0,5.65,0.0,CP II Z 32,7 dias úmida / 56 dias ar 50% umidade,Laboratório,RS,Sul,260.0,7 dias,7.0,168,260.0,expansao
203,0.482,390,187.98,15.0,25.0,5.65,0.0,CP II Z 32,7 dias úmida / 56 dias ar 50% umidade,Laboratório,RS,Sul,150.0,14 dias,14.0,336,150.0,expansao
203,0.482,390,187.98,15.0,25.0,5.65,0.0,CP II Z 32,7 dias úmida / 56 dias ar 50% umidade,Laboratório,RS,Sul,40.0,28 dias,28.0,672,40.0,expansao
203,0.482,390,187.98,15.0,25.0,5.65,0.0,CP II Z 32,7 dias úmida / 56 dias ar 50% umidade,Laboratório,RS,Sul,-20.0,56 dias,56.0,1344,20.0,retracao
204,0.54,355,191.70000000000002,12.5,25.0,0.0,0.6,CP II F 32,7 dias úmida / 56 dias ar 50% umidade,Laboratório,SC,Sul,0.0,12 h,0.5,12,0.0,estabilidade
204,0.54,355,191.70000000000002,12.5,25.0,0.0,0.6,CP II F 32,7 dias úmida / 56 dias ar 50% umidade,Laboratório,SC,Sul,340.0,1 dia,1.0,24,340.0,expansao
204,0.54,355,191.70000000000002,12.5,25.0,0.0,0.6,CP II F 32,7 dias úmida / 56 dias ar 50% umidade,Laboratório,SC,Sul,310.0,3 dias,3.0,72,310.0,expansao
204,0.54,355,191.70000000000002,12.5,25.0,0.0,0.6,CP II F 32,7 dias úmida / 56 dias ar 50% umidade,Laboratório,SC,Sul,310.0,7 dias,7.0,168,310.0,expansao
204,0.54,355,191.70000000000002,12.5,25.0,0.0,0.6,CP II F 32,7 dias úmida / 56 dias ar 50% umidade,Laboratório,SC,Sul,250.0,14 dias,14.0,336,250.0,expansao
204,0.54,355,191.70000000000002,12.5,25.0,0.0,0.6,CP II F 32,7 dias úmida / 56 dias ar 50% umidade,Laboratório,SC,Sul,140.0,28 dias,28.0,672,140.0,expansao
204,0.54,355,191.70000000000002,12.5,25.0,0.0,0.6,CP II F 32,7 dias úmida / 56 dias ar 50% umidade,Laboratório,SC,Sul,110.0,56 dias,56.0,1344,110.0,expansao
205,0.54,355,191.70000000000002,15.0,25.0,0.0,0.6,CP II F 32,7 dias úmida / 56 dias ar 50% umidade,Laboratório,SC,Sul,0.0,12 h,0.5,12,0.0,estabilidade
205,0.54,355,191.70000000000002,15.0,25.0,0.0,0.6,CP II F 32,7 dias úmida / 56 dias ar 50% umidade,Laboratório,SC,Sul,410.0,1 dia,1.0,24,410.0,expansao
205,0.54,355,191.70000000000002,15.0,25.0,0.0,0.6,CP II F 32,7 dias úmida / 56 dias ar 50% umidade,Laboratório,SC,Sul,400.0,3 dias,3.0,72,400.0,expansao
205,0.54,355,191.70000000000002,15.0,25.0,0.0,0.6,CP II F 32,7 dias úmida / 56 dias ar 50% umidade,Laboratório,SC,Sul,400.0,7 dias,7.0,168,400.0,expansao
205,0.54,355,191.70000000000002,15.0,25.0,0.0,0.6,CP II F 32,7 dias úmida / 56 dias ar 50% umidade,Laboratório,SC,Sul,370.0,14 dias,14.0,336,370.0,expansao
205,0.54,355,191.70000000000002,15.0,25.0,0.0,0.6,CP II F 32,7 dias úmida / 56 dias ar 50% umidade,Laboratório,SC,Sul,230.0,28 dias,28.0,672,230.0,expansao
205,0.54,355,191.70000000000002,15.0,25.0,0.0,0.6,CP II F 32,7 dias úmida / 56 dias ar 50% umidade,Laboratório,SC,Sul,210.0,56 dias,56.0,1344,210.0,expansao
206,0.49,345,169.04999999999998,10.0,0.0,0.0,0.0,CP V ARI RS,7 dias úmida / 56 dias ar 50% umidade,Laboratório,SP,Sudeste,20.0,12 h,0.5,12,20.0,expansao
206,0.49,345,169.04999999999998,10.0,0.0,0.0,0.0,CP V ARI RS,7 dias úmida / 56 dias ar 50% umidade,Laboratório,SP,Sudeste,0.0,1 dia,1.0,24,0.0,estabilidade
206,0.49,345,169.04999999999998,10.0,0.0,0.0,0.0,CP V ARI RS,7 dias úmida / 56 dias ar 50% umidade,Laboratório,SP,Sudeste,100.0,3 dias,3.0,72,100.0,expansao
206,0.49,345,169.04999999999998,10.0,0.0,0.0,0.0,CP V ARI RS,7 dias úmida / 56 dias ar 50% umidade,Laboratório,SP,Sudeste,30.0,7 dias,7.0,168,30.0,expansao
206,0.49,345,169.04999999999998,10.0,0.0,0.0,0.0,CP V ARI RS,7 dias úmida / 56 dias ar 50% umidade,Laboratório,SP,Sudeste,-150.0,14 dias,14.0,336,150.0,retracao
