wb,cement_consumption,water_consumption,dry_d1,fibra_metalica,macrofibra_pp,microfibra_pp,idade_dias,idade_horas,cement,curing,local_ensaio,estado,regiao,idade_label,epsilon_t,amostra_id,epsilon_previsto,residuo,erro_absoluto,sinal_previsto
0.61,330,201.29999999999998,10.0,0.0,0.0,0.3,0.5,12,CP V ARI,56 dias ar 50% umidade,Laboratório,SP,Sudeste,12 h,0.0,0,0.09,-0.09,0.09,expansao
0.61,330,201.29999999999998,10.0,0.0,0.0,0.3,1.0,24,CP V ARI,56 dias ar 50% umidade,Laboratório,SP,Sudeste,1 dia,30.0,0,27.441904761904755,2.5580952380952446,2.5580952380952446,expansao
0.61,330,201.29999999999998,10.0,0.0,0.0,0.3,3.0,72,CP V ARI,56 dias ar 50% umidade,Laboratório,SP,Sudeste,3 dias,-50.0,0,59.71738095238093,-109.71738095238092,109.71738095238092,expansao
0.61,330,201.29999999999998,10.0,0.0,0.0,0.3,7.0,168,CP V ARI,56 dias ar 50% umidade,Laboratório,SP,Sudeste,7 dias,-180.0,0,89.34142857142861,-269.3414285714286,269.3414285714286,expansao
0.61,330,201.29999999999998,10.0,0.0,0.0,0.3,14.0,336,CP V ARI,56 dias ar 50% umidade,Laboratório,SP,Sudeste,14 dias,-360.0,0,-35.31642857142857,-324.68357142857144,324.68357142857144,retracao
0.61,330,201.29999999999998,10.0,0.0,0.0,0.3,28.0,672,CP V ARI,56 dias ar 50% umidade,Laboratório,SP,Sudeste,28 dias,-590.0,0,-152.40857142857146,-437.59142857142854,437.59142857142854,retracao
0.61,330,201.29999999999998,10.0,0.0,0.0,0.3,56.0,1344,CP V ARI,56 dias ar 50% umidade,Laboratório,SP,Sudeste,56 dias,-760.0,0,-317.9433333333332,-442.0566666666668,442.0566666666668,retracao
0.52,385,200.20000000000002,15.0,0.0,5.5,0.6,0.5,12,CP II E 40,Não informado,Não informado,ES,Sudeste,12 h,0.0,1,0.0,0.0,0.0,estabilidade
0.52,385,200.20000000000002,15.0,0.0,5.5,0.6,1.0,24,CP II E 40,Não informado,Não informado,ES,Sudeste,1 dia,40.0,1,34.53428571428574,5.465714285714263,5.465714285714263,expansao
0.52,385,200.20000000000002,15.0,0.0,5.5,0.6,3.0,72,CP II E 40,Não informado,Não informado,ES,Sudeste,3 dias,80.0,1,77.4377777777778,2.5622222222222035,2.5622222222222035,expansao
0.52,385,200.20000000000002,15.0,0.0,5.5,0.6,7.0,168,CP II E 40,Não informado,Não informado,ES,Sudeste,7 dias,120.0,1,132.74083333333337,-12.74083333333337,12.74083333333337,expansao
0.52,385,200.20000000000002,15.0,0.0,5.5,0.6,14.0,336,CP II E 40,Não informado,Não informado,ES,Sudeste,14 dias,-30.0,1,-17.169523809523813,-12.830476190476187,12.830476190476187,retracao
0.52,385,200.20000000000002,15.0,0.0,5.5,0.6,28.0,672,CP II E 40,Não informado,Não informado,ES,Sudeste,28 dias,-250.0,1,-176.84166666666664,-73.15833333333336,73.15833333333336,retracao
0.52,385,200.20000000000002,15.0,0.0,5.5,0.6,56.0,1344,CP II E 40,Não informado,Não informado,ES,Sudeste,56 dias,-500.0,1,-347.2994047619046,-152.7005952380954,152.7005952380954,retracao
0.51,352,179.52,10.0,0.0,0.0,0.0,0.5,12,CP II,7 dias úmida / 56 dias ar 50% umidade,Laboratório,SP,Sudeste,12 h,-10.0,2,2.598333333333335,-12.598333333333334,12.598333333333334,expansao
0.51,352,179.52,10.0,0.0,0.0,0.0,1.0,24,CP II,7 dias úmida / 56 dias ar 50% umidade,Laboratório,SP,Sudeste,1 dia,0.0,2,10.588333333333335,-10.588333333333335,10.588333333333335,expansao
0.51,352,179.52,10.0,0.0,0.0,0.0,3.0,72,CP II,7 dias úmida / 56 dias ar 50% umidade,Laboratório,SP,Sudeste,3 dias,10.0,2,35.673333333333325,-25.673333333333325,25.673333333333325,expansao
0.51,352,179.52,10.0,0.0,0.0,0.0,7.0,168,CP II,7 dias úmida / 56 dias ar 50% umidade,Laboratório,SP,Sudeste,7 dias,30.0,2,39.87666666666669,-9.876666666666686,9.876666666666686,expansao
0.51,352,179.52,10.0,0.0,0.0,0.0,14.0,336,CP II,7 dias úmida / 56 dias ar 50% umidade,Laboratório,SP,Sudeste,14 dias,-160.0,2,-108.82857142857141,-51.17142857142859,51.17142857142859,retracao
0.51,352,179.52,10.0,0.0,0.0,0.0,28.0,672,CP II,7 dias úmida / 56 dias ar 50% umidade,Laboratório,SP,Sudeste,28 dias,-310.0,2,-210.64833333333337,-99.35166666666663,99.35166666666663,retracao
0.51,352,179.52,10.0,0.0,0.0,0.0,56.0,1344,CP II,7 dias úmida / 56 dias ar 50% umidade,Laboratório,SP,Sudeste,56 dias,-420.0,2,-348.8283333333334,-71.17166666666662,71.17166666666662,retracao
0.49,380,186.2,15.0,0.0,0.0,0.6,0.5,12,CP V ARI RS,7 dias úmida / 56 dias ar 50% umidade,Não informado,RJ,Sudeste,12 h,0.0,3,0.9666666666666669,-0.9666666666666669,0.9666666666666669,expansao
0.49,380,186.2,15.0,0.0,0.0,0.6,1.0,24,CP V ARI RS,7 dias úmida / 56 dias ar 50% umidade,Não informado,RJ,Sudeste,1 dia,-30.0,3,39.943333333333335,-69.94333333333333,69.94333333333333,expansao
0.49,380,186.2,15.0,0.0,0.0,0.6,3.0,72,CP V ARI RS,7 dias úmida / 56 dias ar 50% umidade,Não informado,RJ,Sudeste,3 dias,-60.0,3,46.25333333333334,-106.25333333333333,106.25333333333333,expansao
0.49,380,186.2,15.0,0.0,0.0,0.6,7.0,168,CP V ARI RS,7 dias úmida / 56 dias ar 50% umidade,Não informado,RJ,Sudeste,7 dias,-120.0,3,54.75666666666665,-174.75666666666666,174.75666666666666,expansao
0.49,380,186.2,15.0,0.0,0.0,0.6,14.0,336,CP V ARI RS,7 dias úmida / 56 dias ar 50% umidade,Não informado,RJ,Sudeste,14 dias,-240.0,3,-94.92833333333334,-145.07166666666666,145.07166666666666,retracao
0.49,380,186.2,15.0,0.0,0.0,0.6,28.0,672,CP V ARI RS,7 dias úmida / 56 dias ar 50% umidade,Não informado,RJ,Sudeste,28 dias,-300.0,3,-173.26309523809527,-126.73690476190473,126.73690476190473,retracao
0.49,380,186.2,15.0,0.0,0.0,0.6,56.0,1344,CP V ARI RS,7 dias úmida / 56 dias ar 50% umidade,Não informado,RJ,Sudeste,56 dias,-410.0,3,-280.3133333333333,-129.68666666666672,129.68666666666672,retracao
0.55,337,185.35000000000002,12.5,0.0,5.5,0.6,0.5,12,CP II E 40,7 dias úmida / 56 dias ar 50% umidade,Laboratório,SP,Sudeste,12 h,0.0,4,0.0,0.0,0.0,estabilidade
0.55,337,185.35000000000002,12.5,0.0,5.5,0.6,1.0,24,CP II E 40,7 dias úmida / 56 dias ar 50% umidade,Laboratório,SP,Sudeste,1 dia,30.0,4,33.73833333333333,-3.7383333333333297,3.7383333333333297,expansao
0.55,337,185.35000000000002,12.5,0.0,5.5,0.6,3.0,72,CP II E 40,7 dias úmida / 56 dias ar 50% umidade,Laboratório,SP,Sudeste,3 dias,60.0,4,76.31333333333333,-16.313333333333333,16.313333333333333,expansao
0.55,337,185.35000000000002,12.5,0.0,5.5,0.6,7.0,168,CP II E 40,7 dias úmida / 56 dias ar 50% umidade,Laboratório,SP,Sudeste,7 dias,100.0,4,103.23333333333333,-3.2333333333333343,3.2333333333333343,expansao
0.55,337,185.35000000000002,12.5,0.0,5.5,0.6,14.0,336,CP II E 40,7 dias úmida / 56 dias ar 50% umidade,Laboratório,SP,Sudeste,14 dias,-110.0,4,-64.40809523809524,-45.59190476190476,45.59190476190476,retracao
0.55,337,185.35000000000002,12.5,0.0,5.5,0.6,28.0,672,CP II E 40,7 dias úmida / 56 dias ar 50% umidade,Laboratório,SP,Sudeste,28 dias,-290.0,4,-170.85190476190473,-119.14809523809527,119.14809523809527,retracao
0.55,337,185.35000000000002,12.5,0.0,5.5,0.6,56.0,1344,CP II E 40,7 dias úmida / 56 dias ar 50% umidade,Laboratório,SP,Sudeste,56 dias,-400.0,4,-309.55000000000024,-90.44999999999976,90.44999999999976,retracao
0.61,330,201.29999999999998,0.0,0.0,0.0,0.3,0.5,12,CP V ARI,7 dias úmida / 56 dias ar 50% umidade,Campo,SP,Sudeste,12 h,0.0,5,0.0,0.0,0.0,estabilidade
0.61,330,201.29999999999998,0.0,0.0,0.0,0.3,1.0,24,CP V ARI,7 dias úmida / 56 dias ar 50% umidade,Campo,SP,Sudeste,1 dia,-40.0,5,-29.83000000000001,-10.169999999999991,10.169999999999991,retracao
0.61,330,201.29999999999998,0.0,0.0,0.0,0.3,3.0,72,CP V ARI,7 dias úmida / 56 dias ar 50% umidade,Campo,SP,Sudeste,3 dias,-100.0,5,-62.845,-37.155,37.155,retracao
0.61,330,201.29999999999998,0.0,0.0,0.0,0.3,7.0,168,CP V ARI,7 dias úmida / 56 dias ar 50% umidade,Campo,SP,Sudeste,7 dias,-450.0,5,-107.18666666666662,-342.8133333333334,342.8133333333334,retracao
0.61,330,201.29999999999998,0.0,0.0,0.0,0.3,14.0,336,CP V ARI,7 dias úmida / 56 dias ar 50% umidade,Campo,SP,Sudeste,14 dias,-560.0,5,-184.80333333333337,-375.1966666666666,375.1966666666666,retracao
0.61,330,201.29999999999998,0.0,0.0,0.0,0.3,28.0,672,CP V ARI,7 dias úmida / 56 dias ar 50% umidade,Campo,SP,Sudeste,28 dias,-870.0,5,-313.2483333333332,-556.7516666666668,556.7516666666668,retracao
0.61,330,201.29999999999998,0.0,0.0,0.0,0.3,56.0,1344,CP V ARI,7 dias úmida / 56 dias ar 50% umidade,Campo,SP,Sudeste,56 dias,-1000.0,5,-474.36000000000007,-525.6399999999999,525.6399999999999,retracao
0.52,385,200.20000000000002,0.0,0.0,5.5,0.6,0.5,12,CP II E 40,Não informado,Não informado,ES,Sudeste,12 h,0.0,6,0.0,0.0,0.0,estabilidade
0.52,385,200.20000000000002,0.0,0.0,5.5,0.6,1.0,24,CP II E 40,Não informado,Não informado,ES,Sudeste,1 dia,-50.0,6,-38.780476190476186,-11.219523809523814,11.219523809523814,retracao
0.52,385,200.20000000000002,0.0,0.0,5.5,0.6,3.0,72,CP II E 40,Não informado,Não informado,ES,Sudeste,3 dias,-130.0,6,-85.54666666666661,-44.45333333333339,44.45333333333339,retracao
0.52,385,200.20000000000002,0.0,0.0,5.5,0.6,7.0,168,CP II E 40,Não informado,Não informado,ES,Sudeste,7 dias,-290.0,6,-138.40666666666658,-151.59333333333342,151.59333333333342,retracao
0.52,385,200.20000000000002,0.0,0.0,5.5,0.6,14.0,336,CP II E 40,Não informado,Não informado,ES,Sudeste,14 dias,-450.0,6,-244.3516666666668,-205.6483333333332,205.6483333333332,retracao
0.52,385,200.20000000000002,0.0,0.0,5.5,0.6,28.0,672,CP II E 40,Não informado,Não informado,ES,Sudeste,28 dias,-580.0,6,-351.8516666666666,-228.14833333333343,228.14833333333343,retracao
0.52,385,200.20000000000002,0.0,0.0,5.5,0.6,56.0,1344,CP II E 40,Não informado,Não informado,ES,Sudeste,56 dias,-760.0,6,-475.025,-284.975,284.975,retracao
0.547,320,175.04000000000002,12.5,0.0,0.0,0.6,0.5,12,CP II E 40,7 dias úmida / 56 dias ar 50% umidade,Não informado,SP,Sudeste,12 h,0.0,7,0.41999999999999993,-0.41999999999999993,0.41999999999999993,expansao
0.547,320,175.04000000000002,12.5,0.0,0.0,0.6,1.0,24,CP II E 40,7 dias úmida / 56 dias ar 50% umidade,Não informado,SP,Sudeste,1 dia,110.0,7,29.055476190476178,80.94452380952382,80.94452380952382,expansao
0.547,320,175.04000000000002,12.5,0.0,0.0,0.6,3.0,72,CP II E 40,7 dias úmida / 56 dias ar 50% umidade,Não informado,SP,Sudeste,3 dias,190.0,7,72.44841269841271,117.55158730158729,117.55158730158729,expansao
0.547,320,175.04000000000002,12.5,0.0,0.0,0.6,7.0,168,CP II E 40,7 dias úmida / 56 dias ar 50% umidade,Não informado,SP,Sudeste,7 dias,220.0,7,93.93785714285714,126.06214285714286,126.06214285714286,expansao
0.547,320,175.04000000000002,12.5,0.0,0.0,0.6,14.0,336,CP II E 40,7 dias úmida / 56 dias ar 50% umidade,Não informado,SP,Sudeste,14 dias,-40.0,7,-59.72119047619046,19.721190476190458,19.721190476190458,retracao
0.547,320,175.04000000000002,12.5,0.0,0.0,0.6,28.0,672,CP II E 40,7 dias úmida / 56 dias ar 50% umidade,Não informado,SP,Sudeste,28 dias,-270.0,7,-175.73000000000005,-94.26999999999995,94.26999999999995,retracao
0.547,320,175.04000000000002,12.5,0.0,0.0,0.6,56.0,1344,CP II E 40,7 dias úmida / 56 dias ar 50% umidade,Não informado,SP,Sudeste,56 dias,-390.0,7,-283.1650000000001,-106.83499999999992,106.83499999999992,retracao
0.61,330,201.29999999999998,0.0,0.0,0.0,0.3,0.5,12,CP V ARI,7 dias úmida / 56 dias ar 50% umidade,Campo,SP,Sudeste,12 h,0.0,8,0.0,0.0,0.0,estabilidade
0.61,330,201.29999999999998,0.0,0.0,0.0,0.3,1.0,24,CP V ARI,7 dias úmida / 56 dias ar 50% umidade,Campo,SP,Sudeste,1 dia,-90.0,8,-29.83000000000001,-60.16999999999999,60.16999999999999,retracao
0.61,330,201.29999999999998,0.0,0.0,0.0,0.3,3.0,72,CP V ARI,7 dias úmida / 56 dias ar 50% umidade,Campo,SP,Sudeste,3 dias,-250.0,8,-62.845,-187.155,187.155,retracao
0.61,330,201.29999999999998,0.0,0.0,0.0,0.3,7.0,168,CP V ARI,7 dias úmida / 56 dias ar 50% umidade,Campo,SP,Sudeste,7 dias,-370.0,8,-107.18666666666662,-262.8133333333334,262.8133333333334,retracao
0.61,330,201.29999999999998,0.0,0.0,0.0,0.3,14.0,336,CP V ARI,7 dias úmida / 56 dias ar 50% umidade,Campo,SP,Sudeste,14 dias,-500.0,8,-184.80333333333337,-315.1966666666666,315.1966666666666,retracao
0.61,330,201.29999999999998,0.0,0.0,0.0,0.3,28.0,672,CP V ARI,7 dias úmida / 56 dias ar 50% umidade,Campo,SP,Sudeste,28 dias,-580.0,8,-313.2483333333332,-266.7516666666668,266.7516666666668,retracao
0.61,330,201.29999999999998,0.0,0.0,0.0,0.3,56.0,1344,CP V ARI,7 dias úmida / 56 dias ar 50% umidade,Campo,SP,Sudeste,56 dias,-740.0,8,-474.36000000000007,-265.63999999999993,265.63999999999993,retracao
0.55,327,179.85000000000002,8.0,25.0,0.0,0.6,0.5,12,CP II E 40,7 dias úmida / 56 dias ar 50% umidade,Não informado,SP,Sudeste,12 h,0.0,9,0.08166666666666667,-0.08166666666666667,0.08166666666666667,expansao
0.55,327,179.85000000000002,8.0,25.0,0.0,0.6,1.0,24,CP II E 40,7 dias úmida / 56 dias ar 50% umidade,Não informado,SP,Sudeste,1 dia,70.0,9,35.91583333333334,34.08416666666666,34.08416666666666,expansao
0.55,327,179.85000000000002,8.0,25.0,0.0,0.6,3.0,72,CP II E 40,7 dias úmida / 56 dias ar 50% umidade,Não informado,SP,Sudeste,3 dias,150.0,9,79.07285714285716,70.92714285714284,70.92714285714284,expansao
0.55,327,179.85000000000002,8.0,25.0,0.0,0.6,7.0,168,CP II E 40,7 dias úmida / 56 dias ar 50% umidade,Não informado,SP,Sudeste,7 dias,170.0,9,112.45333333333333,57.54666666666667,57.54666666666667,expansao
0.55,327,179.85000000000002,8.0,25.0,0.0,0.6,14.0,336,CP II E 40,7 dias úmida / 56 dias ar 50% umidade,Não informado,SP,Sudeste,14 dias,-60.0,9,-78.95214285714285,18.952142857142846,18.952142857142846,retracao
0.55,327,179.85000000000002,8.0,25.0,0.0,0.6,28.0,672,CP II E 40,7 dias úmida / 56 dias ar 50% umidade,Não informado,SP,Sudeste,28 dias,-260.0,9,-196.45333333333332,-63.54666666666668,63.54666666666668,retracao
0.55,327,179.85000000000002,8.0,25.0,0.0,0.6,56.0,1344,CP II E 40,7 dias úmida / 56 dias ar 50% umidade,Não informado,SP,Sudeste,56 dias,-270.0,9,-330.11833333333345,60.11833333333345,60.11833333333345,retracao
0.49,380,186.2,0.0,0.0,0.0,0.6,0.5,12,CP V ARI RS,7 dias úmida / 56 dias ar 50% umidade,Não informado,RJ,Sudeste,12 h,0.0,10,0.0,0.0,0.0,estabilidade
0.49,380,186.2,0.0,0.0,0.0,0.6,1.0,24,CP V ARI RS,7 dias úmida / 56 dias ar 50% umidade,Não informado,RJ,Sudeste,1 dia,-40.0,10,-51.51666666666666,11.516666666666659,11.516666666666659,retracao
0.49,380,186.2,0.0,0.0,0.0,0.6,3.0,72,CP V ARI RS,7 dias úmida / 56 dias ar 50% umidade,Não informado,RJ,Sudeste,3 dias,-120.0,10,-109.29666666666667,-10.703333333333333,10.703333333333333,retracao
0.49,380,186.2,0.0,0.0,0.0,0.6,7.0,168,CP V ARI RS,7 dias úmida / 56 dias ar 50% umidade,Não informado,RJ,Sudeste,7 dias,-170.0,10,-144.83500000000004,-25.164999999999964,25.164999999999964,retracao
0.49,380,186.2,0.0,0.0,0.0,0.6,14.0,336,CP V ARI RS,7 dias úmida / 56 dias ar 50% umidade,Não informado,RJ,Sudeste,14 dias,-380.0,10,-216.03500000000003,-163.96499999999997,163.96499999999997,retracao
0.49,380,186.2,0.0,0.0,0.0,0.6,28.0,672,CP V ARI RS,7 dias úmida / 56 dias ar 50% umidade,Não informado,RJ,Sudeste,28 dias,-550.0,10,-334.51166666666666,-215.48833333333334,215.48833333333334,retracao
0.49,380,186.2,0.0,0.0,0.0,0.6,56.0,1344,CP V ARI RS,7 dias úmida / 56 dias ar 50% umidade,Não informado,RJ,Sudeste,56 dias,-660.0,10,-474.99000000000024,-185.00999999999976,185.00999999999976,retracao
0.5,384,192.0,12.5,0.0,4.5,0.6,0.5,12,CP II E 40,7 dias úmida / 56 dias ar 50% umidade,Laboratório,SP,Sudeste,12 h,0.0,11,0.0,0.0,0.0,estabilidade
0.5,384,192.0,12.5,0.0,4.5,0.6,1.0,24,CP II E 40,7 dias úmida / 56 dias ar 50% umidade,Laboratório,SP,Sudeste,1 dia,10.0,11,26.88333333333333,-16.88333333333333,16.88333333333333,expansao
0.5,384,192.0,12.5,0.0,4.5,0.6,3.0,72,CP II E 40,7 dias úmida / 56 dias ar 50% umidade,Laboratório,SP,Sudeste,3 dias,20.0,11,53.50499999999999,-33.50499999999999,33.50499999999999,expansao
0.5,384,192.0,12.5,0.0,4.5,0.6,7.0,168,CP II E 40,7 dias úmida / 56 dias ar 50% umidade,Laboratório,SP,Sudeste,7 dias,50.0,11,75.91833333333335,-25.91833333333335,25.91833333333335,expansao
0.5,384,192.0,12.5,0.0,4.5,0.6,14.0,336,CP II E 40,7 dias úmida / 56 dias ar 50% umidade,Laboratório,SP,Sudeste,14 dias,-100.0,11,-81.70500000000001,-18.294999999999987,18.294999999999987,retracao
0.5,384,192.0,12.5,0.0,4.5,0.6,28.0,672,CP II E 40,7 dias úmida / 56 dias ar 50% umidade,Laboratório,SP,Sudeste,28 dias,-220.0,11,-209.97333333333327,-10.026666666666728,10.026666666666728,retracao
0.5,384,192.0,12.5,0.0,4.5,0.6,56.0,1344,CP II E 40,7 dias úmida / 56 dias ar 50% umidade,Laboratório,SP,Sudeste,56 dias,-380.0,11,-328.9825,-51.017499999999984,51.017499999999984,retracao
0.55,332,182.60000000000002,0.0,0.0,0.0,0.6,0.5,12,CP III RS,7 dias úmida / 56 dias ar 50% umidade,Não informado,RJ,Sudeste,12 h,0.0,12,0.0,0.0,0.0,estabilidade
0.55,332,182.60000000000002,0.0,0.0,0.0,0.6,1.0,24,CP III RS,7 dias úmida / 56 dias ar 50% umidade,Não informado,RJ,Sudeste,1 dia,-50.0,12,-47.98333333333333,-2.016666666666673,2.016666666666673,retracao
0.55,332,182.60000000000002,0.0,0.0,0.0,0.6,3.0,72,CP III RS,7 dias úmida / 56 dias ar 50% umidade,Não informado,RJ,Sudeste,3 dias,-150.0,12,-107.09666666666669,-42.90333333333331,42.90333333333331,retracao
0.55,332,182.60000000000002,0.0,0.0,0.0,0.6,7.0,168,CP III RS,7 dias úmida / 56 dias ar 50% umidade,Não informado,RJ,Sudeste,7 dias,-270.0,12,-159.85166666666663,-110.14833333333337,110.14833333333337,retracao
0.55,332,182.60000000000002,0.0,0.0,0.0,0.6,14.0,336,CP III RS,7 dias úmida / 56 dias ar 50% umidade,Não informado,RJ,Sudeste,14 dias,-370.0,12,-248.09833333333327,-121.90166666666673,121.90166666666673,retracao
0.55,332,182.60000000000002,0.0,0.0,0.0,0.6,28.0,672,CP III RS,7 dias úmida / 56 dias ar 50% umidade,Não informado,RJ,Sudeste,28 dias,-480.0,12,-355.439761904762,-124.56023809523799,124.56023809523799,retracao
0.55,332,182.60000000000002,0.0,0.0,0.0,0.6,56.0,1344,CP III RS,7 dias úmida / 56 dias ar 50% umidade,Não informado,RJ,Sudeste,56 dias,-650.0,12,-479.9919047619047,-170.00809523809528,170.00809523809528,retracao
0.54,335,180.9,10.0,0.0,0.0,0.0,0.5,12,CP II,7 dias úmida / 56 dias ar 50% umidade,Laboratório,SP,Sudeste,12 h,10.0,13,-1.5983333333333332,11.598333333333333,11.598333333333333,retracao
0.54,335,180.9,10.0,0.0,0.0,0.0,1.0,24,CP II,7 dias úmida / 56 dias ar 50% umidade,Laboratório,SP,Sudeste,1 dia,0.0,13,11.269047619047617,-11.269047619047617,11.269047619047617,expansao
0.54,335,180.9,10.0,0.0,0.0,0.0,3.0,72,CP II,7 dias úmida / 56 dias ar 50% umidade,Laboratório,SP,Sudeste,3 dias,20.0,13,59.94166666666666,-39.94166666666666,39.94166666666666,expansao
0.54,335,180.9,10.0,0.0,0.0,0.0,7.0,168,CP II,7 dias úmida / 56 dias ar 50% umidade,Laboratório,SP,Sudeste,7 dias,20.0,13,54.99666666666666,-34.99666666666666,34.99666666666666,expansao
0.54,335,180.9,10.0,0.0,0.0,0.0,14.0,336,CP II,7 dias úmida / 56 dias ar 50% umidade,Laboratório,SP,Sudeste,14 dias,-180.0,13,-112.96714285714287,-67.03285714285713,67.03285714285713,retracao
0.54,335,180.9,10.0,0.0,0.0,0.0,28.0,672,CP II,7 dias úmida / 56 dias ar 50% umidade,Laboratório,SP,Sudeste,28 dias,-250.0,13,-216.14738095238098,-33.852619047619015,33.852619047619015,retracao
0.54,335,180.9,10.0,0.0,0.0,0.0,56.0,1344,CP II,7 dias úmida / 56 dias ar 50% umidade,Laboratório,SP,Sudeste,56 dias,-370.0,13,-346.76,-23.24000000000001,23.24000000000001,retracao
0.5,400,200.0,0.0,0.0,0.0,0.3,0.5,12,CP V ARI,7 dias úmida / 56 dias ar 50% umidade,Laboratório,SP,Sudeste,12 h,0.0,14,0.0,0.0,0.0,estabilidade
0.5,400,200.0,0.0,0.0,0.0,0.3,1.0,24,CP V ARI,7 dias úmida / 56 dias ar 50% umidade,Laboratório,SP,Sudeste,1 dia,-60.0,14,-48.02999999999998,-11.97000000000002,11.97000000000002,retracao
0.5,400,200.0,0.0,0.0,0.0,0.3,3.0,72,CP V ARI,7 dias úmida / 56 dias ar 50% umidade,Laboratório,SP,Sudeste,3 dias,-180.0,14,-93.86,-86.14,86.14,retracao
0.5,400,200.0,0.0,0.0,0.0,0.3,7.0,168,CP V ARI,7 dias úmida / 56 dias ar 50% umidade,Laboratório,SP,Sudeste,7 dias,-300.0,14,-170.5533333333334,-129.4466666666666,129.4466666666666,retracao
0.5,400,200.0,0.0,0.0,0.0,0.3,14.0,336,CP V ARI,7 dias úmida / 56 dias ar 50% umidade,Laboratório,SP,Sudeste,14 dias,-400.0,14,-281.9383333333333,-118.06166666666672,118.06166666666672,retracao
0.5,400,200.0,0.0,0.0,0.0,0.3,28.0,672,CP V ARI,7 dias úmida / 56 dias ar 50% umidade,Laboratório,SP,Sudeste,28 dias,-530.0,14,-377.66833333333324,-152.33166666666676,152.33166666666676,retracao
0.5,400,200.0,0.0,0.0,0.0,0.3,56.0,1344,CP V ARI,7 dias úmida / 56 dias ar 50% umidade,Laboratório,SP,Sudeste,56 dias,-630.0,14,-494.15833333333336,-135.84166666666664,135.84166666666664,retracao
0.61,330,201.29999999999998,10.0,0.0,0.0,0.3,0.5,12,CP V ARI,7 dias úmida / 56 dias ar 50% umidade,Laboratório,SP,Sudeste,12 h,0.0,15,0.09,-0.09,0.09,expansao
0.61,330,201.29999999999998,10.0,0.0,0.0,0.3,1.0,24,CP V ARI,7 dias úmida / 56 dias ar 50% umidade,Laboratório,SP,Sudeste,1 dia,30.0,15,27.481904761904758,2.518095238095242,2.518095238095242,expansao
0.61,330,201.29999999999998,10.0,0.0,0.0,0.3,3.0,72,CP V ARI,7 dias úmida / 56 dias ar 50% umidade,Laboratório,SP,Sudeste,3 dias,70.0,15,59.71738095238093,10.282619047619072,10.282619047619072,expansao
0.61,330,201.29999999999998,10.0,0.0,0.0,0.3,7.0,168,CP V ARI,7 dias úmida / 56 dias ar 50% umidade,Laboratório,SP,Sudeste,7 dias,110.0,15,89.34142857142861,20.658571428571392,20.658571428571392,expansao
0.61,330,201.29999999999998,10.0,0.0,0.0,0.3,14.0,336,CP V ARI,7 dias úmida / 56 dias ar 50% umidade,Laboratório,SP,Sudeste,14 dias,-20.0,15,-35.683095238095234,15.683095238095234,15.683095238095234,retracao
0.61,330,201.29999999999998,10.0,0.0,0.0,0.3,28.0,672,CP V ARI,7 dias úmida / 56 dias ar 50% umidade,Laboratório,SP,Sudeste,28 dias,-140.0,15,-152.40857142857146,12.408571428571463,12.408571428571463,retracao
0.61,330,201.29999999999998,10.0,0.0,0.0,0.3,56.0,1344,CP V ARI,7 dias úmida / 56 dias ar 50% umidade,Laboratório,SP,Sudeste,56 dias,-370.0,15,-317.9433333333332,-52.056666666666786,52.056666666666786,retracao
0.61,360,219.6,0.0,0.0,0.0,0.3,0.5,12,CP V ARI,7 dias úmida / 56 dias ar 50% umidade,Laboratório,SP,Sudeste,12 h,0.0,16,0.0,0.0,0.0,estabilidade
0.61,360,219.6,0.0,0.0,0.0,0.3,1.0,24,CP V ARI,7 dias úmida / 56 dias ar 50% umidade,Laboratório,SP,Sudeste,1 dia,-60.0,16,-31.84500000000001,-28.15499999999999,28.15499999999999,retracao
0.61,360,219.6,0.0,0.0,0.0,0.3,3.0,72,CP V ARI,7 dias úmida / 56 dias ar 50% umidade,Laboratório,SP,Sudeste,3 dias,-180.0,16,-131.675,-48.32499999999999,48.32499999999999,retracao
0.61,360,219.6,0.0,0.0,0.0,0.3,7.0,168,CP V ARI,7 dias úmida / 56 dias ar 50% umidade,Laboratório,SP,Sudeste,7 dias,-300.0,16,-183.2733333333334,-116.7266666666666,116.7266666666666,retracao
0.61,360,219.6,0.0,0.0,0.0,0.3,14.0,336,CP V ARI,7 dias úmida / 56 dias ar 50% umidade,Laboratório,SP,Sudeste,14 dias,-400.0,16,-183.21000000000006,-216.78999999999994,216.78999999999994,retracao
0.61,360,219.6,0.0,0.0,0.0,0.3,28.0,672,CP V ARI,7 dias úmida / 56 dias ar 50% umidade,Laboratório,SP,Sudeste,28 dias,-530.0,16,-272.42000000000013,-257.57999999999987,257.57999999999987,retracao
0.61,360,219.6,0.0,0.0,0.0,0.3,56.0,1344,CP V ARI,7 dias úmida / 56 dias ar 50% umidade,Laboratório,SP,Sudeste,56 dias,-630.0,16,-417.2666666666667,-212.7333333333333,212.7333333333333,retracao
0.53,340,180.20000000000002,10.0,0.0,5.5,0.6,0.5,12,CP II F 40,7 dias úmida / 56 dias ar 50% umidade,Não informado,BA,Nordeste,12 h,0.0,17,0.03333333333333333,-0.03333333333333333,0.03333333333333333,expansao
0.53,340,180.20000000000002,10.0,0.0,5.5,0.6,1.0,24,CP II F 40,7 dias úmida / 56 dias ar 50% umidade,Não informado,BA,Nordeste,1 dia,20.0,17,34.51166666666667,-14.51166666666667,14.51166666666667,expansao
0.53,340,180.20000000000002,10.0,0.0,5.5,0.6,3.0,72,CP II F 40,7 dias úmida / 56 dias ar 50% umidade,Não informado,BA,Nordeste,3 dias,40.0,17,82.40833333333332,-42.40833333333332,42.40833333333332,expansao
0.53,340,180.20000000000002,10.0,0.0,5.5,0.6,7.0,168,CP II F 40,7 dias úmida / 56 dias ar 50% umidade,Não informado,BA,Nordeste,7 dias,90.0,17,106.04309523809525,-16.043095238095248,16.043095238095248,expansao
0.53,340,180.20000000000002,10.0,0.0,5.5,0.6,14.0,336,CP II F 40,7 dias úmida / 56 dias ar 50% umidade,Não informado,BA,Nordeste,14 dias,-30.0,17,-57.01249999999999,27.01249999999999,27.01249999999999,retracao
0.53,340,180.20000000000002,10.0,0.0,5.5,0.6,28.0,672,CP II F 40,7 dias úmida / 56 dias ar 50% umidade,Não informado,BA,Nordeste,28 dias,-140.0,17,-191.63999999999996,51.63999999999996,51.63999999999996,retracao
0.53,340,180.20000000000002,10.0,0.0,5.5,0.6,56.0,1344,CP II F 40,7 dias úmida / 56 dias ar 50% umidade,Não informado,BA,Nordeste,56 dias,-360.0,17,-328.49500000000023,-31.504999999999768,31.504999999999768,retracao
0.5,380,190.0,12.5,0.0,0.0,0.6,0.5,12,CP III RS,7 dias úmida / 56 dias ar 50% umidade,Não informado,RJ,Sudeste,12 h,0.0,18,2.095,-2.095,2.095,expansao
0.5,380,190.0,12.5,0.0,0.0,0.6,1.0,24,CP III RS,7 dias úmida / 56 dias ar 50% umidade,Não informado,RJ,Sudeste,1 dia,60.0,18,41.14428571428572,18.855714285714278,18.855714285714278,expansao
0.5,380,190.0,12.5,0.0,0.0,0.6,3.0,72,CP III RS,7 dias úmida / 56 dias ar 50% umidade,Não informado,RJ,Sudeste,3 dias,100.0,18,56.11499999999998,43.88500000000002,43.88500000000002,expansao
0.5,380,190.0,12.5,0.0,0.0,0.6,7.0,168,CP III RS,7 dias úmida / 56 dias ar 50% umidade,Não informado,RJ,Sudeste,7 dias,-20.0,18,72.58166666666664,-92.58166666666664,92.58166666666664,expansao
0.5,380,190.0,12.5,0.0,0.0,0.6,14.0,336,CP III RS,7 dias úmida / 56 dias ar 50% umidade,Não informado,RJ,Sudeste,14 dias,-130.0,18,-53.07714285714285,-76.92285714285714,76.92285714285714,retracao
0.5,380,190.0,12.5,0.0,0.0,0.6,28.0,672,CP III RS,7 dias úmida / 56 dias ar 50% umidade,Não informado,RJ,Sudeste,28 dias,-240.0,18,-108.53833333333334,-131.46166666666664,131.46166666666664,retracao
0.5,380,190.0,12.5,0.0,0.0,0.6,56.0,1344,CP III RS,7 dias úmida / 56 dias ar 50% umidade,Não informado,RJ,Sudeste,56 dias,-360.0,18,-246.04499999999993,-113.95500000000007,113.95500000000007,retracao
0.56,340,190.4,10.0,0.0,5.5,0.6,0.5,12,Não informado,7 dias úmida / 56 dias ar 50% umidade,Não informado,AL,Nordeste,12 h,0.0,19,0.0,0.0,0.0,estabilidade
0.56,340,190.4,10.0,0.0,5.5,0.6,1.0,24,Não informado,7 dias úmida / 56 dias ar 50% umidade,Não informado,AL,Nordeste,1 dia,30.0,19,55.87166666666667,-25.87166666666667,25.87166666666667,expansao
0.56,340,190.4,10.0,0.0,5.5,0.6,3.0,72,Não informado,7 dias úmida / 56 dias ar 50% umidade,Não informado,AL,Nordeste,3 dias,60.0,19,87.804126984127,-27.804126984126995,27.804126984126995,expansao
0.56,340,190.4,10.0,0.0,5.5,0.6,7.0,168,Não informado,7 dias úmida / 56 dias ar 50% umidade,Não informado,AL,Nordeste,7 dias,100.0,19,121.13392857142857,-21.13392857142857,21.13392857142857,expansao
0.56,340,190.4,10.0,0.0,5.5,0.6,14.0,336,Não informado,7 dias úmida / 56 dias ar 50% umidade,Não informado,AL,Nordeste,14 dias,-50.0,19,-35.846666666666664,-14.153333333333336,14.153333333333336,retracao
0.56,340,190.4,10.0,0.0,5.5,0.6,28.0,672,Não informado,7 dias úmida / 56 dias ar 50% umidade,Não informado,AL,Nordeste,28 dias,-190.0,19,-150.81166666666667,-39.18833333333333,39.18833333333333,retracao
0.56,340,190.4,10.0,0.0,5.5,0.6,56.0,1344,Não informado,7 dias úmida / 56 dias ar 50% umidade,Não informado,AL,Nordeste,56 dias,-360.0,19,-314.34357142857147,-45.656428571428535,45.656428571428535,retracao
0.55,336,184.8,15.0,0.0,0.0,0.6,0.5,12,CP II E 40,7 dias úmida / 56 dias ar 50% umidade,Não informado,SP,Sudeste,12 h,0.0,20,0.0,0.0,0.0,estabilidade
0.55,336,184.8,15.0,0.0,0.0,0.6,1.0,24,CP II E 40,7 dias úmida / 56 dias ar 50% umidade,Não informado,SP,Sudeste,1 dia,20.0,20,48.01119047619048,-28.011190476190478,28.011190476190478,expansao
0.55,336,184.8,15.0,0.0,0.0,0.6,3.0,72,CP II E 40,7 dias úmida / 56 dias ar 50% umidade,Não informado,SP,Sudeste,3 dias,60.0,20,99.77821428571431,-39.77821428571431,39.77821428571431,expansao
0.55,336,184.8,15.0,0.0,0.0,0.6,7.0,168,CP II E 40,7 dias úmida / 56 dias ar 50% umidade,Não informado,SP,Sudeste,7 dias,120.0,20,145.05134920634924,-25.051349206349244,25.051349206349244,expansao
0.55,336,184.8,15.0,0.0,0.0,0.6,14.0,336,CP II E 40,7 dias úmida / 56 dias ar 50% umidade,Não informado,SP,Sudeste,14 dias,-20.0,20,-15.926666666666668,-4.073333333333332,4.073333333333332,retracao
0.55,336,184.8,15.0,0.0,0.0,0.6,28.0,672,CP II E 40,7 dias úmida / 56 dias ar 50% umidade,Não informado,SP,Sudeste,28 dias,-210.0,20,-95.74607142857141,-114.25392857142859,114.25392857142859,retracao
0.55,336,184.8,15.0,0.0,0.0,0.6,56.0,1344,CP II E 40,7 dias úmida / 56 dias ar 50% umidade,Não informado,SP,Sudeste,56 dias,-360.0,20,-302.702619047619,-57.29738095238099,57.29738095238099,retracao
0.51,424,216.24,0.0,0.0,0.0,0.0,0.5,12,CP V ARI,7 dias úmida / 56 dias ar 50% umidade,Não informado,RN,Nordeste,12 h,0.0,21,0.0,0.0,0.0,estabilidade
0.51,424,216.24,0.0,0.0,0.0,0.0,1.0,24,CP V ARI,7 dias úmida / 56 dias ar 50% umidade,Não informado,RN,Nordeste,1 dia,-70.0,21,-67.71166666666667,-2.288333333333327,2.288333333333327,retracao
0.51,424,216.24,0.0,0.0,0.0,0.0,3.0,72,CP V ARI,7 dias úmida / 56 dias ar 50% umidade,Não informado,RN,Nordeste,3 dias,-160.0,21,-118.06833333333333,-41.93166666666667,41.93166666666667,retracao
0.51,424,216.24,0.0,0.0,0.0,0.0,7.0,168,CP V ARI,7 dias úmida / 56 dias ar 50% umidade,Não informado,RN,Nordeste,7 dias,-290.0,21,-194.23999999999995,-95.76000000000005,95.76000000000005,retracao
0.51,424,216.24,0.0,0.0,0.0,0.0,14.0,336,CP V ARI,7 dias úmida / 56 dias ar 50% umidade,Não informado,RN,Nordeste,14 dias,-380.0,21,-283.57666666666677,-96.42333333333323,96.42333333333323,retracao
0.51,424,216.24,0.0,0.0,0.0,0.0,28.0,672,CP V ARI,7 dias úmida / 56 dias ar 50% umidade,Não informado,RN,Nordeste,28 dias,-500.0,21,-364.07166666666666,-135.92833333333334,135.92833333333334,retracao
0.51,424,216.24,0.0,0.0,0.0,0.0,56.0,1344,CP V ARI,7 dias úmida / 56 dias ar 50% umidade,Não informado,RN,Nordeste,56 dias,-620.0,21,-484.2783333333332,-135.7216666666668,135.7216666666668,retracao
0.55,360,198.00000000000003,0.0,0.0,5.0,0.0,0.5,12,CP II E 40,7 dias úmida / 56 dias ar 50% umidade,Não informado,SP,Sudeste,12 h,0.0,22,0.0,0.0,0.0,estabilidade
0.55,360,198.00000000000003,0.0,0.0,5.0,0.0,1.0,24,CP II E 40,7 dias úmida / 56 dias ar 50% umidade,Não informado,SP,Sudeste,1 dia,-60.0,22,-43.48158730158732,-16.518412698412682,16.518412698412682,retracao
0.55,360,198.00000000000003,0.0,0.0,5.0,0.0,3.0,72,CP II E 40,7 dias úmida / 56 dias ar 50% umidade,Não informado,SP,Sudeste,3 dias,-130.0,22,-85.5546825396825,-44.4453174603175,44.4453174603175,retracao
0.55,360,198.00000000000003,0.0,0.0,5.0,0.0,7.0,168,CP II E 40,7 dias úmida / 56 dias ar 50% umidade,Não informado,SP,Sudeste,7 dias,-250.0,22,-141.3201190476191,-108.6798809523809,108.6798809523809,retracao
0.55,360,198.00000000000003,0.0,0.0,5.0,0.0,14.0,336,CP II E 40,7 dias úmida / 56 dias ar 50% umidade,Não informado,SP,Sudeste,14 dias,-370.0,22,-228.55079365079368,-141.44920634920632,141.44920634920632,retracao
0.55,360,198.00000000000003,0.0,0.0,5.0,0.0,28.0,672,CP II E 40,7 dias úmida / 56 dias ar 50% umidade,Não informado,SP,Sudeste,28 dias,-480.0,22,-306.9307936507937,-173.0692063492063,173.0692063492063,retracao
0.55,360,198.00000000000003,0.0,0.0,5.0,0.0,56.0,1344,CP II E 40,7 dias úmida / 56 dias ar 50% umidade,Não informado,SP,Sudeste,56 dias,-590.0,22,-431.28567460317464,-158.71432539682536,158.71432539682536,retracao
0.47,380,178.6,0.0,25.0,6.0,0.6,0.5,12,CP II F 40,7 dias úmida / 56 dias ar 50% umidade,Não informado,MT,Centro Oeste,12 h,0.0,23,0.0,0.0,0.0,estabilidade
0.47,380,178.6,0.0,25.0,6.0,0.6,1.0,24,CP II F 40,7 dias úmida / 56 dias ar 50% umidade,Não informado,MT,Centro Oeste,1 dia,-20.0,23,-66.38333333333334,46.38333333333334,46.38333333333334,retracao
0.47,380,178.6,0.0,25.0,6.0,0.6,3.0,72,CP II F 40,7 dias úmida / 56 dias ar 50% umidade,Não informado,MT,Centro Oeste,3 dias,-70.0,23,-88.18333333333335,18.18333333333335,18.18333333333335,retracao
0.47,380,178.6,0.0,25.0,6.0,0.6,7.0,168,CP II F 40,7 dias úmida / 56 dias ar 50% umidade,Não informado,MT,Centro Oeste,7 dias,-100.0,23,-115.34000000000002,15.340000000000018,15.340000000000018,retracao
0.47,380,178.6,0.0,25.0,6.0,0.6,14.0,336,CP II F 40,7 dias úmida / 56 dias ar 50% umidade,Não informado,MT,Centro Oeste,14 dias,-200.0,23,-100.6,-99.4,99.4,retracao
0.47,380,178.6,0.0,25.0,6.0,0.6,28.0,672,CP II F 40,7 dias úmida / 56 dias ar 50% umidade,Não informado,MT,Centro Oeste,28 dias,-460.0,23,-260.775,-199.22500000000002,199.22500000000002,retracao
0.47,380,178.6,0.0,25.0,6.0,0.6,56.0,1344,CP II F 40,7 dias úmida / 56 dias ar 50% umidade,Não informado,MT,Centro Oeste,56 dias,-580.0,23,-416.1059523809524,-163.89404761904763,163.89404761904763,retracao
0.5,384,192.0,12.5,0.0,4.5,0.6,0.5,12,CP II E 40,7 dias úmida / 56 dias ar 50% umidade,Obra,SP,Sudeste,12 h,0.0,24,-0.9099999999999998,0.9099999999999998,0.9099999999999998,retracao
0.5,384,192.0,12.5,0.0,4.5,0.6,1.0,24,CP II E 40,7 dias úmida / 56 dias ar 50% umidade,Obra,SP,Sudeste,1 dia,10.0,24,22.52380952380952,-12.523809523809518,12.523809523809518,expansao
0.5,384,192.0,12.5,0.0,4.5,0.6,3.0,72,CP II E 40,7 dias úmida / 56 dias ar 50% umidade,Obra,SP,Sudeste,3 dias,20.0,24,59.38499999999999,-39.38499999999999,39.38499999999999,expansao
0.5,384,192.0,12.5,0.0,4.5,0.6,7.0,168,CP II E 40,7 dias úmida / 56 dias ar 50% umidade,Obra,SP,Sudeste,7 dias,40.0,24,88.76904761904763,-48.769047619047626,48.769047619047626,expansao
0.5,384,192.0,12.5,0.0,4.5,0.6,14.0,336,CP II E 40,7 dias úmida / 56 dias ar 50% umidade,Obra,SP,Sudeste,14 dias,-120.0,24,-91.79166666666669,-28.208333333333314,28.208333333333314,retracao
0.5,384,192.0,12.5,0.0,4.5,0.6,28.0,672,CP II E 40,7 dias úmida / 56 dias ar 50% umidade,Obra,SP,Sudeste,28 dias,-240.0,24,-202.1666666666666,-37.8333333333334,37.8333333333334,retracao
0.5,384,192.0,12.5,0.0,4.5,0.6,56.0,1344,CP II E 40,7 dias úmida / 56 dias ar 50% umidade,Obra,SP,Sudeste,56 dias,-360.0,24,-333.9866666666668,-26.013333333333208,26.013333333333208,retracao
0.55,336,184.8,12.5,25.0,6.0,0.6,0.5,12,CP V ARI,Não informado,Não informado,SP,Sudeste,12 h,0.0,25,0.0,0.0,0.0,estabilidade
0.55,336,184.8,12.5,25.0,6.0,0.6,1.0,24,CP V ARI,Não informado,Não informado,SP,Sudeste,1 dia,20.0,25,75.51,-55.510000000000005,55.510000000000005,expansao
0.55,336,184.8,12.5,25.0,6.0,0.6,3.0,72,CP V ARI,Não informado,Não informado,SP,Sudeste,3 dias,70.0,25,84.97499999999998,-14.97499999999998,14.97499999999998,expansao
0.55,336,184.8,12.5,25.0,6.0,0.6,7.0,168,CP V ARI,Não informado,Não informado,SP,Sudeste,7 dias,100.0,25,126.82000000000002,-26.82000000000002,26.82000000000002,expansao
0.55,336,184.8,12.5,25.0,6.0,0.6,14.0,336,CP V ARI,Não informado,Não informado,SP,Sudeste,14 dias,-50.0,25,32.07166666666667,-82.07166666666667,82.07166666666667,expansao
0.55,336,184.8,12.5,25.0,6.0,0.6,28.0,672,CP V ARI,Não informado,Não informado,SP,Sudeste,28 dias,-190.0,25,-212.31833333333336,22.318333333333356,22.318333333333356,retracao
0.55,336,184.8,12.5,25.0,6.0,0.6,56.0,1344,CP V ARI,Não informado,Não informado,SP,Sudeste,56 dias,-360.0,25,-364.535,4.535000000000025,4.535000000000025,retracao
0.55,332,182.60000000000002,0.0,,0.0,0.6,0.5,12,CP III RS,7 dias úmida / 56 dias ar 50% umidade,Não informado,RJ,Sudeste,12 h,0.0,26,0.0,0.0,0.0,estabilidade
0.55,332,182.60000000000002,0.0,,0.0,0.6,1.0,24,CP III RS,7 dias úmida / 56 dias ar 50% umidade,Não informado,RJ,Sudeste,1 dia,-50.0,26,-63.65000000000002,13.65000000000002,13.65000000000002,retracao
0.55,332,182.60000000000002,0.0,,0.0,0.6,3.0,72,CP III RS,7 dias úmida / 56 dias ar 50% umidade,Não informado,RJ,Sudeste,3 dias,-120.0,26,-127.32500000000003,7.325000000000031,7.325000000000031,retracao
0.55,332,182.60000000000002,0.0,,0.0,0.6,7.0,168,CP III RS,7 dias úmida / 56 dias ar 50% umidade,Não informado,RJ,Sudeste,7 dias,-190.0,26,-192.91166666666675,2.911666666666747,2.911666666666747,retracao
0.55,332,182.60000000000002,0.0,,0.0,0.6,14.0,336,CP III RS,7 dias úmida / 56 dias ar 50% umidade,Não informado,RJ,Sudeste,14 dias,-310.0,26,-214.83000000000007,-95.16999999999993,95.16999999999993,retracao
0.55,332,182.60000000000002,0.0,,0.0,0.6,28.0,672,CP III RS,7 dias úmida / 56 dias ar 50% umidade,Não informado,RJ,Sudeste,28 dias,-430.0,26,-326.29,-103.70999999999998,103.70999999999998,retracao
0.55,332,182.60000000000002,0.0,,0.0,0.6,56.0,1344,CP III RS,7 dias úmida / 56 dias ar 50% umidade,Não informado,RJ,Sudeste,56 dias,-580.0,26,-484.87999999999965,-95.12000000000035,95.12000000000035,retracao
0.52,327,170.04,10.0,0.0,0.0,0.0,0.5,12,CP III,7 dias úmida / 56 dias ar 50% umidade,Laboratório,SP,Sudeste,12 h,0.0,27,1.613333333333333,-1.613333333333333,1.613333333333333,expansao
0.52,327,170.04,10.0,0.0,0.0,0.0,1.0,24,CP III,7 dias úmida / 56 dias ar 50% umidade,Laboratório,SP,Sudeste,1 dia,0.0,27,2.598333333333333,-2.598333333333333,2.598333333333333,expansao
0.52,327,170.04,10.0,0.0,0.0,0.0,3.0,72,CP III,7 dias úmida / 56 dias ar 50% umidade,Laboratório,SP,Sudeste,3 dias,10.0,27,72.42499999999997,-62.42499999999997,62.42499999999997,expansao
0.52,327,170.04,10.0,0.0,0.0,0.0,7.0,168,CP III,7 dias úmida / 56 dias ar 50% umidade,Laboratório,SP,Sudeste,7 dias,10.0,27,67.65476190476195,-57.654761904761955,57.654761904761955,expansao
0.52,327,170.04,10.0,0.0,0.0,0.0,14.0,336,CP III,7 dias úmida / 56 dias ar 50% umidade,Laboratório,SP,Sudeste,14 dias,-110.0,27,-130.34666666666672,20.34666666666672,20.34666666666672,retracao
0.52,327,170.04,10.0,0.0,0.0,0.0,28.0,672,CP III,7 dias úmida / 56 dias ar 50% umidade,Laboratório,SP,Sudeste,28 dias,-200.0,27,-244.59833333333333,44.59833333333333,44.59833333333333,retracao
0.52,327,170.04,10.0,0.0,0.0,0.0,56.0,1344,CP III,7 dias úmida / 56 dias ar 50% umidade,Laboratório,SP,Sudeste,56 dias,-350.0,27,-375.68166666666656,25.68166666666656,25.68166666666656,retracao
0.55,345,189.75000000000003,10.0,0.0,5.5,0.0,0.5,12,CP II E 40,7 dias úmida / 56 dias ar 50% umidade,Laboratório,SP,Sudeste,12 h,0.0,28,-1.2333333333333332,1.2333333333333332,1.2333333333333332,retracao
0.55,345,189.75000000000003,10.0,0.0,5.5,0.0,1.0,24,CP II E 40,7 dias úmida / 56 dias ar 50% umidade,Laboratório,SP,Sudeste,1 dia,20.0,28,26.346190476190475,-6.3461904761904755,6.3461904761904755,expansao
0.55,345,189.75000000000003,10.0,0.0,5.5,0.0,3.0,72,CP II E 40,7 dias úmida / 56 dias ar 50% umidade,Laboratório,SP,Sudeste,3 dias,50.0,28,80.99166666666672,-30.991666666666717,30.991666666666717,expansao
0.55,345,189.75000000000003,10.0,0.0,5.5,0.0,7.0,168,CP II E 40,7 dias úmida / 56 dias ar 50% umidade,Laboratório,SP,Sudeste,7 dias,80.0,28,92.10999999999999,-12.109999999999985,12.109999999999985,expansao
0.55,345,189.75000000000003,10.0,0.0,5.5,0.0,14.0,336,CP II E 40,7 dias úmida / 56 dias ar 50% umidade,Laboratório,SP,Sudeste,14 dias,-60.0,28,-49.29642857142858,-10.703571428571422,10.703571428571422,retracao
0.55,345,189.75000000000003,10.0,0.0,5.5,0.0,28.0,672,CP II E 40,7 dias úmida / 56 dias ar 50% umidade,Laboratório,SP,Sudeste,28 dias,-200.0,28,-152.73095238095243,-47.26904761904757,47.26904761904757,retracao
0.55,345,189.75000000000003,10.0,0.0,5.5,0.0,56.0,1344,CP II E 40,7 dias úmida / 56 dias ar 50% umidade,Laboratório,SP,Sudeste,56 dias,-350.0,28,-309.3983333333335,-40.60166666666652,40.60166666666652,retracao
0.51,380,193.8,0.0,25.0,5.625,0.6,0.5,12,CP V ARI RS,7 dias úmida / 56 dias ar 50% umidade,Não informado,RJ,Sudeste,12 h,0.0,29,0.0,0.0,0.0,estabilidade
0.51,380,193.8,0.0,25.0,5.625,0.6,1.0,24,CP V ARI RS,7 dias úmida / 56 dias ar 50% umidade,Não informado,RJ,Sudeste,1 dia,-100.0,29,-72.16499999999998,-27.835000000000022,27.835000000000022,retracao
0.51,380,193.8,0.0,25.0,5.625,0.6,3.0,72,CP V ARI RS,7 dias úmida / 56 dias ar 50% umidade,Não informado,RJ,Sudeste,3 dias,-140.0,29,-96.01666666666664,-43.98333333333336,43.98333333333336,retracao
0.51,380,193.8,0.0,25.0,5.625,0.6,7.0,168,CP V ARI RS,7 dias úmida / 56 dias ar 50% umidade,Não informado,RJ,Sudeste,7 dias,-180.0,29,-116.90333333333336,-63.096666666666636,63.096666666666636,retracao
0.51,380,193.8,0.0,25.0,5.625,0.6,14.0,336,CP V ARI RS,7 dias úmida / 56 dias ar 50% umidade,Não informado,RJ,Sudeste,14 dias,-310.0,29,-169.7366666666668,-140.2633333333332,140.2633333333332,retracao
0.51,380,193.8,0.0,25.0,5.625,0.6,28.0,672,CP V ARI RS,7 dias úmida / 56 dias ar 50% umidade,Não informado,RJ,Sudeste,28 dias,-390.0,29,-325.8283333333334,-64.17166666666662,64.17166666666662,retracao
0.51,380,193.8,0.0,25.0,5.625,0.6,56.0,1344,CP V ARI RS,7 dias úmida / 56 dias ar 50% umidade,Não informado,RJ,Sudeste,56 dias,-560.0,29,-429.50666666666666,-130.49333333333334,130.49333333333334,retracao
0.55,337,185.35000000000002,10.0,25.0,0.0,0.6,0.5,12,CP II E 40,7 dias úmida / 56 dias ar 50% umidade,Laboratório,SP,Sudeste,12 h,0.0,30,0.15833333333333333,-0.15833333333333333,0.15833333333333333,expansao
0.55,337,185.35000000000002,10.0,25.0,0.0,0.6,1.0,24,CP II E 40,7 dias úmida / 56 dias ar 50% umidade,Laboratório,SP,Sudeste,1 dia,20.0,30,51.60583333333334,-31.605833333333337,31.605833333333337,expansao
0.55,337,185.35000000000002,10.0,25.0,0.0,0.6,3.0,72,CP II E 40,7 dias úmida / 56 dias ar 50% umidade,Laboratório,SP,Sudeste,3 dias,40.0,30,82.72666666666666,-42.72666666666666,42.72666666666666,expansao
0.55,337,185.35000000000002,10.0,25.0,0.0,0.6,7.0,168,CP II E 40,7 dias úmida / 56 dias ar 50% umidade,Laboratório,SP,Sudeste,7 dias,70.0,30,107.83619047619044,-37.83619047619044,37.83619047619044,expansao
0.55,337,185.35000000000002,10.0,25.0,0.0,0.6,14.0,336,CP II E 40,7 dias úmida / 56 dias ar 50% umidade,Laboratório,SP,Sudeste,14 dias,-100.0,30,-48.87380952380952,-51.12619047619048,51.12619047619048,retracao
0.55,337,185.35000000000002,10.0,25.0,0.0,0.6,28.0,672,CP II E 40,7 dias úmida / 56 dias ar 50% umidade,Laboratório,SP,Sudeste,28 dias,-230.0,30,-191.18500000000003,-38.81499999999997,38.81499999999997,retracao
0.55,337,185.35000000000002,10.0,25.0,0.0,0.6,56.0,1344,CP II E 40,7 dias úmida / 56 dias ar 50% umidade,Laboratório,SP,Sudeste,56 dias,-350.0,30,-315.86833333333334,-34.13166666666666,34.13166666666666,retracao
0.55,336,184.8,0.0,0.0,0.0,0.6,0.5,12,CP II E 40,7 dias úmida / 56 dias ar 50% umidade,Não informado,SP,Sudeste,12 h,0.0,31,0.0,0.0,0.0,estabilidade
0.55,336,184.8,0.0,0.0,0.0,0.6,1.0,24,CP II E 40,7 dias úmida / 56 dias ar 50% umidade,Não informado,SP,Sudeste,1 dia,-60.0,31,-14.647301587301587,-45.352698412698416,45.352698412698416,retracao
0.55,336,184.8,0.0,0.0,0.0,0.6,3.0,72,CP II E 40,7 dias úmida / 56 dias ar 50% umidade,Não informado,SP,Sudeste,3 dias,-120.0,31,-4.489642857142857,-115.51035714285715,115.51035714285715,retracao
0.55,336,184.8,0.0,0.0,0.0,0.6,7.0,168,CP II E 40,7 dias úmida / 56 dias ar 50% umidade,Não informado,SP,Sudeste,7 dias,-180.0,31,-30.02595238095239,-149.9740476190476,149.9740476190476,retracao
0.55,336,184.8,0.0,0.0,0.0,0.6,14.0,336,CP II E 40,7 dias úmida / 56 dias ar 50% umidade,Não informado,SP,Sudeste,14 dias,-270.0,31,-133.1376190476191,-136.8623809523809,136.8623809523809,retracao
0.55,336,184.8,0.0,0.0,0.0,0.6,28.0,672,CP II E 40,7 dias úmida / 56 dias ar 50% umidade,Não informado,SP,Sudeste,28 dias,-380.0,31,-290.1708333333334,-89.8291666666666,89.8291666666666,retracao
0.55,336,184.8,0.0,0.0,0.0,0.6,56.0,1344,CP II E 40,7 dias úmida / 56 dias ar 50% umidade,Não informado,SP,Sudeste,56 dias,-500.0,31,-445.1972619047619,-54.80273809523811,54.80273809523811,retracao
0.55,370,203.50000000000003,8.0,0.0,5.5,0.6,0.5,12,CP V ARI RS,7 dias úmida / 56 dias ar 50% umidade,Não informado,PB,Nordeste,12 h,0.0,32,0.0,0.0,0.0,estabilidade
0.55,370,203.50000000000003,8.0,0.0,5.5,0.6,1.0,24,CP V ARI RS,7 dias úmida / 56 dias ar 50% umidade,Não informado,PB,Nordeste,1 dia,70.0,32,48.04166666666667,21.95833333333333,21.95833333333333,expansao
0.55,370,203.50000000000003,8.0,0.0,5.5,0.6,3.0,72,CP V ARI RS,7 dias úmida / 56 dias ar 50% umidade,Não informado,PB,Nordeste,3 dias,120.0,32,73.21,46.790000000000006,46.790000000000006,expansao
0.55,370,203.50000000000003,8.0,0.0,5.5,0.6,7.0,168,CP V ARI RS,7 dias úmida / 56 dias ar 50% umidade,Não informado,PB,Nordeste,7 dias,170.0,32,104.48833333333332,65.51166666666668,65.51166666666668,expansao
0.55,370,203.50000000000003,8.0,0.0,5.5,0.6,14.0,336,CP V ARI RS,7 dias úmida / 56 dias ar 50% umidade,Não informado,PB,Nordeste,14 dias,-50.0,32,-97.99666666666666,47.996666666666655,47.996666666666655,retracao
0.55,370,203.50000000000003,8.0,0.0,5.5,0.6,28.0,672,CP V ARI RS,7 dias úmida / 56 dias ar 50% umidade,Não informado,PB,Nordeste,28 dias,-240.0,32,-228.535,-11.465000000000003,11.465000000000003,retracao
0.55,370,203.50000000000003,8.0,0.0,5.5,0.6,56.0,1344,CP V ARI RS,7 dias úmida / 56 dias ar 50% umidade,Não informado,PB,Nordeste,56 dias,-380.0,32,-357.9166666666668,-22.0833333333332,22.0833333333332,retracao
0.55,336,184.8,0.0,0.0,0.0,0.6,0.5,12,CP II E 40,7 dias úmida / 56 dias ar 50% umidade,Não informado,SP,Sudeste,12 h,0.0,33,0.0,0.0,0.0,estabilidade
0.55,336,184.8,0.0,0.0,0.0,0.6,1.0,24,CP II E 40,7 dias úmida / 56 dias ar 50% umidade,Não informado,SP,Sudeste,1 dia,30.0,33,-40.16333333333331,70.16333333333331,70.16333333333331,retracao
0.55,336,184.8,0.0,0.0,0.0,0.6,3.0,72,CP II E 40,7 dias úmida / 56 dias ar 50% umidade,Não informado,SP,Sudeste,3 dias,70.0,33,-71.29468253968248,141.29468253968247,141.29468253968247,retracao
0.55,336,184.8,0.0,0.0,0.0,0.6,7.0,168,CP II E 40,7 dias úmida / 56 dias ar 50% umidade,Não informado,SP,Sudeste,7 dias,80.0,33,-132.96988095238098,212.96988095238098,212.96988095238098,retracao
0.55,336,184.8,0.0,0.0,0.0,0.6,14.0,336,CP II E 40,7 dias úmida / 56 dias ar 50% umidade,Não informado,SP,Sudeste,14 dias,-90.0,33,-208.1379761904761,118.13797619047611,118.13797619047611,retracao
0.55,336,184.8,0.0,0.0,0.0,0.6,28.0,672,CP II E 40,7 dias úmida / 56 dias ar 50% umidade,Não informado,SP,Sudeste,28 dias,-280.0,33,-328.2292857142857,48.22928571428571,48.22928571428571,retracao
0.55,336,184.8,0.0,0.0,0.0,0.6,56.0,1344,CP II E 40,7 dias úmida / 56 dias ar 50% umidade,Não informado,SP,Sudeste,56 dias,-490.0,33,-445.81523809523793,-44.18476190476207,44.18476190476207,retracao
0.55,336,184.8,12.5,25.0,0.0,0.6,0.5,12,CP II E 40,Não informado,Não informado,SP,Sudeste,12 h,0.0,34,0.0,0.0,0.0,estabilidade
0.55,336,184.8,12.5,25.0,0.0,0.6,1.0,24,CP II E 40,Não informado,Não informado,SP,Sudeste,1 dia,20.0,34,24.86166666666666,-4.861666666666661,4.861666666666661,expansao
0.55,336,184.8,12.5,25.0,0.0,0.6,3.0,72,CP II E 40,Não informado,Não informado,SP,Sudeste,3 dias,50.0,34,68.87190476190477,-18.871904761904773,18.871904761904773,expansao
0.55,336,184.8,12.5,25.0,0.0,0.6,7.0,168,CP II E 40,Não informado,Não informado,SP,Sudeste,7 dias,90.0,34,104.48119047619048,-14.481190476190477,14.481190476190477,expansao
0.55,336,184.8,12.5,25.0,0.0,0.6,14.0,336,CP II E 40,Não informado,Não informado,SP,Sudeste,14 dias,-40.0,34,-48.03833333333333,8.038333333333327,8.038333333333327,retracao
0.55,336,184.8,12.5,25.0,0.0,0.6,28.0,672,CP II E 40,Não informado,Não informado,SP,Sudeste,28 dias,-160.0,34,-222.84833333333336,62.84833333333336,62.84833333333336,retracao
0.55,336,184.8,12.5,25.0,0.0,0.6,56.0,1344,CP II E 40,Não informado,Não informado,SP,Sudeste,56 dias,-350.0,34,-371.3666666666668,21.366666666666788,21.366666666666788,retracao
0.528,360,190.08,0.0,0.0,0.0,0.6,0.5,12,CP II F 32 RS,7 dias úmida / 56 dias ar 50% umidade,Não informado,AM,Norte,12 h,0.0,35,0.0,0.0,0.0,estabilidade
0.528,360,190.08,0.0,0.0,0.0,0.6,1.0,24,CP II F 32 RS,7 dias úmida / 56 dias ar 50% umidade,Não informado,AM,Norte,1 dia,-70.0,35,-54.86833333333334,-15.13166666666666,15.13166666666666,retracao
0.528,360,190.08,0.0,0.0,0.0,0.6,3.0,72,CP II F 32 RS,7 dias úmida / 56 dias ar 50% umidade,Não informado,AM,Norte,3 dias,-110.0,35,-100.1290476190476,-9.870952380952403,9.870952380952403,retracao
0.528,360,190.08,0.0,0.0,0.0,0.6,7.0,168,CP II F 32 RS,7 dias úmida / 56 dias ar 50% umidade,Não informado,AM,Norte,7 dias,-170.0,35,-148.2940476190477,-21.70595238095231,21.70595238095231,retracao
0.528,360,190.08,0.0,0.0,0.0,0.6,14.0,336,CP II F 32 RS,7 dias úmida / 56 dias ar 50% umidade,Não informado,AM,Norte,14 dias,-220.0,35,-213.75000000000003,-6.249999999999972,6.249999999999972,retracao
0.528,360,190.08,0.0,0.0,0.0,0.6,28.0,672,CP II F 32 RS,7 dias úmida / 56 dias ar 50% umidade,Não informado,AM,Norte,28 dias,-340.0,35,-309.71166666666664,-30.288333333333355,30.288333333333355,retracao
0.528,360,190.08,0.0,0.0,0.0,0.6,56.0,1344,CP II F 32 RS,7 dias úmida / 56 dias ar 50% umidade,Não informado,AM,Norte,56 dias,-490.0,35,-429.3483333333333,-60.6516666666667,60.6516666666667,retracao
0.55,336,184.8,12.5,25.0,5.5,0.6,0.5,12,CP II E 40,Não informado,Não informado,SP,Sudeste,12 h,0.0,36,0.0,0.0,0.0,estabilidade
0.55,336,184.8,12.5,25.0,5.5,0.6,1.0,24,CP II E 40,Não informado,Não informado,SP,Sudeste,1 dia,10.0,36,24.24166666666667,-14.24166666666667,14.24166666666667,expansao
0.55,336,184.8,12.5,25.0,5.5,0.6,3.0,72,CP II E 40,Não informado,Não informado,SP,Sudeste,3 dias,50.0,36,60.50666666666667,-10.506666666666668,10.506666666666668,expansao
0.55,336,184.8,12.5,25.0,5.5,0.6,7.0,168,CP II E 40,Não informado,Não informado,SP,Sudeste,7 dias,90.0,36,100.69833333333332,-10.698333333333323,10.698333333333323,expansao
0.55,336,184.8,12.5,25.0,5.5,0.6,14.0,336,CP II E 40,Não informado,Não informado,SP,Sudeste,14 dias,-50.0,36,-43.33595238095238,-6.664047619047622,6.664047619047622,retracao
0.55,336,184.8,12.5,25.0,5.5,0.6,28.0,672,CP II E 40,Não informado,Não informado,SP,Sudeste,28 dias,-180.0,36,-162.7788095238095,-17.221190476190486,17.221190476190486,retracao
0.55,336,184.8,12.5,25.0,5.5,0.6,56.0,1344,CP II E 40,Não informado,Não informado,SP,Sudeste,56 dias,-350.0,36,-334.2083333333332,-15.7916666666668,15.7916666666668,retracao
0.55,340,187.00000000000003,0.0,0.0,0.0,0.6,0.5,12,CP II F 40,7 dias úmida / 56 dias ar 50% umidade,Não informado,PR,Sul,12 h,0.0,37,0.0,0.0,0.0,estabilidade
0.55,340,187.00000000000003,0.0,0.0,0.0,0.6,1.0,24,CP II F 40,7 dias úmida / 56 dias ar 50% umidade,Não informado,PR,Sul,1 dia,90.0,37,-34.73,124.72999999999999,124.72999999999999,retracao
0.55,340,187.00000000000003,0.0,0.0,0.0,0.6,3.0,72,CP II F 40,7 dias úmida / 56 dias ar 50% umidade,Não informado,PR,Sul,3 dias,30.0,37,-63.866666666666696,93.8666666666667,93.8666666666667,retracao
0.55,340,187.00000000000003,0.0,0.0,0.0,0.6,7.0,168,CP II F 40,7 dias úmida / 56 dias ar 50% umidade,Não informado,PR,Sul,7 dias,10.0,37,-109.15166666666666,119.15166666666666,119.15166666666666,retracao
0.55,340,187.00000000000003,0.0,0.0,0.0,0.6,14.0,336,CP II F 40,7 dias úmida / 56 dias ar 50% umidade,Não informado,PR,Sul,14 dias,-150.0,37,-136.35833333333332,-13.64166666666668,13.64166666666668,retracao
0.55,340,187.00000000000003,0.0,0.0,0.0,0.6,28.0,672,CP II F 40,7 dias úmida / 56 dias ar 50% umidade,Não informado,PR,Sul,28 dias,-370.0,37,-236.74,-133.26,133.26,retracao
0.55,340,187.00000000000003,0.0,0.0,0.0,0.6,56.0,1344,CP II F 40,7 dias úmida / 56 dias ar 50% umidade,Não informado,PR,Sul,56 dias,-490.0,37,-363.7566666666667,-126.24333333333328,126.24333333333328,retracao
0.55,335,184.25000000000003,12.5,0.0,5.5,0.6,0.5,12,CP II E 40,7 dias úmida / 56 dias ar 50% umidade,Laboratório,SP,Sudeste,12 h,0.0,38,0.0,0.0,0.0,estabilidade
0.55,335,184.25000000000003,12.5,0.0,5.5,0.6,1.0,24,CP II E 40,7 dias úmida / 56 dias ar 50% umidade,Laboratório,SP,Sudeste,1 dia,30.0,38,34.95999999999998,-4.9599999999999795,4.9599999999999795,expansao
0.55,335,184.25000000000003,12.5,0.0,5.5,0.6,3.0,72,CP II E 40,7 dias úmida / 56 dias ar 50% umidade,Laboratório,SP,Sudeste,3 dias,60.0,38,71.97190476190478,-11.971904761904781,11.971904761904781,expansao
0.55,335,184.25000000000003,12.5,0.0,5.5,0.6,7.0,168,CP II E 40,7 dias úmida / 56 dias ar 50% umidade,Laboratório,SP,Sudeste,7 dias,100.0,38,99.86309523809523,0.1369047619047734,0.1369047619047734,expansao
0.55,335,184.25000000000003,12.5,0.0,5.5,0.6,14.0,336,CP II E 40,7 dias úmida / 56 dias ar 50% umidade,Laboratório,SP,Sudeste,14 dias,-150.0,38,-76.59333333333332,-73.40666666666668,73.40666666666668,retracao
0.55,335,184.25000000000003,12.5,0.0,5.5,0.6,28.0,672,CP II E 40,7 dias úmida / 56 dias ar 50% umidade,Laboratório,SP,Sudeste,28 dias,-220.0,38,-223.14833333333337,3.148333333333369,3.148333333333369,retracao
0.55,335,184.25000000000003,12.5,0.0,5.5,0.6,56.0,1344,CP II E 40,7 dias úmida / 56 dias ar 50% umidade,Laboratório,SP,Sudeste,56 dias,-350.0,38,-338.56916666666666,-11.43083333333334,11.43083333333334,retracao
0.51,380,193.8,0.0,0.0,0.0,0.6,0.5,12,CP V ARI RS,7 dias úmida / 56 dias ar 50% umidade,Não informado,RJ,Sudeste,12 h,0.0,39,0.0,0.0,0.0,estabilidade
0.51,380,193.8,0.0,0.0,0.0,0.6,1.0,24,CP V ARI RS,7 dias úmida / 56 dias ar 50% umidade,Não informado,RJ,Sudeste,1 dia,-90.0,39,-57.51,-32.49,32.49,retracao
0.51,380,193.8,0.0,0.0,0.0,0.6,3.0,72,CP V ARI RS,7 dias úmida / 56 dias ar 50% umidade,Não informado,RJ,Sudeste,3 dias,-120.0,39,-111.835,-8.165000000000006,8.165000000000006,retracao
0.51,380,193.8,0.0,0.0,0.0,0.6,7.0,168,CP V ARI RS,7 dias úmida / 56 dias ar 50% umidade,Não informado,RJ,Sudeste,7 dias,-160.0,39,-150.7916666666666,-9.2083333333334,9.2083333333334,retracao
0.51,380,193.8,0.0,0.0,0.0,0.6,14.0,336,CP V ARI RS,7 dias úmida / 56 dias ar 50% umidade,Não informado,RJ,Sudeste,14 dias,-210.0,39,-262.0349999999999,52.03499999999991,52.03499999999991,retracao
0.51,380,193.8,0.0,0.0,0.0,0.6,28.0,672,CP V ARI RS,7 dias úmida / 56 dias ar 50% umidade,Não informado,RJ,Sudeste,28 dias,-360.0,39,-368.23023809523824,8.230238095238235,8.230238095238235,retracao
0.51,380,193.8,0.0,0.0,0.0,0.6,56.0,1344,CP V ARI RS,7 dias úmida / 56 dias ar 50% umidade,Não informado,RJ,Sudeste,56 dias,-490.0,39,-502.1869047619047,12.186904761904714,12.186904761904714,retracao
0.55,336,184.8,15.0,0.0,0.0,0.6,0.5,12,CP II E 40,7 dias úmida / 56 dias ar 50% umidade,Não informado,SP,Sudeste,12 h,0.0,40,0.0,0.0,0.0,estabilidade
0.55,336,184.8,15.0,0.0,0.0,0.6,1.0,24,CP II E 40,7 dias úmida / 56 dias ar 50% umidade,Não informado,SP,Sudeste,1 dia,50.0,40,37.71281746031745,12.287182539682547,12.287182539682547,expansao
0.55,336,184.8,15.0,0.0,0.0,0.6,3.0,72,CP II E 40,7 dias úmida / 56 dias ar 50% umidade,Não informado,SP,Sudeste,3 dias,80.0,40,88.35091269841273,-8.350912698412728,8.350912698412728,expansao
0.55,336,184.8,15.0,0.0,0.0,0.6,7.0,168,CP II E 40,7 dias úmida / 56 dias ar 50% umidade,Não informado,SP,Sudeste,7 dias,130.0,40,139.37460317460315,-9.374603174603152,9.374603174603152,expansao
0.55,336,184.8,15.0,0.0,0.0,0.6,14.0,336,CP II E 40,7 dias úmida / 56 dias ar 50% umidade,Não informado,SP,Sudeste,14 dias,-30.0,40,-8.516150793650795,-21.483849206349205,21.483849206349205,retracao
0.55,336,184.8,15.0,0.0,0.0,0.6,28.0,672,CP II E 40,7 dias úmida / 56 dias ar 50% umidade,Não informado,SP,Sudeste,28 dias,-120.0,40,-155.30801587301588,35.308015873015876,35.308015873015876,retracao
0.55,336,184.8,15.0,0.0,0.0,0.6,56.0,1344,CP II E 40,7 dias úmida / 56 dias ar 50% umidade,Não informado,SP,Sudeste,56 dias,-340.0,40,-301.42678571428587,-38.57321428571413,38.57321428571413,retracao
0.62,325,201.5,10.0,0.0,0.0,0.3,0.5,12,CP V ARI,7 dias úmida / 56 dias ar 50% umidade,Laboratório,SP,Sudeste,12 h,0.0,41,0.27,-0.27,0.27,expansao
0.62,325,201.5,10.0,0.0,0.0,0.3,1.0,24,CP V ARI,7 dias úmida / 56 dias ar 50% umidade,Laboratório,SP,Sudeste,1 dia,20.0,41,24.701666666666668,-4.701666666666668,4.701666666666668,expansao
0.62,325,201.5,10.0,0.0,0.0,0.3,3.0,72,CP V ARI,7 dias úmida / 56 dias ar 50% umidade,Laboratório,SP,Sudeste,3 dias,60.0,41,28.140000000000004,31.859999999999996,31.859999999999996,expansao
0.62,325,201.5,10.0,0.0,0.0,0.3,7.0,168,CP V ARI,7 dias úmida / 56 dias ar 50% umidade,Laboratório,SP,Sudeste,7 dias,90.0,41,31.18499999999999,58.81500000000001,58.81500000000001,expansao
0.62,325,201.5,10.0,0.0,0.0,0.3,14.0,336,CP V ARI,7 dias úmida / 56 dias ar 50% umidade,Laboratório,SP,Sudeste,14 dias,-20.0,41,-148.13523809523807,128.13523809523807,128.13523809523807,retracao
0.62,325,201.5,10.0,0.0,0.0,0.3,28.0,672,CP V ARI,7 dias úmida / 56 dias ar 50% umidade,Laboratório,SP,Sudeste,28 dias,-150.0,41,-217.93166666666664,67.93166666666664,67.93166666666664,retracao
0.62,325,201.5,10.0,0.0,0.0,0.3,56.0,1344,CP V ARI,7 dias úmida / 56 dias ar 50% umidade,Laboratório,SP,Sudeste,56 dias,-340.0,41,-376.9066666666667,36.906666666666695,36.906666666666695,retracao
0.55,327,179.85000000000002,0.0,25.0,0.0,0.6,0.5,12,CP II E 40,7 dias úmida / 56 dias ar 50% umidade,Não informado,SP,Sudeste,12 h,0.0,42,0.0,0.0,0.0,estabilidade
0.55,327,179.85000000000002,0.0,25.0,0.0,0.6,1.0,24,CP II E 40,7 dias úmida / 56 dias ar 50% umidade,Não informado,SP,Sudeste,1 dia,40.0,42,-28.769999999999985,68.76999999999998,68.76999999999998,retracao
0.55,327,179.85000000000002,0.0,25.0,0.0,0.6,3.0,72,CP II E 40,7 dias úmida / 56 dias ar 50% umidade,Não informado,SP,Sudeste,3 dias,100.0,42,-62.26468253968251,162.2646825396825,162.2646825396825,retracao
0.55,327,179.85000000000002,0.0,25.0,0.0,0.6,7.0,168,CP II E 40,7 dias úmida / 56 dias ar 50% umidade,Não informado,SP,Sudeste,7 dias,110.0,42,-103.30654761904759,213.3065476190476,213.3065476190476,retracao
0.55,327,179.85000000000002,0.0,25.0,0.0,0.6,14.0,336,CP II E 40,7 dias úmida / 56 dias ar 50% umidade,Não informado,SP,Sudeste,14 dias,-60.0,42,-190.14464285714283,130.14464285714283,130.14464285714283,retracao
0.55,327,179.85000000000002,0.0,25.0,0.0,0.6,28.0,672,CP II E 40,7 dias úmida / 56 dias ar 50% umidade,Não informado,SP,Sudeste,28 dias,-390.0,42,-330.635,-59.36500000000001,59.36500000000001,retracao
0.55,327,179.85000000000002,0.0,25.0,0.0,0.6,56.0,1344,CP II E 40,7 dias úmida / 56 dias ar 50% umidade,Não informado,SP,Sudeste,56 dias,-480.0,42,-447.88666666666654,-32.11333333333346,32.11333333333346,retracao
0.51,380,193.8,12.5,0.0,6.0,0.6,0.5,12,CP III RS,7 dias úmida / 56 dias ar 50% umidade,Não informado,RJ,Sudeste,12 h,0.0,43,0.0,0.0,0.0,estabilidade
0.51,380,193.8,12.5,0.0,6.0,0.6,1.0,24,CP III RS,7 dias úmida / 56 dias ar 50% umidade,Não informado,RJ,Sudeste,1 dia,10.0,43,50.45666666666667,-40.45666666666667,40.45666666666667,expansao
0.51,380,193.8,12.5,0.0,6.0,0.6,3.0,72,CP III RS,7 dias úmida / 56 dias ar 50% umidade,Não informado,RJ,Sudeste,3 dias,40.0,43,91.04333333333332,-51.04333333333332,51.04333333333332,expansao
0.51,380,193.8,12.5,0.0,6.0,0.6,7.0,168,CP III RS,7 dias úmida / 56 dias ar 50% umidade,Não informado,RJ,Sudeste,7 dias,70.0,43,99.58999999999997,-29.589999999999975,29.589999999999975,expansao
0.51,380,193.8,12.5,0.0,6.0,0.6,14.0,336,CP III RS,7 dias úmida / 56 dias ar 50% umidade,Não informado,RJ,Sudeste,14 dias,-70.0,43,-92.79666666666668,22.79666666666668,22.79666666666668,retracao
0.51,380,193.8,12.5,0.0,6.0,0.6,28.0,672,CP III RS,7 dias úmida / 56 dias ar 50% umidade,Não informado,RJ,Sudeste,28 dias,-210.0,43,-103.83833333333334,-106.16166666666666,106.16166666666666,retracao
0.51,380,193.8,12.5,0.0,6.0,0.6,56.0,1344,CP III RS,7 dias úmida / 56 dias ar 50% umidade,Não informado,RJ,Sudeste,56 dias,-340.0,43,-304.4433333333333,-35.55666666666667,35.55666666666667,retracao
0.54,350,189.0,0.0,25.0,0.0,0.6,0.5,12,CP V ARI,7 dias úmida / 56 dias ar 50% umidade,Laboratório,SC,Sul,12 h,0.0,44,0.0,0.0,0.0,estabilidade
0.54,350,189.0,0.0,25.0,0.0,0.6,1.0,24,CP V ARI,7 dias úmida / 56 dias ar 50% umidade,Laboratório,SC,Sul,1 dia,10.0,44,62.86666666666662,-52.86666666666662,52.86666666666662,expansao
0.54,350,189.0,0.0,25.0,0.0,0.6,3.0,72,CP V ARI,7 dias úmida / 56 dias ar 50% umidade,Laboratório,SC,Sul,3 dias,-10.0,44,78.925,-88.925,88.925,expansao
0.54,350,189.0,0.0,25.0,0.0,0.6,7.0,168,CP V ARI,7 dias úmida / 56 dias ar 50% umidade,Laboratório,SC,Sul,7 dias,-60.0,44,55.6,-115.6,115.6,expansao
0.54,350,189.0,0.0,25.0,0.0,0.6,14.0,336,CP V ARI,7 dias úmida / 56 dias ar 50% umidade,Laboratório,SC,Sul,14 dias,-200.0,44,-102.42000000000002,-97.57999999999998,97.57999999999998,retracao
0.54,350,189.0,0.0,25.0,0.0,0.6,28.0,672,CP V ARI,7 dias úmida / 56 dias ar 50% umidade,Laboratório,SC,Sul,28 dias,-400.0,44,-244.25,-155.75,155.75,retracao
0.54,350,189.0,0.0,25.0,0.0,0.6,56.0,1344,CP V ARI,7 dias úmida / 56 dias ar 50% umidade,Laboratório,SC,Sul,56 dias,-480.0,44,-326.475,-153.52499999999998,153.52499999999998,retracao
0.55,340,187.00000000000003,10.0,0.0,0.0,0.6,0.5,12,CP II F 40,7 dias úmida / 56 dias ar 50% umidade,Não informado,PR,Sul,12 h,0.0,45,0.07,-0.07,0.07,expansao
0.55,340,187.00000000000003,10.0,0.0,0.0,0.6,1.0,24,CP II F 40,7 dias úmida / 56 dias ar 50% umidade,Não informado,PR,Sul,1 dia,160.0,45,43.36166666666666,116.63833333333335,116.63833333333335,expansao
0.55,340,187.00000000000003,10.0,0.0,0.0,0.6,3.0,72,CP II F 40,7 dias úmida / 56 dias ar 50% umidade,Não informado,PR,Sul,3 dias,140.0,45,145.54857142857136,-5.548571428571364,5.548571428571364,expansao
0.55,340,187.00000000000003,10.0,0.0,0.0,0.6,7.0,168,CP II F 40,7 dias úmida / 56 dias ar 50% umidade,Não informado,PR,Sul,7 dias,110.0,45,179.29999999999995,-69.29999999999995,69.29999999999995,expansao
0.55,340,187.00000000000003,10.0,0.0,0.0,0.6,14.0,336,CP II F 40,7 dias úmida / 56 dias ar 50% umidade,Não informado,PR,Sul,14 dias,-30.0,45,49.66499999999999,-79.66499999999999,79.66499999999999,expansao
0.55,340,187.00000000000003,10.0,0.0,0.0,0.6,28.0,672,CP II F 40,7 dias úmida / 56 dias ar 50% umidade,Não informado,PR,Sul,28 dias,-220.0,45,-99.75333333333332,-120.24666666666668,120.24666666666668,retracao
0.55,340,187.00000000000003,10.0,0.0,0.0,0.6,56.0,1344,CP II F 40,7 dias úmida / 56 dias ar 50% umidade,Não informado,PR,Sul,56 dias,-330.0,45,-162.70833333333334,-167.29166666666666,167.29166666666666,retracao
0.55,336,184.8,0.0,0.0,5.5,0.6,0.5,12,CP V ARI RS,7 dias úmida / 56 dias ar 50% umidade,Não informado,SP,Sudeste,12 h,0.0,46,0.0,0.0,0.0,estabilidade
0.55,336,184.8,0.0,0.0,5.5,0.6,1.0,24,CP V ARI RS,7 dias úmida / 56 dias ar 50% umidade,Não informado,SP,Sudeste,1 dia,-50.0,46,-77.19166666666665,27.19166666666665,27.19166666666665,retracao
0.55,336,184.8,0.0,0.0,5.5,0.6,3.0,72,CP V ARI RS,7 dias úmida / 56 dias ar 50% umidade,Não informado,SP,Sudeste,3 dias,-100.0,46,-117.59666666666664,17.596666666666636,17.596666666666636,retracao
0.55,336,184.8,0.0,0.0,5.5,0.6,7.0,168,CP V ARI RS,7 dias úmida / 56 dias ar 50% umidade,Não informado,SP,Sudeste,7 dias,-160.0,46,-177.30999999999997,17.309999999999974,17.309999999999974,retracao
0.55,336,184.8,0.0,0.0,5.5,0.6,14.0,336,CP V ARI RS,7 dias úmida / 56 dias ar 50% umidade,Não informado,SP,Sudeste,14 dias,-250.0,46,-231.8266666666666,-18.173333333333403,18.173333333333403,retracao
0.55,336,184.8,0.0,0.0,5.5,0.6,28.0,672,CP V ARI RS,7 dias úmida / 56 dias ar 50% umidade,Não informado,SP,Sudeste,28 dias,-350.0,46,-274.8988095238096,-75.10119047619042,75.10119047619042,retracao
0.55,336,184.8,0.0,0.0,5.5,0.6,56.0,1344,CP V ARI RS,7 dias úmida / 56 dias ar 50% umidade,Não informado,SP,Sudeste,56 dias,-480.0,46,-407.9596031746034,-72.04039682539661,72.04039682539661,retracao
0.55,336,184.8,10.0,25.0,4.0,0.6,0.5,12,CP II E 40,7 dias úmida / 56 dias ar 50% umidade,Não informado,SP,Sudeste,12 h,0.0,47,0.0,0.0,0.0,estabilidade
0.55,336,184.8,10.0,25.0,4.0,0.6,1.0,24,CP II E 40,7 dias úmida / 56 dias ar 50% umidade,Não informado,SP,Sudeste,1 dia,40.0,47,46.14452380952382,-6.144523809523818,6.144523809523818,expansao
0.55,336,184.8,10.0,25.0,4.0,0.6,3.0,72,CP II E 40,7 dias úmida / 56 dias ar 50% umidade,Não informado,SP,Sudeste,3 dias,80.0,47,103.95154761904762,-23.951547619047616,23.951547619047616,expansao
0.55,336,184.8,10.0,25.0,4.0,0.6,7.0,168,CP II E 40,7 dias úmida / 56 dias ar 50% umidade,Não informado,SP,Sudeste,7 dias,110.0,47,120.22833333333335,-10.228333333333353,10.228333333333353,expansao
0.55,336,184.8,10.0,25.0,4.0,0.6,14.0,336,CP II E 40,7 dias úmida / 56 dias ar 50% umidade,Não informado,SP,Sudeste,14 dias,-50.0,47,-54.35916666666666,4.35916666666666,4.35916666666666,retracao
0.55,336,184.8,10.0,25.0,4.0,0.6,28.0,672,CP II E 40,7 dias úmida / 56 dias ar 50% umidade,Não informado,SP,Sudeste,28 dias,-140.0,47,-206.01166666666668,66.01166666666668,66.01166666666668,retracao
0.55,336,184.8,10.0,25.0,4.0,0.6,56.0,1344,CP II E 40,7 dias úmida / 56 dias ar 50% umidade,Não informado,SP,Sudeste,56 dias,-330.0,47,-295.70619047619044,-34.29380952380956,34.29380952380956,retracao
0.55,336,184.8,0.0,25.0,0.0,0.6,0.5,12,CP V ARI,7 dias úmida / 56 dias ar 50% umidade,Laboratório,SP,Sudeste,12 h,0.0,48,0.0,0.0,0.0,estabilidade
0.55,336,184.8,0.0,25.0,0.0,0.6,1.0,24,CP V ARI,7 dias úmida / 56 dias ar 50% umidade,Laboratório,SP,Sudeste,1 dia,-120.0,48,-62.221666666666664,-57.778333333333336,57.778333333333336,retracao
0.55,336,184.8,0.0,25.0,0.0,0.6,3.0,72,CP V ARI,7 dias úmida / 56 dias ar 50% umidade,Laboratório,SP,Sudeste,3 dias,-150.0,48,-108.17666666666669,-41.82333333333331,41.82333333333331,retracao
0.55,336,184.8,0.0,25.0,0.0,0.6,7.0,168,CP V ARI,7 dias úmida / 56 dias ar 50% umidade,Laboratório,SP,Sudeste,7 dias,-180.0,48,-154.42119047619042,-25.578809523809582,25.578809523809582,retracao
0.55,336,184.8,0.0,25.0,0.0,0.6,14.0,336,CP V ARI,7 dias úmida / 56 dias ar 50% umidade,Laboratório,SP,Sudeste,14 dias,-250.0,48,-207.0409523809523,-42.95904761904771,42.95904761904771,retracao
0.55,336,184.8,0.0,25.0,0.0,0.6,28.0,672,CP V ARI,7 dias úmida / 56 dias ar 50% umidade,Laboratório,SP,Sudeste,28 dias,-300.0,48,-309.9749999999999,9.974999999999909,9.974999999999909,retracao
0.55,336,184.8,0.0,25.0,0.0,0.6,56.0,1344,CP V ARI,7 dias úmida / 56 dias ar 50% umidade,Laboratório,SP,Sudeste,56 dias,-470.0,48,-418.3833333333334,-51.61666666666662,51.61666666666662,retracao
0.54,360,194.4,12.0,0.0,5.625,0.6,0.5,12,CP V ARI,7 dias úmida / 56 dias ar 50% umidade,Não informado,DF,Centro Oeste,12 h,0.0,49,0.0,0.0,0.0,estabilidade
0.54,360,194.4,12.0,0.0,5.625,0.6,1.0,24,CP V ARI,7 dias úmida / 56 dias ar 50% umidade,Não informado,DF,Centro Oeste,1 dia,30.0,49,48.43999999999999,-18.43999999999999,18.43999999999999,expansao
0.54,360,194.4,12.0,0.0,5.625,0.6,3.0,72,CP V ARI,7 dias úmida / 56 dias ar 50% umidade,Não informado,DF,Centro Oeste,3 dias,60.0,49,95.42690476190475,-35.42690476190475,35.42690476190475,expansao
0.54,360,194.4,12.0,0.0,5.625,0.6,7.0,168,CP V ARI,7 dias úmida / 56 dias ar 50% umidade,Não informado,DF,Centro Oeste,7 dias,90.0,49,121.82726190476188,-31.827261904761883,31.827261904761883,expansao
0.54,360,194.4,12.0,0.0,5.625,0.6,14.0,336,CP V ARI,7 dias úmida / 56 dias ar 50% umidade,Não informado,DF,Centro Oeste,14 dias,-30.0,49,12.528333333333334,-42.528333333333336,42.528333333333336,expansao
0.54,360,194.4,12.0,0.0,5.625,0.6,28.0,672,CP V ARI,7 dias úmida / 56 dias ar 50% umidade,Não informado,DF,Centro Oeste,28 dias,-160.0,49,-131.13166666666666,-28.86833333333334,28.86833333333334,retracao
0.54,360,194.4,12.0,0.0,5.625,0.6,56.0,1344,CP V ARI,7 dias úmida / 56 dias ar 50% umidade,Não informado,DF,Centro Oeste,56 dias,-330.0,49,-289.5361904761905,-40.463809523809516,40.463809523809516,retracao
0.55,336,184.8,0.0,25.0,0.0,0.0,0.5,12,CP V ARI,7 dias úmida / 56 dias ar 50% umidade,Não informado,PE,Nordeste,12 h,0.0,50,0.0,0.0,0.0,estabilidade
0.55,336,184.8,0.0,25.0,0.0,0.0,1.0,24,CP V ARI,7 dias úmida / 56 dias ar 50% umidade,Não informado,PE,Nordeste,1 dia,-120.0,50,-59.125,-60.875,60.875,retracao
0.55,336,184.8,0.0,25.0,0.0,0.0,3.0,72,CP V ARI,7 dias úmida / 56 dias ar 50% umidade,Não informado,PE,Nordeste,3 dias,-150.0,50,-92.98166666666668,-57.01833333333332,57.01833333333332,retracao
0.55,336,184.8,0.0,25.0,0.0,0.0,7.0,168,CP V ARI,7 dias úmida / 56 dias ar 50% umidade,Não informado,PE,Nordeste,7 dias,-180.0,50,-110.93166666666667,-69.06833333333333,69.06833333333333,retracao
0.55,336,184.8,0.0,25.0,0.0,0.0,14.0,336,CP V ARI,7 dias úmida / 56 dias ar 50% umidade,Não informado,PE,Nordeste,14 dias,-250.0,50,-92.51999999999998,-157.48000000000002,157.48000000000002,retracao
0.55,336,184.8,0.0,25.0,0.0,0.0,28.0,672,CP V ARI,7 dias úmida / 56 dias ar 50% umidade,Não informado,PE,Nordeste,28 dias,-300.0,50,-250.52499999999992,-49.47500000000008,49.47500000000008,retracao
0.55,336,184.8,0.0,25.0,0.0,0.0,56.0,1344,CP V ARI,7 dias úmida / 56 dias ar 50% umidade,Não informado,PE,Nordeste,56 dias,-470.0,50,-423.12166666666667,-46.87833333333333,46.87833333333333,retracao
0.51,380,193.8,12.0,0.0,0.0,0.6,0.5,12,CP II Z 40,7 dias úmida / 56 dias ar 50% umidade,Não informado,DF,Centro Oeste,12 h,0.0,51,-0.16166666666666668,0.16166666666666668,0.16166666666666668,retracao
0.51,380,193.8,12.0,0.0,0.0,0.6,1.0,24,CP II Z 40,7 dias úmida / 56 dias ar 50% umidade,Não informado,DF,Centro Oeste,1 dia,40.0,51,38.06,1.9399999999999977,1.9399999999999977,expansao
0.51,380,193.8,12.0,0.0,0.0,0.6,3.0,72,CP II Z 40,7 dias úmida / 56 dias ar 50% umidade,Não informado,DF,Centro Oeste,3 dias,90.0,51,79.95666666666666,10.043333333333337,10.043333333333337,expansao
0.51,380,193.8,12.0,0.0,0.0,0.6,7.0,168,CP II Z 40,7 dias úmida / 56 dias ar 50% umidade,Não informado,DF,Centro Oeste,7 dias,130.0,51,118.47,11.530000000000001,11.530000000000001,expansao
0.51,380,193.8,12.0,0.0,0.0,0.6,14.0,336,CP II Z 40,7 dias úmida / 56 dias ar 50% umidade,Não informado,DF,Centro Oeste,14 dias,-60.0,51,-39.12666666666666,-20.873333333333342,20.873333333333342,retracao
0.51,380,193.8,12.0,0.0,0.0,0.6,28.0,672,CP II Z 40,7 dias úmida / 56 dias ar 50% umidade,Não informado,DF,Centro Oeste,28 dias,-190.0,51,-157.2216666666667,-32.77833333333331,32.77833333333331,retracao
0.51,380,193.8,12.0,0.0,0.0,0.6,56.0,1344,CP II Z 40,7 dias úmida / 56 dias ar 50% umidade,Não informado,DF,Centro Oeste,56 dias,-330.0,51,-286.365,-43.63499999999999,43.63499999999999,retracao
0.5,380,190.0,0.0,0.0,0.0,0.6,0.5,12,CP III RS,7 dias úmida / 56 dias ar 50% umidade,Não informado,RJ,Sudeste,12 h,0.0,52,0.0,0.0,0.0,estabilidade
0.5,380,190.0,0.0,0.0,0.0,0.6,1.0,24,CP III RS,7 dias úmida / 56 dias ar 50% umidade,Não informado,RJ,Sudeste,1 dia,-60.0,52,-50.27333333333333,-9.726666666666667,9.726666666666667,retracao
0.5,380,190.0,0.0,0.0,0.0,0.6,3.0,72,CP III RS,7 dias úmida / 56 dias ar 50% umidade,Não informado,RJ,Sudeste,3 dias,-120.0,52,-105.14333333333332,-14.856666666666683,14.856666666666683,retracao
0.5,380,190.0,0.0,0.0,0.0,0.6,7.0,168,CP III RS,7 dias úmida / 56 dias ar 50% umidade,Não informado,RJ,Sudeste,7 dias,-170.0,52,-165.61,-4.389999999999986,4.389999999999986,retracao
0.5,380,190.0,0.0,0.0,0.0,0.6,14.0,336,CP III RS,7 dias úmida / 56 dias ar 50% umidade,Não informado,RJ,Sudeste,14 dias,-280.0,52,-257.4833333333334,-22.516666666666595,22.516666666666595,retracao
0.5,380,190.0,0.0,0.0,0.0,0.6,28.0,672,CP III RS,7 dias úmida / 56 dias ar 50% umidade,Não informado,RJ,Sudeste,28 dias,-350.0,52,-386.0850000000001,36.08500000000009,36.08500000000009,retracao
0.5,380,190.0,0.0,0.0,0.0,0.6,56.0,1344,CP III RS,7 dias úmida / 56 dias ar 50% umidade,Não informado,RJ,Sudeste,56 dias,-470.0,52,-497.30833333333334,27.308333333333337,27.308333333333337,retracao
0.51,365,186.15,12.5,0.0,0.0,0.6,0.5,12,CP V ARI RS,7 dias úmida / 56 dias ar 50% umidade,Não informado,PB,Nordeste,12 h,0.0,53,0.0,0.0,0.0,estabilidade
0.51,365,186.15,12.5,0.0,0.0,0.6,1.0,24,CP V ARI RS,7 dias úmida / 56 dias ar 50% umidade,Não informado,PB,Nordeste,1 dia,20.0,53,57.403333333333336,-37.403333333333336,37.403333333333336,expansao
0.51,365,186.15,12.5,0.0,0.0,0.6,3.0,72,CP V ARI RS,7 dias úmida / 56 dias ar 50% umidade,Não informado,PB,Nordeste,3 dias,60.0,53,95.34476190476191,-35.34476190476191,35.34476190476191,expansao
0.51,365,186.15,12.5,0.0,0.0,0.6,7.0,168,CP V ARI RS,7 dias úmida / 56 dias ar 50% umidade,Não informado,PB,Nordeste,7 dias,100.0,53,135.51833333333332,-35.51833333333332,35.51833333333332,expansao
0.51,365,186.15,12.5,0.0,0.0,0.6,14.0,336,CP V ARI RS,7 dias úmida / 56 dias ar 50% umidade,Não informado,PB,Nordeste,14 dias,-40.0,53,-20.975476190476183,-19.024523809523817,19.024523809523817,retracao
0.51,365,186.15,12.5,0.0,0.0,0.6,28.0,672,CP V ARI RS,7 dias úmida / 56 dias ar 50% umidade,Não informado,PB,Nordeste,28 dias,-130.0,53,-141.81833333333338,11.818333333333385,11.818333333333385,retracao
0.51,365,186.15,12.5,0.0,0.0,0.6,56.0,1344,CP V ARI RS,7 dias úmida / 56 dias ar 50% umidade,Não informado,PB,Nordeste,56 dias,-330.0,53,-298.81999999999994,-31.180000000000064,31.180000000000064,retracao
0.61,330,201.29999999999998,0.0,0.0,0.0,0.3,0.5,12,CP V ARI,7 dias úmida / 56 dias ar 50% umidade,Campo,SP,Sudeste,12 h,0.0,54,0.0,0.0,0.0,estabilidade
0.61,330,201.29999999999998,0.0,0.0,0.0,0.3,1.0,24,CP V ARI,7 dias úmida / 56 dias ar 50% umidade,Campo,SP,Sudeste,1 dia,0.0,54,-57.90166666666667,57.90166666666667,57.90166666666667,retracao
0.61,330,201.29999999999998,0.0,0.0,0.0,0.3,3.0,72,CP V ARI,7 dias úmida / 56 dias ar 50% umidade,Campo,SP,Sudeste,3 dias,10.0,54,-209.42833333333328,219.42833333333328,219.42833333333328,retracao
0.61,330,201.29999999999998,0.0,0.0,0.0,0.3,7.0,168,CP V ARI,7 dias úmida / 56 dias ar 50% umidade,Campo,SP,Sudeste,7 dias,20.0,54,-340.7988095238096,360.7988095238096,360.7988095238096,retracao
0.61,330,201.29999999999998,0.0,0.0,0.0,0.3,14.0,336,CP V ARI,7 dias úmida / 56 dias ar 50% umidade,Campo,SP,Sudeste,14 dias,-140.0,54,-496.8742857142858,356.8742857142858,356.8742857142858,retracao
0.61,330,201.29999999999998,0.0,0.0,0.0,0.3,28.0,672,CP V ARI,7 dias úmida / 56 dias ar 50% umidade,Campo,SP,Sudeste,28 dias,-290.0,54,-690.6049999999996,400.60499999999956,400.60499999999956,retracao
0.61,330,201.29999999999998,0.0,0.0,0.0,0.3,56.0,1344,CP V ARI,7 dias úmida / 56 dias ar 50% umidade,Campo,SP,Sudeste,56 dias,-470.0,54,-834.6635714285711,364.6635714285711,364.6635714285711,retracao
0.55,360,198.00000000000003,15.0,0.0,5.0,0.0,0.5,12,CP II E 40,7 dias úmida / 56 dias ar 50% umidade,Não informado,SP,Sudeste,12 h,0.0,55,-0.8366666666666667,0.8366666666666667,0.8366666666666667,retracao
0.55,360,198.00000000000003,15.0,0.0,5.0,0.0,1.0,24,CP II E 40,7 dias úmida / 56 dias ar 50% umidade,Não informado,SP,Sudeste,1 dia,30.0,55,36.53869047619048,-6.538690476190482,6.538690476190482,expansao
0.55,360,198.00000000000003,15.0,0.0,5.0,0.0,3.0,72,CP II E 40,7 dias úmida / 56 dias ar 50% umidade,Não informado,SP,Sudeste,3 dias,60.0,55,92.34777777777782,-32.34777777777782,32.34777777777782,expansao
0.55,360,198.00000000000003,15.0,0.0,5.0,0.0,7.0,168,CP II E 40,7 dias úmida / 56 dias ar 50% umidade,Não informado,SP,Sudeste,7 dias,100.0,55,141.6161904761904,-41.61619047619041,41.61619047619041,expansao
0.55,360,198.00000000000003,15.0,0.0,5.0,0.0,14.0,336,CP II E 40,7 dias úmida / 56 dias ar 50% umidade,Não informado,SP,Sudeste,14 dias,-60.0,55,-23.73521645021645,-36.26478354978355,36.26478354978355,retracao
0.55,360,198.00000000000003,15.0,0.0,5.0,0.0,28.0,672,CP II E 40,7 dias úmida / 56 dias ar 50% umidade,Não informado,SP,Sudeste,28 dias,-180.0,55,-138.34182539682536,-41.65817460317464,41.65817460317464,retracao
0.55,360,198.00000000000003,15.0,0.0,5.0,0.0,56.0,1344,CP II E 40,7 dias úmida / 56 dias ar 50% umidade,Não informado,SP,Sudeste,56 dias,-330.0,55,-288.724007936508,-41.275992063492026,41.275992063492026,retracao
0.51,380,193.8,0.0,0.0,6.0,0.6,0.5,12,CP III RS,7 dias úmida / 56 dias ar 50% umidade,Não informado,RJ,Sudeste,12 h,0.0,56,0.0,0.0,0.0,estabilidade
0.51,380,193.8,0.0,0.0,6.0,0.6,1.0,24,CP III RS,7 dias úmida / 56 dias ar 50% umidade,Não informado,RJ,Sudeste,1 dia,-50.0,56,-62.29999999999998,12.299999999999983,12.299999999999983,retracao
0.51,380,193.8,0.0,0.0,6.0,0.6,3.0,72,CP III RS,7 dias úmida / 56 dias ar 50% umidade,Não informado,RJ,Sudeste,3 dias,-100.0,56,-125.95000000000007,25.950000000000074,25.950000000000074,retracao
0.51,380,193.8,0.0,0.0,6.0,0.6,7.0,168,CP III RS,7 dias úmida / 56 dias ar 50% umidade,Não informado,RJ,Sudeste,7 dias,-160.0,56,-191.1000000000001,31.100000000000108,31.100000000000108,retracao
0.51,380,193.8,0.0,0.0,6.0,0.6,14.0,336,CP III RS,7 dias úmida / 56 dias ar 50% umidade,Não informado,RJ,Sudeste,14 dias,-250.0,56,-275.10166666666674,25.101666666666745,25.101666666666745,retracao
0.51,380,193.8,0.0,0.0,6.0,0.6,28.0,672,CP III RS,7 dias úmida / 56 dias ar 50% umidade,Não informado,RJ,Sudeste,28 dias,-360.0,56,-397.5035714285714,37.50357142857138,37.50357142857138,retracao
0.51,380,193.8,0.0,0.0,6.0,0.6,56.0,1344,CP III RS,7 dias úmida / 56 dias ar 50% umidade,Não informado,RJ,Sudeste,56 dias,-470.0,56,-515.7016666666661,45.70166666666614,45.70166666666614,retracao
0.53,349,184.97,15.0,25.0,6.0,0.6,0.5,12,CP II E 40,Não informado,Não informado,SP,Sudeste,12 h,0.0,57,-0.18166666666666667,0.18166666666666667,0.18166666666666667,retracao
0.53,349,184.97,15.0,25.0,6.0,0.6,1.0,24,CP II E 40,Não informado,Não informado,SP,Sudeste,1 dia,30.0,57,40.72714285714287,-10.727142857142873,10.727142857142873,expansao
0.53,349,184.97,15.0,25.0,6.0,0.6,3.0,72,CP II E 40,Não informado,Não informado,SP,Sudeste,3 dias,70.0,57,91.62107142857141,-21.621071428571412,21.621071428571412,expansao
0.53,349,184.97,15.0,25.0,6.0,0.6,7.0,168,CP II E 40,Não informado,Não informado,SP,Sudeste,7 dias,110.0,57,133.66809523809528,-23.668095238095276,23.668095238095276,expansao
0.53,349,184.97,15.0,25.0,6.0,0.6,14.0,336,CP II E 40,Não informado,Não informado,SP,Sudeste,14 dias,-20.0,57,-9.705595238095237,-10.294404761904763,10.294404761904763,retracao
0.53,349,184.97,15.0,25.0,6.0,0.6,28.0,672,CP II E 40,Não informado,Não informado,SP,Sudeste,28 dias,-190.0,57,-136.99750000000003,-53.00249999999997,53.00249999999997,retracao
0.53,349,184.97,15.0,25.0,6.0,0.6,56.0,1344,CP II E 40,Não informado,Não informado,SP,Sudeste,56 dias,-330.0,57,-314.39357142857136,-15.606428571428637,15.606428571428637,retracao
0.49,380,186.2,10.0,0.0,0.0,0.6,0.5,12,CP V ARI,7 dias úmida / 56 dias ar 50% umidade,Não informado,PI,Nordeste,12 h,0.0,58,0.1,-0.1,0.1,expansao
0.49,380,186.2,10.0,0.0,0.0,0.6,1.0,24,CP V ARI,7 dias úmida / 56 dias ar 50% umidade,Não informado,PI,Nordeste,1 dia,30.0,58,48.06,-18.060000000000002,18.060000000000002,expansao
0.49,380,186.2,10.0,0.0,0.0,0.6,3.0,72,CP V ARI,7 dias úmida / 56 dias ar 50% umidade,Não informado,PI,Nordeste,3 dias,70.0,58,94.47666666666666,-24.47666666666666,24.47666666666666,expansao
0.49,380,186.2,10.0,0.0,0.0,0.6,7.0,168,CP V ARI,7 dias úmida / 56 dias ar 50% umidade,Não informado,PI,Nordeste,7 dias,120.0,58,123.05166666666665,-3.051666666666648,3.051666666666648,expansao
0.49,380,186.2,10.0,0.0,0.0,0.6,14.0,336,CP V ARI,7 dias úmida / 56 dias ar 50% umidade,Não informado,PI,Nordeste,14 dias,-90.0,58,-16.075238095238095,-73.92476190476191,73.92476190476191,retracao
0.49,380,186.2,10.0,0.0,0.0,0.6,28.0,672,CP V ARI,7 dias úmida / 56 dias ar 50% umidade,Não informado,PI,Nordeste,28 dias,-200.0,58,-159.20238095238102,-40.79761904761898,40.79761904761898,retracao
0.49,380,186.2,10.0,0.0,0.0,0.6,56.0,1344,CP V ARI,7 dias úmida / 56 dias ar 50% umidade,Não informado,PI,Nordeste,56 dias,-320.0,58,-308.3300000000001,-11.669999999999902,11.669999999999902,retracao
0.547,320,175.04000000000002,0.0,0.0,0.0,0.6,0.5,12,CP II E 40,7 dias úmida / 56 dias ar 50% umidade,Não informado,SP,Sudeste,12 h,0.0,59,0.0,0.0,0.0,estabilidade
0.547,320,175.04000000000002,0.0,0.0,0.0,0.6,1.0,24,CP II E 40,7 dias úmida / 56 dias ar 50% umidade,Não informado,SP,Sudeste,1 dia,40.0,59,-28.811666666666643,68.81166666666664,68.81166666666664,retracao
0.547,320,175.04000000000002,0.0,0.0,0.0,0.6,3.0,72,CP II E 40,7 dias úmida / 56 dias ar 50% umidade,Não informado,SP,Sudeste,3 dias,90.0,59,-57.00833333333332,147.00833333333333,147.00833333333333,retracao
0.547,320,175.04000000000002,0.0,0.0,0.0,0.6,7.0,168,CP II E 40,7 dias úmida / 56 dias ar 50% umidade,Não informado,SP,Sudeste,7 dias,110.0,59,-104.18833333333326,214.18833333333328,214.18833333333328,retracao
0.547,320,175.04000000000002,0.0,0.0,0.0,0.6,14.0,336,CP II E 40,7 dias úmida / 56 dias ar 50% umidade,Não informado,SP,Sudeste,14 dias,-80.0,59,-194.69690476190476,114.69690476190476,114.69690476190476,retracao
0.547,320,175.04000000000002,0.0,0.0,0.0,0.6,28.0,672,CP II E 40,7 dias úmida / 56 dias ar 50% umidade,Não informado,SP,Sudeste,28 dias,-360.0,59,-309.3492857142856,-50.6507142857144,50.6507142857144,retracao
0.547,320,175.04000000000002,0.0,0.0,0.0,0.6,56.0,1344,CP II E 40,7 dias úmida / 56 dias ar 50% umidade,Não informado,SP,Sudeste,56 dias,-460.0,59,-448.0984523809524,-11.90154761904762,11.90154761904762,retracao
0.55,336,184.8,0.0,25.0,0.0,0.6,0.5,12,CP II E 40,7 dias úmida / 56 dias ar 50% umidade,Não informado,SP,Sudeste,12 h,0.0,60,0.0,0.0,0.0,estabilidade
0.55,336,184.8,0.0,25.0,0.0,0.6,1.0,24,CP II E 40,7 dias úmida / 56 dias ar 50% umidade,Não informado,SP,Sudeste,1 dia,-60.0,60,-40.229999999999976,-19.770000000000024,19.770000000000024,retracao
0.55,336,184.8,0.0,25.0,0.0,0.6,3.0,72,CP II E 40,7 dias úmida / 56 dias ar 50% umidade,Não informado,SP,Sudeste,3 dias,-120.0,60,-71.29468253968248,-48.70531746031752,48.70531746031752,retracao
0.55,336,184.8,0.0,25.0,0.0,0.6,7.0,168,CP II E 40,7 dias úmida / 56 dias ar 50% umidade,Não informado,SP,Sudeste,7 dias,-170.0,60,-132.96988095238098,-37.030119047619024,37.030119047619024,retracao
0.55,336,184.8,0.0,25.0,0.0,0.6,14.0,336,CP II E 40,7 dias úmida / 56 dias ar 50% umidade,Não informado,SP,Sudeste,14 dias,-210.0,60,-211.99130952380946,1.9913095238094627,1.9913095238094627,retracao
0.55,336,184.8,0.0,25.0,0.0,0.6,28.0,672,CP II E 40,7 dias úmida / 56 dias ar 50% umidade,Não informado,SP,Sudeste,28 dias,-340.0,60,-328.7709523809524,-11.229047619047606,11.229047619047606,retracao
0.55,336,184.8,0.0,25.0,0.0,0.6,56.0,1344,CP II E 40,7 dias úmida / 56 dias ar 50% umidade,Não informado,SP,Sudeste,56 dias,-460.0,60,-448.38666666666654,-11.613333333333458,11.613333333333458,retracao
0.51,365,186.15,0.0,0.0,0.0,0.6,0.5,12,CP V ARI RS,7 dias úmida / 56 dias ar 50% umidade,Não informado,PB,Nordeste,12 h,0.0,61,0.0,0.0,0.0,estabilidade
0.51,365,186.15,0.0,0.0,0.0,0.6,1.0,24,CP V ARI RS,7 dias úmida / 56 dias ar 50% umidade,Não informado,PB,Nordeste,1 dia,-40.0,61,-62.64166666666665,22.64166666666665,22.64166666666665,retracao
0.51,365,186.15,0.0,0.0,0.0,0.6,3.0,72,CP V ARI RS,7 dias úmida / 56 dias ar 50% umidade,Não informado,PB,Nordeste,3 dias,-80.0,61,-80.90499999999999,0.9049999999999869,0.9049999999999869,retracao
0.51,365,186.15,0.0,0.0,0.0,0.6,7.0,168,CP V ARI RS,7 dias úmida / 56 dias ar 50% umidade,Não informado,PB,Nordeste,7 dias,-160.0,61,-142.08500000000015,-17.91499999999985,17.91499999999985,retracao
0.51,365,186.15,0.0,0.0,0.0,0.6,14.0,336,CP V ARI RS,7 dias úmida / 56 dias ar 50% umidade,Não informado,PB,Nordeste,14 dias,-230.0,61,-206.93500000000003,-23.06499999999997,23.06499999999997,retracao
0.51,365,186.15,0.0,0.0,0.0,0.6,28.0,672,CP V ARI RS,7 dias úmida / 56 dias ar 50% umidade,Não informado,PB,Nordeste,28 dias,-340.0,61,-308.7466666666667,-31.253333333333273,31.253333333333273,retracao
0.51,365,186.15,0.0,0.0,0.0,0.6,56.0,1344,CP V ARI RS,7 dias úmida / 56 dias ar 50% umidade,Não informado,PB,Nordeste,56 dias,-460.0,61,-442.5800000000001,-17.419999999999902,17.419999999999902,retracao
0.54,350,189.0,12.5,25.0,0.0,0.6,0.5,12,CP V ARI,7 dias úmida / 56 dias ar 50% umidade,Laboratório,SC,Sul,12 h,0.0,62,0.0,0.0,0.0,estabilidade
0.54,350,189.0,12.5,25.0,0.0,0.6,1.0,24,CP V ARI,7 dias úmida / 56 dias ar 50% umidade,Laboratório,SC,Sul,1 dia,50.0,62,110.01666666666668,-60.01666666666668,60.01666666666668,expansao
0.54,350,189.0,12.5,25.0,0.0,0.6,3.0,72,CP V ARI,7 dias úmida / 56 dias ar 50% umidade,Laboratório,SC,Sul,3 dias,50.0,62,119.04833333333335,-69.04833333333335,69.04833333333335,expansao
0.54,350,189.0,12.5,25.0,0.0,0.6,7.0,168,CP V ARI,7 dias úmida / 56 dias ar 50% umidade,Laboratório,SC,Sul,7 dias,10.0,62,153.39833333333334,-143.39833333333334,143.39833333333334,expansao
0.54,350,189.0,12.5,25.0,0.0,0.6,14.0,336,CP V ARI,7 dias úmida / 56 dias ar 50% umidade,Laboratório,SC,Sul,14 dias,-130.0,62,92.28500000000003,-222.28500000000003,222.28500000000003,expansao
0.54,350,189.0,12.5,25.0,0.0,0.6,28.0,672,CP V ARI,7 dias úmida / 56 dias ar 50% umidade,Laboratório,SC,Sul,28 dias,-280.0,62,-32.86166666666666,-247.13833333333335,247.13833333333335,retracao
0.54,350,189.0,12.5,25.0,0.0,0.6,56.0,1344,CP V ARI,7 dias úmida / 56 dias ar 50% umidade,Laboratório,SC,Sul,56 dias,-320.0,62,-133.23166666666668,-186.76833333333332,186.76833333333332,retracao
0.55,345,189.75000000000003,15.0,0.0,5.5,0.0,0.5,12,CP II E 40,7 dias úmida / 56 dias ar 50% umidade,Laboratório,SP,Sudeste,12 h,0.0,63,0.8416666666666666,-0.8416666666666666,0.8416666666666666,expansao
0.55,345,189.75000000000003,15.0,0.0,5.5,0.0,1.0,24,CP II E 40,7 dias úmida / 56 dias ar 50% umidade,Laboratório,SP,Sudeste,1 dia,30.0,63,27.77738095238096,2.222619047619041,2.222619047619041,expansao
0.55,345,189.75000000000003,15.0,0.0,5.5,0.0,3.0,72,CP II E 40,7 dias úmida / 56 dias ar 50% umidade,Laboratório,SP,Sudeste,3 dias,80.0,63,70.20821428571429,9.791785714285709,9.791785714285709,expansao
0.55,345,189.75000000000003,15.0,0.0,5.5,0.0,7.0,168,CP II E 40,7 dias úmida / 56 dias ar 50% umidade,Laboratório,SP,Sudeste,7 dias,140.0,63,92.83690476190478,47.163095238095224,47.163095238095224,expansao
0.55,345,189.75000000000003,15.0,0.0,5.5,0.0,14.0,336,CP II E 40,7 dias úmida / 56 dias ar 50% umidade,Laboratório,SP,Sudeste,14 dias,-30.0,63,-61.59630952380953,31.59630952380953,31.59630952380953,retracao
0.55,345,189.75000000000003,15.0,0.0,5.5,0.0,28.0,672,CP II E 40,7 dias úmida / 56 dias ar 50% umidade,Laboratório,SP,Sudeste,28 dias,-130.0,63,-165.86289682539692,35.862896825396916,35.862896825396916,retracao
0.55,345,189.75000000000003,15.0,0.0,5.5,0.0,56.0,1344,CP II E 40,7 dias úmida / 56 dias ar 50% umidade,Laboratório,SP,Sudeste,56 dias,-320.0,63,-360.88571428571436,40.88571428571436,40.88571428571436,retracao
0.521,380,197.98000000000002,0.0,0.0,0.0,0.6,0.5,12,CP II F 32 RS,7 dias úmida / 56 dias ar 50% umidade,Não informado,AM,Norte,12 h,0.0,64,0.0,0.0,0.0,estabilidade
0.521,380,197.98000000000002,0.0,0.0,0.0,0.6,1.0,24,CP II F 32 RS,7 dias úmida / 56 dias ar 50% umidade,Não informado,AM,Norte,1 dia,-90.0,64,-52.67833333333333,-37.32166666666667,37.32166666666667,retracao
0.521,380,197.98000000000002,0.0,0.0,0.0,0.6,3.0,72,CP II F 32 RS,7 dias úmida / 56 dias ar 50% umidade,Não informado,AM,Norte,3 dias,-140.0,64,-76.21333333333332,-63.786666666666676,63.786666666666676,retracao
0.521,380,197.98000000000002,0.0,0.0,0.0,0.6,7.0,168,CP II F 32 RS,7 dias úmida / 56 dias ar 50% umidade,Não informado,AM,Norte,7 dias,-180.0,64,-144.9766666666668,-35.0233333333332,35.0233333333332,retracao
0.521,380,197.98000000000002,0.0,0.0,0.0,0.6,14.0,336,CP II F 32 RS,7 dias úmida / 56 dias ar 50% umidade,Não informado,AM,Norte,14 dias,-240.0,64,-231.5816666666667,-8.418333333333294,8.418333333333294,retracao
0.521,380,197.98000000000002,0.0,0.0,0.0,0.6,28.0,672,CP II F 32 RS,7 dias úmida / 56 dias ar 50% umidade,Não informado,AM,Norte,28 dias,-330.0,64,-365.15833333333336,35.15833333333336,35.15833333333336,retracao
0.521,380,197.98000000000002,0.0,0.0,0.0,0.6,56.0,1344,CP II F 32 RS,7 dias úmida / 56 dias ar 50% umidade,Não informado,AM,Norte,56 dias,-450.0,64,-497.21,47.20999999999998,47.20999999999998,retracao
0.63,320,201.6,10.0,0.0,0.0,0.3,0.5,12,CP V ARI,7 dias úmida / 56 dias ar 50% umidade,Laboratório,SP,Sudeste,12 h,0.0,65,0.27,-0.27,0.27,expansao
0.63,320,201.6,10.0,0.0,0.0,0.3,1.0,24,CP V ARI,7 dias úmida / 56 dias ar 50% umidade,Laboratório,SP,Sudeste,1 dia,30.0,65,24.701666666666668,5.298333333333332,5.298333333333332,expansao
0.63,320,201.6,10.0,0.0,0.0,0.3,3.0,72,CP V ARI,7 dias úmida / 56 dias ar 50% umidade,Laboratório,SP,Sudeste,3 dias,60.0,65,28.140000000000004,31.859999999999996,31.859999999999996,expansao
0.63,320,201.6,10.0,0.0,0.0,0.3,7.0,168,CP V ARI,7 dias úmida / 56 dias ar 50% umidade,Laboratório,SP,Sudeste,7 dias,110.0,65,31.18499999999999,78.81500000000001,78.81500000000001,expansao
0.63,320,201.6,10.0,0.0,0.0,0.3,14.0,336,CP V ARI,7 dias úmida / 56 dias ar 50% umidade,Laboratório,SP,Sudeste,14 dias,-10.0,65,-148.13523809523807,138.13523809523807,138.13523809523807,retracao
0.63,320,201.6,10.0,0.0,0.0,0.3,28.0,672,CP V ARI,7 dias úmida / 56 dias ar 50% umidade,Laboratório,SP,Sudeste,28 dias,-100.0,65,-217.93166666666664,117.93166666666664,117.93166666666664,retracao
0.63,320,201.6,10.0,0.0,0.0,0.3,56.0,1344,CP V ARI,7 dias úmida / 56 dias ar 50% umidade,Laboratório,SP,Sudeste,56 dias,-320.0,65,-376.9066666666667,56.906666666666695,56.906666666666695,retracao
0.49,380,186.2,12.5,0.0,5.5,0.6,0.5,12,CP V ARI RS,7 dias úmida / 56 dias ar 50% umidade,Não informado,CE,Nordeste,12 h,0.0,66,1.2500000000000002,-1.2500000000000002,1.2500000000000002,expansao
0.49,380,186.2,12.5,0.0,5.5,0.6,1.0,24,CP V ARI RS,7 dias úmida / 56 dias ar 50% umidade,Não informado,CE,Nordeste,1 dia,40.0,66,67.46666666666665,-27.466666666666654,27.466666666666654,expansao
0.49,380,186.2,12.5,0.0,5.5,0.6,3.0,72,CP V ARI RS,7 dias úmida / 56 dias ar 50% umidade,Não informado,CE,Nordeste,3 dias,80.0,66,75.70666666666665,4.293333333333351,4.293333333333351,expansao
0.49,380,186.2,12.5,0.0,5.5,0.6,7.0,168,CP V ARI RS,7 dias úmida / 56 dias ar 50% umidade,Não informado,CE,Nordeste,7 dias,120.0,66,119.53333333333336,0.46666666666664014,0.46666666666664014,expansao
0.49,380,186.2,12.5,0.0,5.5,0.6,14.0,336,CP V ARI RS,7 dias úmida / 56 dias ar 50% umidade,Não informado,CE,Nordeste,14 dias,-40.0,66,-46.99666666666666,6.996666666666663,6.996666666666663,retracao
0.49,380,186.2,12.5,0.0,5.5,0.6,28.0,672,CP V ARI RS,7 dias úmida / 56 dias ar 50% umidade,Não informado,CE,Nordeste,28 dias,-160.0,66,-168.09166666666664,8.09166666666664,8.09166666666664,retracao
0.49,380,186.2,12.5,0.0,5.5,0.6,56.0,1344,CP V ARI RS,7 dias úmida / 56 dias ar 50% umidade,Não informado,CE,Nordeste,56 dias,-320.0,66,-313.9449999999999,-6.0550000000001205,6.0550000000001205,retracao
0.49,380,186.2,0.0,0.0,0.0,0.6,0.5,12,CP V ARI,7 dias úmida / 56 dias ar 50% umidade,Não informado,PI,Nordeste,12 h,0.0,67,0.0,0.0,0.0,estabilidade
0.49,380,186.2,0.0,0.0,0.0,0.6,1.0,24,CP V ARI,7 dias úmida / 56 dias ar 50% umidade,Não informado,PI,Nordeste,1 dia,-50.0,67,-42.24500000000001,-7.754999999999988,7.754999999999988,retracao
0.49,380,186.2,0.0,0.0,0.0,0.6,3.0,72,CP V ARI,7 dias úmida / 56 dias ar 50% umidade,Não informado,PI,Nordeste,3 dias,-100.0,67,-74.49166666666665,-25.508333333333354,25.508333333333354,retracao
0.49,380,186.2,0.0,0.0,0.0,0.6,7.0,168,CP V ARI,7 dias úmida / 56 dias ar 50% umidade,Não informado,PI,Nordeste,7 dias,-170.0,67,-130.38500000000002,-39.61499999999998,39.61499999999998,retracao
0.49,380,186.2,0.0,0.0,0.0,0.6,14.0,336,CP V ARI,7 dias úmida / 56 dias ar 50% umidade,Não informado,PI,Nordeste,14 dias,-260.0,67,-222.6766666666667,-37.323333333333295,37.323333333333295,retracao
0.49,380,186.2,0.0,0.0,0.0,0.6,28.0,672,CP V ARI,7 dias úmida / 56 dias ar 50% umidade,Não informado,PI,Nordeste,28 dias,-370.0,67,-343.5916666666668,-26.40833333333319,26.40833333333319,retracao
0.49,380,186.2,0.0,0.0,0.0,0.6,56.0,1344,CP V ARI,7 dias úmida / 56 dias ar 50% umidade,Não informado,PI,Nordeste,56 dias,-450.0,67,-479.9600000000001,29.960000000000093,29.960000000000093,retracao
0.55,336,184.8,12.5,25.0,5.5,0.6,0.5,12,CP II E 40,Não informado,Não informado,SP,Sudeste,12 h,0.0,68,0.0,0.0,0.0,estabilidade
0.55,336,184.8,12.5,25.0,5.5,0.6,1.0,24,CP II E 40,Não informado,Não informado,SP,Sudeste,1 dia,20.0,68,18.12333333333334,1.8766666666666616,1.8766666666666616,expansao
0.55,336,184.8,12.5,25.0,5.5,0.6,3.0,72,CP II E 40,Não informado,Não informado,SP,Sudeste,3 dias,60.0,68,61.795000000000016,-1.795000000000016,1.795000000000016,expansao
0.55,336,184.8,12.5,25.0,5.5,0.6,7.0,168,CP II E 40,Não informado,Não informado,SP,Sudeste,7 dias,100.0,68,94.36333333333332,5.6366666666666845,5.6366666666666845,expansao
0.55,336,184.8,12.5,25.0,5.5,0.6,14.0,336,CP II E 40,Não informado,Não informado,SP,Sudeste,14 dias,-30.0,68,-42.337142857142865,12.337142857142865,12.337142857142865,retracao
0.55,336,184.8,12.5,25.0,5.5,0.6,28.0,672,CP II E 40,Não informado,Não informado,SP,Sudeste,28 dias,-160.0,68,-186.56333333333333,26.563333333333333,26.563333333333333,retracao
0.55,336,184.8,12.5,25.0,5.5,0.6,56.0,1344,CP II E 40,Não informado,Não informado,SP,Sudeste,56 dias,-320.0,68,-348.30833333333334,28.308333333333337,28.308333333333337,retracao
0.54,360,194.4,0.0,0.0,5.625,0.6,0.5,12,CP V ARI,7 dias úmida / 56 dias ar 50% umidade,Não informado,DF,Centro Oeste,12 h,0.0,69,0.0,0.0,0.0,estabilidade
0.54,360,194.4,0.0,0.0,5.625,0.6,1.0,24,CP V ARI,7 dias úmida / 56 dias ar 50% umidade,Não informado,DF,Centro Oeste,1 dia,-50.0,69,-34.63,-15.369999999999997,15.369999999999997,retracao
0.54,360,194.4,0.0,0.0,5.625,0.6,3.0,72,CP V ARI,7 dias úmida / 56 dias ar 50% umidade,Não informado,DF,Centro Oeste,3 dias,-110.0,69,-78.0,-32.0,32.0,retracao
0.54,360,194.4,0.0,0.0,5.625,0.6,7.0,168,CP V ARI,7 dias úmida / 56 dias ar 50% umidade,Não informado,DF,Centro Oeste,7 dias,-160.0,69,-117.26000000000002,-42.73999999999998,42.73999999999998,retracao
0.54,360,194.4,0.0,0.0,5.625,0.6,14.0,336,CP V ARI,7 dias úmida / 56 dias ar 50% umidade,Não informado,DF,Centro Oeste,14 dias,-260.0,69,-199.74833333333333,-60.251666666666665,60.251666666666665,retracao
0.54,360,194.4,0.0,0.0,5.625,0.6,28.0,672,CP V ARI,7 dias úmida / 56 dias ar 50% umidade,Não informado,DF,Centro Oeste,28 dias,-350.0,69,-298.26499999999993,-51.73500000000007,51.73500000000007,retracao
0.54,360,194.4,0.0,0.0,5.625,0.6,56.0,1344,CP V ARI,7 dias úmida / 56 dias ar 50% umidade,Não informado,DF,Centro Oeste,56 dias,-450.0,69,-409.13666666666666,-40.863333333333344,40.863333333333344,retracao
0.5,380,190.0,10.0,0.0,5.0,0.6,0.5,12,CP V ARI,7 dias úmida / 56 dias ar 50% umidade,Laboratório,DF,Centro Oeste,12 h,0.0,70,-0.11666666666666668,0.11666666666666668,0.11666666666666668,retracao
0.5,380,190.0,10.0,0.0,5.0,0.6,1.0,24,CP V ARI,7 dias úmida / 56 dias ar 50% umidade,Laboratório,DF,Centro Oeste,1 dia,20.0,70,46.74833333333333,-26.748333333333328,26.748333333333328,expansao
0.5,380,190.0,10.0,0.0,5.0,0.6,3.0,72,CP V ARI,7 dias úmida / 56 dias ar 50% umidade,Laboratório,DF,Centro Oeste,3 dias,40.0,70,74.74833333333335,-34.74833333333335,34.74833333333335,expansao
0.5,380,190.0,10.0,0.0,5.0,0.6,7.0,168,CP V ARI,7 dias úmida / 56 dias ar 50% umidade,Laboratório,DF,Centro Oeste,7 dias,90.0,70,94.48444444444445,-4.484444444444449,4.484444444444449,expansao
0.5,380,190.0,10.0,0.0,5.0,0.6,14.0,336,CP V ARI,7 dias úmida / 56 dias ar 50% umidade,Laboratório,DF,Centro Oeste,14 dias,-40.0,70,-50.963571428571434,10.963571428571434,10.963571428571434,retracao
0.5,380,190.0,10.0,0.0,5.0,0.6,28.0,672,CP V ARI,7 dias úmida / 56 dias ar 50% umidade,Laboratório,DF,Centro Oeste,28 dias,-180.0,70,-123.74666666666663,-56.25333333333337,56.25333333333337,retracao
0.5,380,190.0,10.0,0.0,5.0,0.6,56.0,1344,CP V ARI,7 dias úmida / 56 dias ar 50% umidade,Laboratório,DF,Centro Oeste,56 dias,-320.0,70,-294.02500000000003,-25.974999999999966,25.974999999999966,retracao
0.47,390,183.29999999999998,0.0,0.0,0.0,0.0,0.5,12,CP V ARI RS,7 dias úmida / 56 dias ar 50% umidade,Não informado,SP,Sudeste,12 h,0.0,71,0.0,0.0,0.0,estabilidade
0.47,390,183.29999999999998,0.0,0.0,0.0,0.0,1.0,24,CP V ARI RS,7 dias úmida / 56 dias ar 50% umidade,Não informado,SP,Sudeste,1 dia,-50.0,71,-47.82166666666666,-2.1783333333333417,2.1783333333333417,retracao
0.47,390,183.29999999999998,0.0,0.0,0.0,0.0,3.0,72,CP V ARI RS,7 dias úmida / 56 dias ar 50% umidade,Não informado,SP,Sudeste,3 dias,-110.0,71,-93.3157142857143,-16.684285714285707,16.684285714285707,retracao
0.47,390,183.29999999999998,0.0,0.0,0.0,0.0,7.0,168,CP V ARI RS,7 dias úmida / 56 dias ar 50% umidade,Não informado,SP,Sudeste,7 dias,-190.0,71,-145.125,-44.875,44.875,retracao
0.47,390,183.29999999999998,0.0,0.0,0.0,0.0,14.0,336,CP V ARI RS,7 dias úmida / 56 dias ar 50% umidade,Não informado,SP,Sudeste,14 dias,-260.0,71,-254.11499999999995,-5.885000000000048,5.885000000000048,retracao
0.47,390,183.29999999999998,0.0,0.0,0.0,0.0,28.0,672,CP V ARI RS,7 dias úmida / 56 dias ar 50% umidade,Não informado,SP,Sudeste,28 dias,-330.0,71,-350.3019047619046,20.30190476190461,20.30190476190461,retracao
0.47,390,183.29999999999998,0.0,0.0,0.0,0.0,56.0,1344,CP V ARI RS,7 dias úmida / 56 dias ar 50% umidade,Não informado,SP,Sudeste,56 dias,-450.0,71,-455.51976190476194,5.5197619047619355,5.5197619047619355,retracao
0.55,336,184.8,10.0,25.0,0.0,0.6,0.5,12,CP V ARI,7 dias úmida / 56 dias ar 50% umidade,Laboratório,SP,Sudeste,12 h,0.0,72,0.15666666666666668,-0.15666666666666668,0.15666666666666668,expansao
0.55,336,184.8,10.0,25.0,0.0,0.6,1.0,24,CP V ARI,7 dias úmida / 56 dias ar 50% umidade,Laboratório,SP,Sudeste,1 dia,60.0,72,50.98166666666667,9.01833333333333,9.01833333333333,expansao
0.55,336,184.8,10.0,25.0,0.0,0.6,3.0,72,CP V ARI,7 dias úmida / 56 dias ar 50% umidade,Laboratório,SP,Sudeste,3 dias,80.0,72,75.82571428571428,4.174285714285716,4.174285714285716,expansao
0.55,336,184.8,10.0,25.0,0.0,0.6,7.0,168,CP V ARI,7 dias úmida / 56 dias ar 50% umidade,Laboratório,SP,Sudeste,7 dias,120.0,72,104.40476190476191,15.595238095238088,15.595238095238088,expansao
0.55,336,184.8,10.0,25.0,0.0,0.6,14.0,336,CP V ARI,7 dias úmida / 56 dias ar 50% umidade,Laboratório,SP,Sudeste,14 dias,80.0,72,-44.47142857142856,124.47142857142856,124.47142857142856,retracao
0.55,336,184.8,10.0,25.0,0.0,0.6,28.0,672,CP V ARI,7 dias úmida / 56 dias ar 50% umidade,Laboratório,SP,Sudeste,28 dias,-220.0,72,-192.32642857142855,-27.67357142857145,27.67357142857145,retracao
0.55,336,184.8,10.0,25.0,0.0,0.6,56.0,1344,CP V ARI,7 dias úmida / 56 dias ar 50% umidade,Laboratório,SP,Sudeste,56 dias,-310.0,72,-285.25500000000005,-24.744999999999948,24.744999999999948,retracao
0.51,380,193.8,0.0,0.0,0.0,0.6,0.5,12,CP II Z 40,7 dias úmida / 56 dias ar 50% umidade,Não informado,DF,Centro Oeste,12 h,0.0,73,0.0,0.0,0.0,estabilidade
0.51,380,193.8,0.0,0.0,0.0,0.6,1.0,24,CP II Z 40,7 dias úmida / 56 dias ar 50% umidade,Não informado,DF,Centro Oeste,1 dia,-30.0,73,-48.00666666666666,18.00666666666666,18.00666666666666,retracao
0.51,380,193.8,0.0,0.0,0.0,0.6,3.0,72,CP II Z 40,7 dias úmida / 56 dias ar 50% umidade,Não informado,DF,Centro Oeste,3 dias,-80.0,73,-83.01,3.010000000000005,3.010000000000005,retracao
0.51,380,193.8,0.0,0.0,0.0,0.6,7.0,168,CP II Z 40,7 dias úmida / 56 dias ar 50% umidade,Não informado,DF,Centro Oeste,7 dias,-110.0,73,-141.69833333333335,31.698333333333352,31.698333333333352,retracao
0.51,380,193.8,0.0,0.0,0.0,0.6,14.0,336,CP II Z 40,7 dias úmida / 56 dias ar 50% umidade,Não informado,DF,Centro Oeste,14 dias,-200.0,73,-216.7316666666667,16.73166666666671,16.73166666666671,retracao
0.51,380,193.8,0.0,0.0,0.0,0.6,28.0,672,CP II Z 40,7 dias úmida / 56 dias ar 50% umidade,Não informado,DF,Centro Oeste,28 dias,-320.0,73,-344.0400000000001,24.040000000000077,24.040000000000077,retracao
0.51,380,193.8,0.0,0.0,0.0,0.6,56.0,1344,CP II Z 40,7 dias úmida / 56 dias ar 50% umidade,Não informado,DF,Centro Oeste,56 dias,-450.0,73,-456.71833333333336,6.718333333333362,6.718333333333362,retracao
0.521,380,197.98000000000002,10.0,0.0,0.0,0.6,0.5,12,CP II F 32 RS,7 dias úmida / 56 dias ar 50% umidade,Não informado,AM,Norte,12 h,0.0,74,0.0,0.0,0.0,estabilidade
0.521,380,197.98000000000002,10.0,0.0,0.0,0.6,1.0,24,CP II F 32 RS,7 dias úmida / 56 dias ar 50% umidade,Não informado,AM,Norte,1 dia,80.0,74,76.69333333333333,3.306666666666672,3.306666666666672,expansao
0.521,380,197.98000000000002,10.0,0.0,0.0,0.6,3.0,72,CP II F 32 RS,7 dias úmida / 56 dias ar 50% umidade,Não informado,AM,Norte,3 dias,120.0,74,109.47666666666663,10.523333333333369,10.523333333333369,expansao
0.521,380,197.98000000000002,10.0,0.0,0.0,0.6,7.0,168,CP II F 32 RS,7 dias úmida / 56 dias ar 50% umidade,Não informado,AM,Norte,7 dias,150.0,74,121.61666666666667,28.383333333333326,28.383333333333326,expansao
0.521,380,197.98000000000002,10.0,0.0,0.0,0.6,14.0,336,CP II F 32 RS,7 dias úmida / 56 dias ar 50% umidade,Não informado,AM,Norte,14 dias,-50.0,74,-67.29249999999999,17.29249999999999,17.29249999999999,retracao
0.521,380,197.98000000000002,10.0,0.0,0.0,0.6,28.0,672,CP II F 32 RS,7 dias úmida / 56 dias ar 50% umidade,Não informado,AM,Norte,28 dias,-170.0,74,-194.94166666666663,24.941666666666634,24.941666666666634,retracao
0.521,380,197.98000000000002,10.0,0.0,0.0,0.6,56.0,1344,CP II F 32 RS,7 dias úmida / 56 dias ar 50% umidade,Não informado,AM,Norte,56 dias,-310.0,74,-279.29333333333363,-30.706666666666365,30.706666666666365,retracao
0.51,412,210.12,10.0,0.0,0.0,0.0,0.5,12,CP II F 40,7 dias úmida / 56 dias ar 50% umidade,Não informado,PE,Nordeste,12 h,0.0,75,-0.5183333333333333,0.5183333333333333,0.5183333333333333,retracao
0.51,412,210.12,10.0,0.0,0.0,0.0,1.0,24,CP II F 40,7 dias úmida / 56 dias ar 50% umidade,Não informado,PE,Nordeste,1 dia,10.0,75,36.58166666666667,-26.58166666666667,26.58166666666667,expansao
0.51,412,210.12,10.0,0.0,0.0,0.0,3.0,72,CP II F 40,7 dias úmida / 56 dias ar 50% umidade,Não informado,PE,Nordeste,3 dias,30.0,75,64.84166666666661,-34.84166666666661,34.84166666666661,expansao
0.51,412,210.12,10.0,0.0,0.0,0.0,7.0,168,CP II F 40,7 dias úmida / 56 dias ar 50% umidade,Não informado,PE,Nordeste,7 dias,70.0,75,96.37333333333332,-26.37333333333332,26.37333333333332,expansao
0.51,412,210.12,10.0,0.0,0.0,0.0,14.0,336,CP II F 40,7 dias úmida / 56 dias ar 50% umidade,Não informado,PE,Nordeste,14 dias,-150.0,75,-17.820000000000004,-132.18,132.18,retracao
0.51,412,210.12,10.0,0.0,0.0,0.0,28.0,672,CP II F 40,7 dias úmida / 56 dias ar 50% umidade,Não informado,PE,Nordeste,28 dias,-230.0,75,-122.46333333333332,-107.53666666666668,107.53666666666668,retracao
0.51,412,210.12,10.0,0.0,0.0,0.0,56.0,1344,CP II F 40,7 dias úmida / 56 dias ar 50% umidade,Não informado,PE,Nordeste,56 dias,-310.0,75,-304.51500000000004,-5.484999999999957,5.484999999999957,retracao
0.55,337,185.35000000000002,0.0,0.0,5.5,0.6,0.5,12,CP II E 40,7 dias úmida / 56 dias ar 50% umidade,Laboratório,SP,Sudeste,12 h,0.0,76,0.0,0.0,0.0,estabilidade
0.55,337,185.35000000000002,0.0,0.0,5.5,0.6,1.0,24,CP II E 40,7 dias úmida / 56 dias ar 50% umidade,Laboratório,SP,Sudeste,1 dia,-60.0,76,-27.301587301587293,-32.69841269841271,32.69841269841271,retracao
0.55,337,185.35000000000002,0.0,0.0,5.5,0.6,3.0,72,CP II E 40,7 dias úmida / 56 dias ar 50% umidade,Laboratório,SP,Sudeste,3 dias,-100.0,76,-84.21277777777777,-15.787222222222226,15.787222222222226,retracao
0.55,337,185.35000000000002,0.0,0.0,5.5,0.6,7.0,168,CP II E 40,7 dias úmida / 56 dias ar 50% umidade,Laboratório,SP,Sudeste,7 dias,-150.0,76,-139.67535714285717,-10.324642857142834,10.324642857142834,retracao
0.55,337,185.35000000000002,0.0,0.0,5.5,0.6,14.0,336,CP II E 40,7 dias úmida / 56 dias ar 50% umidade,Laboratório,SP,Sudeste,14 dias,-210.0,76,-205.29353174603185,-4.706468253968154,4.706468253968154,retracao
0.55,337,185.35000000000002,0.0,0.0,5.5,0.6,28.0,672,CP II E 40,7 dias úmida / 56 dias ar 50% umidade,Laboratório,SP,Sudeste,28 dias,-300.0,76,-250.75865079365087,-49.24134920634913,49.24134920634913,retracao
0.55,337,185.35000000000002,0.0,0.0,5.5,0.6,56.0,1344,CP II E 40,7 dias úmida / 56 dias ar 50% umidade,Laboratório,SP,Sudeste,56 dias,-450.0,76,-367.27472222222224,-82.72527777777776,82.72527777777776,retracao
0.5,370,185.0,15.0,0.0,0.0,0.6,0.5,12,CP V ARI RS,7 dias úmida / 56 dias ar 50% umidade,Não informado,RJ,Sudeste,12 h,0.0,77,0.0,0.0,0.0,estabilidade
0.5,370,185.0,15.0,0.0,0.0,0.6,1.0,24,CP V ARI RS,7 dias úmida / 56 dias ar 50% umidade,Não informado,RJ,Sudeste,1 dia,30.0,77,33.084999999999994,-3.0849999999999937,3.0849999999999937,expansao
0.5,370,185.0,15.0,0.0,0.0,0.6,3.0,72,CP V ARI RS,7 dias úmida / 56 dias ar 50% umidade,Não informado,RJ,Sudeste,3 dias,-50.0,77,37.27333333333334,-87.27333333333334,87.27333333333334,expansao
0.5,370,185.0,15.0,0.0,0.0,0.6,7.0,168,CP V ARI RS,7 dias úmida / 56 dias ar 50% umidade,Não informado,RJ,Sudeste,7 dias,-90.0,77,21.236666666666668,-111.23666666666666,111.23666666666666,expansao
0.5,370,185.0,15.0,0.0,0.0,0.6,14.0,336,CP V ARI RS,7 dias úmida / 56 dias ar 50% umidade,Não informado,RJ,Sudeste,14 dias,-150.0,77,-115.43666666666668,-34.56333333333332,34.56333333333332,retracao
0.5,370,185.0,15.0,0.0,0.0,0.6,28.0,672,CP V ARI RS,7 dias úmida / 56 dias ar 50% umidade,Não informado,RJ,Sudeste,28 dias,-200.0,77,-191.60999999999996,-8.390000000000043,8.390000000000043,retracao
0.5,370,185.0,15.0,0.0,0.0,0.6,56.0,1344,CP V ARI RS,7 dias úmida / 56 dias ar 50% umidade,Não informado,RJ,Sudeste,56 dias,-310.0,77,-313.8733333333332,3.873333333333221,3.873333333333221,retracao
0.54,341,184.14000000000001,12.5,25.0,0.0,0.6,0.5,12,CP II F 40,7 dias úmida / 56 dias ar 50% umidade,Laboratório,SP,Sudeste,12 h,0.0,78,0.30999999999999994,-0.30999999999999994,0.30999999999999994,expansao
0.54,341,184.14000000000001,12.5,25.0,0.0,0.6,1.0,24,CP II F 40,7 dias úmida / 56 dias ar 50% umidade,Laboratório,SP,Sudeste,1 dia,60.0,78,50.720000000000006,9.279999999999994,9.279999999999994,expansao
0.54,341,184.14000000000001,12.5,25.0,0.0,0.6,3.0,72,CP II F 40,7 dias úmida / 56 dias ar 50% umidade,Laboratório,SP,Sudeste,3 dias,90.0,78,73.82166666666667,16.178333333333327,16.178333333333327,expansao
0.54,341,184.14000000000001,12.5,25.0,0.0,0.6,7.0,168,CP II F 40,7 dias úmida / 56 dias ar 50% umidade,Laboratório,SP,Sudeste,7 dias,120.0,78,96.13214285714287,23.867857142857133,23.867857142857133,expansao
0.54,341,184.14000000000001,12.5,25.0,0.0,0.6,14.0,336,CP II F 40,7 dias úmida / 56 dias ar 50% umidade,Laboratório,SP,Sudeste,14 dias,-30.0,78,-94.37357142857145,64.37357142857145,64.37357142857145,retracao
0.54,341,184.14000000000001,12.5,25.0,0.0,0.6,28.0,672,CP II F 40,7 dias úmida / 56 dias ar 50% umidade,Laboratório,SP,Sudeste,28 dias,-140.0,78,-131.06000000000003,-8.93999999999997,8.93999999999997,retracao
0.54,341,184.14000000000001,12.5,25.0,0.0,0.6,56.0,1344,CP II F 40,7 dias úmida / 56 dias ar 50% umidade,Laboratório,SP,Sudeste,56 dias,-310.0,78,-289.4533333333335,-20.54666666666651,20.54666666666651,retracao
0.55,370,203.50000000000003,0.0,0.0,5.5,0.6,0.5,12,CP V ARI RS,7 dias úmida / 56 dias ar 50% umidade,Não informado,PB,Nordeste,12 h,0.0,79,0.0,0.0,0.0,estabilidade
0.55,370,203.50000000000003,0.0,0.0,5.5,0.6,1.0,24,CP V ARI RS,7 dias úmida / 56 dias ar 50% umidade,Não informado,PB,Nordeste,1 dia,-70.0,79,-84.27500000000002,14.27500000000002,14.27500000000002,retracao
0.55,370,203.50000000000003,0.0,0.0,5.5,0.6,3.0,72,CP V ARI RS,7 dias úmida / 56 dias ar 50% umidade,Não informado,PB,Nordeste,3 dias,-90.0,79,-78.39333333333333,-11.60666666666667,11.60666666666667,retracao
0.55,370,203.50000000000003,0.0,0.0,5.5,0.6,7.0,168,CP V ARI RS,7 dias úmida / 56 dias ar 50% umidade,Não informado,PB,Nordeste,7 dias,-130.0,79,-138.6633333333335,8.663333333333497,8.663333333333497,retracao
0.55,370,203.50000000000003,0.0,0.0,5.5,0.6,14.0,336,CP V ARI RS,7 dias úmida / 56 dias ar 50% umidade,Não informado,PB,Nordeste,14 dias,-200.0,79,-233.7199999999999,33.719999999999914,33.719999999999914,retracao
0.55,370,203.50000000000003,0.0,0.0,5.5,0.6,28.0,672,CP V ARI RS,7 dias úmida / 56 dias ar 50% umidade,Não informado,PB,Nordeste,28 dias,-320.0,79,-320.5128571428572,0.5128571428571718,0.5128571428571718,retracao
0.55,370,203.50000000000003,0.0,0.0,5.5,0.6,56.0,1344,CP V ARI RS,7 dias úmida / 56 dias ar 50% umidade,Não informado,PB,Nordeste,56 dias,-440.0,79,-452.1833333333333,12.18333333333328,12.18333333333328,retracao
0.55,336,184.8,10.0,0.0,0.0,0.0,0.5,12,CP V ARI,7 dias úmida / 56 dias ar 50% umidade,Não informado,PE,Nordeste,12 h,0.0,80,0.18333333333333335,-0.18333333333333335,0.18333333333333335,expansao
0.55,336,184.8,10.0,0.0,0.0,0.0,1.0,24,CP V ARI,7 dias úmida / 56 dias ar 50% umidade,Não informado,PE,Nordeste,1 dia,60.0,80,55.275,4.725000000000001,4.725000000000001,expansao
0.55,336,184.8,10.0,0.0,0.0,0.0,3.0,72,CP V ARI,7 dias úmida / 56 dias ar 50% umidade,Não informado,PE,Nordeste,3 dias,80.0,80,98.13333333333334,-18.13333333333334,18.13333333333334,expansao
0.55,336,184.8,10.0,0.0,0.0,0.0,7.0,168,CP V ARI,7 dias úmida / 56 dias ar 50% umidade,Não informado,PE,Nordeste,7 dias,120.0,80,93.20833333333337,26.79166666666663,26.79166666666663,expansao
0.55,336,184.8,10.0,0.0,0.0,0.0,14.0,336,CP V ARI,7 dias úmida / 56 dias ar 50% umidade,Não informado,PE,Nordeste,14 dias,80.0,80,-67.67857142857143,147.67857142857144,147.67857142857144,retracao
0.55,336,184.8,10.0,0.0,0.0,0.0,28.0,672,CP V ARI,7 dias úmida / 56 dias ar 50% umidade,Não informado,PE,Nordeste,28 dias,-220.0,80,-192.26333333333332,-27.73666666666668,27.73666666666668,retracao
0.55,336,184.8,10.0,0.0,0.0,0.0,56.0,1344,CP V ARI,7 dias úmida / 56 dias ar 50% umidade,Não informado,PE,Nordeste,56 dias,-310.0,80,-288.5866666666668,-21.413333333333185,21.413333333333185,retracao
0.55,345,189.75000000000003,12.5,0.0,5.5,0.0,0.5,12,CP II E 40,7 dias úmida / 56 dias ar 50% umidade,Laboratório,SP,Sudeste,12 h,0.0,81,0.8233333333333333,-0.8233333333333333,0.8233333333333333,expansao
0.55,345,189.75000000000003,12.5,0.0,5.5,0.0,1.0,24,CP II E 40,7 dias úmida / 56 dias ar 50% umidade,Laboratório,SP,Sudeste,1 dia,40.0,81,12.960952380952383,27.039047619047615,27.039047619047615,expansao
0.55,345,189.75000000000003,12.5,0.0,5.5,0.0,3.0,72,CP II E 40,7 dias úmida / 56 dias ar 50% umidade,Laboratório,SP,Sudeste,3 dias,90.0,81,57.46523809523809,32.53476190476191,32.53476190476191,expansao
0.55,345,189.75000000000003,12.5,0.0,5.5,0.0,7.0,168,CP II E 40,7 dias úmida / 56 dias ar 50% umidade,Laboratório,SP,Sudeste,7 dias,120.0,81,77.00357142857143,42.99642857142857,42.99642857142857,expansao
0.55,345,189.75000000000003,12.5,0.0,5.5,0.0,14.0,336,CP II E 40,7 dias úmida / 56 dias ar 50% umidade,Laboratório,SP,Sudeste,14 dias,-50.0,81,-98.70166666666668,48.70166666666668,48.70166666666668,retracao
0.55,345,189.75000000000003,12.5,0.0,5.5,0.0,28.0,672,CP II E 40,7 dias úmida / 56 dias ar 50% umidade,Laboratório,SP,Sudeste,28 dias,-130.0,81,-225.39499999999992,95.39499999999992,95.39499999999992,retracao
0.55,345,189.75000000000003,12.5,0.0,5.5,0.0,56.0,1344,CP II E 40,7 dias úmida / 56 dias ar 50% umidade,Laboratório,SP,Sudeste,56 dias,-310.0,81,-373.90833333333336,63.90833333333336,63.90833333333336,retracao
0.47,370,173.89999999999998,0.0,0.0,5.625,0.6,0.5,12,CP V ARI RS,7 dias úmida / 56 dias ar 50% umidade,Não informado,RJ,Sudeste,12 h,0.0,82,0.0,0.0,0.0,estabilidade
0.47,370,173.89999999999998,0.0,0.0,5.625,0.6,1.0,24,CP V ARI RS,7 dias úmida / 56 dias ar 50% umidade,Não informado,RJ,Sudeste,1 dia,-90.0,82,-53.69166666666665,-36.30833333333335,36.30833333333335,retracao
0.47,370,173.89999999999998,0.0,0.0,5.625,0.6,3.0,72,CP V ARI RS,7 dias úmida / 56 dias ar 50% umidade,Não informado,RJ,Sudeste,3 dias,-140.0,82,-79.23500000000001,-60.764999999999986,60.764999999999986,retracao
0.47,370,173.89999999999998,0.0,0.0,5.625,0.6,7.0,168,CP V ARI RS,7 dias úmida / 56 dias ar 50% umidade,Não informado,RJ,Sudeste,7 dias,-210.0,82,-130.50833333333344,-79.49166666666656,79.49166666666656,retracao
0.47,370,173.89999999999998,0.0,0.0,5.625,0.6,14.0,336,CP V ARI RS,7 dias úmida / 56 dias ar 50% umidade,Não informado,RJ,Sudeste,14 dias,-270.0,82,-213.56833333333333,-56.43166666666667,56.43166666666667,retracao
0.47,370,173.89999999999998,0.0,0.0,5.625,0.6,28.0,672,CP V ARI RS,7 dias úmida / 56 dias ar 50% umidade,Não informado,RJ,Sudeste,28 dias,-320.0,82,-354.88833333333343,34.888333333333435,34.888333333333435,retracao
0.47,370,173.89999999999998,0.0,0.0,5.625,0.6,56.0,1344,CP V ARI RS,7 dias úmida / 56 dias ar 50% umidade,Não informado,RJ,Sudeste,56 dias,-440.0,82,-516.3883333333333,76.38833333333332,76.38833333333332,retracao
0.54,340,183.60000000000002,15.0,0.0,5.5,0.6,0.5,12,CP II E 40,7 dias úmida / 56 dias ar 50% umidade,Não informado,TO,Nordeste,12 h,0.0,83,0.0,0.0,0.0,estabilidade
0.54,340,183.60000000000002,15.0,0.0,5.5,0.6,1.0,24,CP II E 40,7 dias úmida / 56 dias ar 50% umidade,Não informado,TO,Nordeste,1 dia,30.0,83,59.309920634920644,-29.309920634920644,29.309920634920644,expansao
0.54,340,183.60000000000002,15.0,0.0,5.5,0.6,3.0,72,CP II E 40,7 dias úmida / 56 dias ar 50% umidade,Não informado,TO,Nordeste,3 dias,90.0,83,106.9240476190476,-16.9240476190476,16.9240476190476,expansao
0.54,340,183.60000000000002,15.0,0.0,5.5,0.6,7.0,168,CP II E 40,7 dias úmida / 56 dias ar 50% umidade,Não informado,TO,Nordeste,7 dias,150.0,83,171.04476190476205,-21.044761904762055,21.044761904762055,expansao
0.54,340,183.60000000000002,15.0,0.0,5.5,0.6,14.0,336,CP II E 40,7 dias úmida / 56 dias ar 50% umidade,Não informado,TO,Nordeste,14 dias,10.0,83,-2.8347222222222217,12.834722222222222,12.834722222222222,retracao
0.54,340,183.60000000000002,15.0,0.0,5.5,0.6,28.0,672,CP II E 40,7 dias úmida / 56 dias ar 50% umidade,Não informado,TO,Nordeste,28 dias,-180.0,83,-132.4892857142857,-47.5107142857143,47.5107142857143,retracao
0.54,340,183.60000000000002,15.0,0.0,5.5,0.6,56.0,1344,CP II E 40,7 dias úmida / 56 dias ar 50% umidade,Não informado,TO,Nordeste,56 dias,-310.0,83,-286.4036904761905,-23.59630952380951,23.59630952380951,retracao
0.53,370,196.10000000000002,12.5,0.0,0.0,0.6,0.5,12,CP III RS,7 dias úmida / 56 dias ar 50% umidade,Não informado,RJ,Sudeste,12 h,0.0,84,4.138333333333333,-4.138333333333333,4.138333333333333,expansao
0.53,370,196.10000000000002,12.5,0.0,0.0,0.6,1.0,24,CP III RS,7 dias úmida / 56 dias ar 50% umidade,Não informado,RJ,Sudeste,1 dia,30.0,84,46.49309523809526,-16.493095238095258,16.493095238095258,expansao
0.53,370,196.10000000000002,12.5,0.0,0.0,0.6,3.0,72,CP III RS,7 dias úmida / 56 dias ar 50% umidade,Não informado,RJ,Sudeste,3 dias,70.0,84,62.17333333333332,7.826666666666682,7.826666666666682,expansao
0.53,370,196.10000000000002,12.5,0.0,0.0,0.6,7.0,168,CP III RS,7 dias úmida / 56 dias ar 50% umidade,Não informado,RJ,Sudeste,7 dias,120.0,84,73.11000000000003,46.88999999999997,46.88999999999997,expansao
0.53,370,196.10000000000002,12.5,0.0,0.0,0.6,14.0,336,CP III RS,7 dias úmida / 56 dias ar 50% umidade,Não informado,RJ,Sudeste,14 dias,-50.0,84,-48.19999999999999,-1.8000000000000114,1.8000000000000114,retracao
0.53,370,196.10000000000002,12.5,0.0,0.0,0.6,28.0,672,CP III RS,7 dias úmida / 56 dias ar 50% umidade,Não informado,RJ,Sudeste,28 dias,-150.0,84,-107.55166666666666,-42.44833333333334,42.44833333333334,retracao
0.53,370,196.10000000000002,12.5,0.0,0.0,0.6,56.0,1344,CP III RS,7 dias úmida / 56 dias ar 50% umidade,Não informado,RJ,Sudeste,56 dias,-310.0,84,-257.30833333333334,-52.69166666666666,52.69166666666666,retracao
0.53,350,185.5,0.0,0.0,0.0,0.6,0.5,12,CP V ARI,7 dias úmida / 56 dias ar 50% umidade,Não informado,SP ,Sudeste,12 h,0.0,85,0.0,0.0,0.0,estabilidade
0.53,350,185.5,0.0,0.0,0.0,0.6,1.0,24,CP V ARI,7 dias úmida / 56 dias ar 50% umidade,Não informado,SP ,Sudeste,1 dia,-40.0,85,-49.655,9.655000000000001,9.655000000000001,retracao
0.53,350,185.5,0.0,0.0,0.0,0.6,3.0,72,CP V ARI,7 dias úmida / 56 dias ar 50% umidade,Não informado,SP ,Sudeste,3 dias,-90.0,85,-107.78000000000002,17.780000000000015,17.780000000000015,retracao
0.53,350,185.5,0.0,0.0,0.0,0.6,7.0,168,CP V ARI,7 dias úmida / 56 dias ar 50% umidade,Não informado,SP ,Sudeste,7 dias,-140.0,85,-163.15666666666672,23.156666666666723,23.156666666666723,retracao
0.53,350,185.5,0.0,0.0,0.0,0.6,14.0,336,CP V ARI,7 dias úmida / 56 dias ar 50% umidade,Não informado,SP ,Sudeste,14 dias,-220.0,85,-213.22333333333333,-6.776666666666671,6.776666666666671,retracao
0.53,350,185.5,0.0,0.0,0.0,0.6,28.0,672,CP V ARI,7 dias úmida / 56 dias ar 50% umidade,Não informado,SP ,Sudeste,28 dias,-300.0,85,-325.5066666666668,25.506666666666774,25.506666666666774,retracao
0.53,350,185.5,0.0,0.0,0.0,0.6,56.0,1344,CP V ARI,7 dias úmida / 56 dias ar 50% umidade,Não informado,SP ,Sudeste,56 dias,-440.0,85,-457.62833333333333,17.62833333333333,17.62833333333333,retracao
0.61,330,201.29999999999998,10.0,0.0,0.0,0.3,0.5,12,CP V ARI,7 dias úmida / 56 dias ar 50% umidade,Laboratório,SP,Sudeste,12 h,0.0,86,0.27,-0.27,0.27,expansao
0.61,330,201.29999999999998,10.0,0.0,0.0,0.3,1.0,24,CP V ARI,7 dias úmida / 56 dias ar 50% umidade,Laboratório,SP,Sudeste,1 dia,40.0,86,24.701666666666668,15.298333333333332,15.298333333333332,expansao
0.61,330,201.29999999999998,10.0,0.0,0.0,0.3,3.0,72,CP V ARI,7 dias úmida / 56 dias ar 50% umidade,Laboratório,SP,Sudeste,3 dias,70.0,86,28.140000000000004,41.86,41.86,expansao
0.61,330,201.29999999999998,10.0,0.0,0.0,0.3,7.0,168,CP V ARI,7 dias úmida / 56 dias ar 50% umidade,Laboratório,SP,Sudeste,7 dias,90.0,86,31.18499999999999,58.81500000000001,58.81500000000001,expansao
0.61,330,201.29999999999998,10.0,0.0,0.0,0.3,14.0,336,CP V ARI,7 dias úmida / 56 dias ar 50% umidade,Laboratório,SP,Sudeste,14 dias,-30.0,86,-148.13523809523807,118.13523809523807,118.13523809523807,retracao
0.61,330,201.29999999999998,10.0,0.0,0.0,0.3,28.0,672,CP V ARI,7 dias úmida / 56 dias ar 50% umidade,Laboratório,SP,Sudeste,28 dias,-150.0,86,-217.93166666666664,67.93166666666664,67.93166666666664,retracao
0.61,330,201.29999999999998,10.0,0.0,0.0,0.3,56.0,1344,CP V ARI,7 dias úmida / 56 dias ar 50% umidade,Laboratório,SP,Sudeste,56 dias,-310.0,86,-376.9066666666667,66.9066666666667,66.9066666666667,retracao
0.55,336,184.8,15.0,0.0,5.5,0.6,0.5,12,CP II E 40,7 dias úmida / 56 dias ar 50% umidade,Não informado,SP,Sudeste,12 h,0.0,87,0.0,0.0,0.0,estabilidade
0.55,336,184.8,15.0,0.0,5.5,0.6,1.0,24,CP II E 40,7 dias úmida / 56 dias ar 50% umidade,Não informado,SP,Sudeste,1 dia,40.0,87,40.694880952380984,-0.6948809523809842,0.6948809523809842,expansao
0.55,336,184.8,15.0,0.0,5.5,0.6,3.0,72,CP II E 40,7 dias úmida / 56 dias ar 50% umidade,Não informado,SP,Sudeste,3 dias,110.0,87,97.97630952380952,12.023690476190481,12.023690476190481,expansao
0.55,336,184.8,15.0,0.0,5.5,0.6,7.0,168,CP II E 40,7 dias úmida / 56 dias ar 50% umidade,Não informado,SP,Sudeste,7 dias,150.0,87,150.65511904761914,-0.655119047619138,0.655119047619138,expansao
0.55,336,184.8,15.0,0.0,5.5,0.6,14.0,336,CP II E 40,7 dias úmida / 56 dias ar 50% umidade,Não informado,SP,Sudeste,14 dias,0.0,87,-8.857420634920635,8.857420634920635,8.857420634920635,retracao
0.55,336,184.8,15.0,0.0,5.5,0.6,28.0,672,CP II E 40,7 dias úmida / 56 dias ar 50% umidade,Não informado,SP,Sudeste,28 dias,-90.0,87,-127.11047619047618,37.11047619047618,37.11047619047618,retracao
0.55,336,184.8,15.0,0.0,5.5,0.6,56.0,1344,CP II E 40,7 dias úmida / 56 dias ar 50% umidade,Não informado,SP,Sudeste,56 dias,-300.0,87,-283.9852380952382,-16.014761904761826,16.014761904761826,retracao
0.55,336,184.8,0.0,0.0,0.0,0.6,0.5,12,CP II E 40,7 dias úmida / 56 dias ar 50% umidade,Não informado,SP,Sudeste,12 h,0.0,88,0.0,0.0,0.0,estabilidade
0.55,336,184.8,0.0,0.0,0.0,0.6,1.0,24,CP II E 40,7 dias úmida / 56 dias ar 50% umidade,Não informado,SP,Sudeste,1 dia,-50.0,88,-14.647301587301587,-35.352698412698416,35.352698412698416,retracao
0.55,336,184.8,0.0,0.0,0.0,0.6,3.0,72,CP II E 40,7 dias úmida / 56 dias ar 50% umidade,Não informado,SP,Sudeste,3 dias,-90.0,88,-4.489642857142857,-85.51035714285715,85.51035714285715,retracao
0.55,336,184.8,0.0,0.0,0.0,0.6,7.0,168,CP II E 40,7 dias úmida / 56 dias ar 50% umidade,Não informado,SP,Sudeste,7 dias,-160.0,88,-30.02595238095239,-129.9740476190476,129.9740476190476,retracao
0.55,336,184.8,0.0,0.0,0.0,0.6,14.0,336,CP II E 40,7 dias úmida / 56 dias ar 50% umidade,Não informado,SP,Sudeste,14 dias,-200.0,88,-133.1376190476191,-66.8623809523809,66.8623809523809,retracao
0.55,336,184.8,0.0,0.0,0.0,0.6,28.0,672,CP II E 40,7 dias úmida / 56 dias ar 50% umidade,Não informado,SP,Sudeste,28 dias,-310.0,88,-290.1708333333334,-19.829166666666595,19.829166666666595,retracao
0.55,336,184.8,0.0,0.0,0.0,0.6,56.0,1344,CP II E 40,7 dias úmida / 56 dias ar 50% umidade,Não informado,SP,Sudeste,56 dias,-440.0,88,-445.1972619047619,5.197261904761888,5.197261904761888,retracao
0.55,336,184.8,15.0,0.0,5.5,0.6,0.5,12,CP II E 40,7 dias úmida / 56 dias ar 50% umidade,Não informado,SP,Sudeste,12 h,0.0,89,0.0,0.0,0.0,estabilidade
0.55,336,184.8,15.0,0.0,5.5,0.6,1.0,24,CP II E 40,7 dias úmida / 56 dias ar 50% umidade,Não informado,SP,Sudeste,1 dia,40.0,89,41.802063492063496,-1.8020634920634961,1.8020634920634961,expansao
0.55,336,184.8,15.0,0.0,5.5,0.6,3.0,72,CP II E 40,7 dias úmida / 56 dias ar 50% umidade,Não informado,SP,Sudeste,3 dias,100.0,89,100.04103174603175,-0.04103174603174864,0.04103174603174864,expansao
0.55,336,184.8,15.0,0.0,5.5,0.6,7.0,168,CP II E 40,7 dias úmida / 56 dias ar 50% umidade,Não informado,SP,Sudeste,7 dias,150.0,89,148.2973015873016,1.7026984126983962,1.7026984126983962,expansao
0.55,336,184.8,15.0,0.0,5.5,0.6,14.0,336,CP II E 40,7 dias úmida / 56 dias ar 50% umidade,Não informado,SP,Sudeste,14 dias,-10.0,89,-12.656984126984126,2.656984126984126,2.656984126984126,retracao
0.55,336,184.8,15.0,0.0,5.5,0.6,28.0,672,CP II E 40,7 dias úmida / 56 dias ar 50% umidade,Não informado,SP,Sudeste,28 dias,-130.0,89,-113.3072619047619,-16.6927380952381,16.6927380952381,retracao
0.55,336,184.8,15.0,0.0,5.5,0.6,56.0,1344,CP II E 40,7 dias úmida / 56 dias ar 50% umidade,Não informado,SP,Sudeste,56 dias,-300.0,89,-275.2570238095238,-24.742976190476213,24.742976190476213,retracao
0.55,345,189.75000000000003,0.0,0.0,5.5,0.0,0.5,12,CP II E 40,7 dias úmida / 56 dias ar 50% umidade,Laboratório,SP,Sudeste,12 h,0.0,90,0.0,0.0,0.0,estabilidade
0.55,345,189.75000000000003,0.0,0.0,5.5,0.0,1.0,24,CP II E 40,7 dias úmida / 56 dias ar 50% umidade,Laboratório,SP,Sudeste,1 dia,-30.0,90,-53.54380952380952,23.54380952380952,23.54380952380952,retracao
0.55,345,189.75000000000003,0.0,0.0,5.5,0.0,3.0,72,CP II E 40,7 dias úmida / 56 dias ar 50% umidade,Laboratório,SP,Sudeste,3 dias,-70.0,90,-96.5033333333333,26.503333333333302,26.503333333333302,retracao
0.55,345,189.75000000000003,0.0,0.0,5.5,0.0,7.0,168,CP II E 40,7 dias úmida / 56 dias ar 50% umidade,Laboratório,SP,Sudeste,7 dias,-120.0,90,-171.30499999999995,51.30499999999995,51.30499999999995,retracao
0.55,345,189.75000000000003,0.0,0.0,5.5,0.0,14.0,336,CP II E 40,7 dias úmida / 56 dias ar 50% umidade,Laboratório,SP,Sudeste,14 dias,-190.0,90,-235.94500000000008,45.94500000000008,45.94500000000008,retracao
0.55,345,189.75000000000003,0.0,0.0,5.5,0.0,28.0,672,CP II E 40,7 dias úmida / 56 dias ar 50% umidade,Laboratório,SP,Sudeste,28 dias,-260.0,90,-310.4733333333332,50.47333333333319,50.47333333333319,retracao
0.55,345,189.75000000000003,0.0,0.0,5.5,0.0,56.0,1344,CP II E 40,7 dias úmida / 56 dias ar 50% umidade,Laboratório,SP,Sudeste,56 dias,-440.0,90,-446.1166666666666,6.116666666666617,6.116666666666617,retracao
0.55,327,179.85000000000002,12.5,0.0,0.0,0.6,0.5,12,CP II E 40,7 dias úmida / 56 dias ar 50% umidade,Não informado,SP,Sudeste,12 h,0.0,91,-0.09166666666666667,0.09166666666666667,0.09166666666666667,retracao
0.55,327,179.85000000000002,12.5,0.0,0.0,0.6,1.0,24,CP II E 40,7 dias úmida / 56 dias ar 50% umidade,Não informado,SP,Sudeste,1 dia,30.0,91,28.899285714285707,1.100714285714293,1.100714285714293,expansao
0.55,327,179.85000000000002,12.5,0.0,0.0,0.6,3.0,72,CP II E 40,7 dias úmida / 56 dias ar 50% umidade,Não informado,SP,Sudeste,3 dias,80.0,91,71.35746031746032,8.642539682539677,8.642539682539677,expansao
0.55,327,179.85000000000002,12.5,0.0,0.0,0.6,7.0,168,CP II E 40,7 dias úmida / 56 dias ar 50% umidade,Não informado,SP,Sudeste,7 dias,110.0,91,94.76285714285714,15.237142857142857,15.237142857142857,expansao
0.55,327,179.85000000000002,12.5,0.0,0.0,0.6,14.0,336,CP II E 40,7 dias úmida / 56 dias ar 50% umidade,Não informado,SP,Sudeste,14 dias,-50.0,91,-61.94119047619047,11.94119047619047,11.94119047619047,retracao
0.55,327,179.85000000000002,12.5,0.0,0.0,0.6,28.0,672,CP II E 40,7 dias úmida / 56 dias ar 50% umidade,Não informado,SP,Sudeste,28 dias,-160.0,91,-175.80500000000004,15.805000000000035,15.805000000000035,retracao
0.55,327,179.85000000000002,12.5,0.0,0.0,0.6,56.0,1344,CP II E 40,7 dias úmida / 56 dias ar 50% umidade,Não informado,SP,Sudeste,56 dias,-300.0,91,-283.5816666666667,-16.418333333333294,16.418333333333294,retracao
0.61,330,201.29999999999998,0.0,0.0,0.0,0.3,0.5,12,CP V ARI,7 dias úmida / 56 dias ar 50% umidade,Laboratório,SP,Sudeste,12 h,0.0,92,0.0,0.0,0.0,estabilidade
0.61,330,201.29999999999998,0.0,0.0,0.0,0.3,1.0,24,CP V ARI,7 dias úmida / 56 dias ar 50% umidade,Laboratório,SP,Sudeste,1 dia,-30.0,92,-30.20500000000001,0.20500000000000895,0.20500000000000895,retracao
0.61,330,201.29999999999998,0.0,0.0,0.0,0.3,3.0,72,CP V ARI,7 dias úmida / 56 dias ar 50% umidade,Laboratório,SP,Sudeste,3 dias,-100.0,92,-63.37,-36.63,36.63,retracao
0.61,330,201.29999999999998,0.0,0.0,0.0,0.3,7.0,168,CP V ARI,7 dias úmida / 56 dias ar 50% umidade,Laboratório,SP,Sudeste,7 dias,-150.0,92,-107.89333333333329,-42.10666666666671,42.10666666666671,retracao
0.61,330,201.29999999999998,0.0,0.0,0.0,0.3,14.0,336,CP V ARI,7 dias úmida / 56 dias ar 50% umidade,Laboratório,SP,Sudeste,14 dias,-210.0,92,-185.87000000000003,-24.129999999999967,24.129999999999967,retracao
0.61,330,201.29999999999998,0.0,0.0,0.0,0.3,28.0,672,CP V ARI,7 dias úmida / 56 dias ar 50% umidade,Laboratório,SP,Sudeste,28 dias,-290.0,92,-310.3399999999999,20.339999999999918,20.339999999999918,retracao
0.61,330,201.29999999999998,0.0,0.0,0.0,0.3,56.0,1344,CP V ARI,7 dias úmida / 56 dias ar 50% umidade,Laboratório,SP,Sudeste,56 dias,-440.0,92,-454.395,14.394999999999982,14.394999999999982,retracao
0.55,337,185.35000000000002,12.5,25.0,0.0,0.6,0.5,12,CP II E 40,7 dias úmida / 56 dias ar 50% umidade,Laboratório,SP,Sudeste,12 h,0.0,93,0.1,-0.1,0.1,expansao
0.55,337,185.35000000000002,12.5,25.0,0.0,0.6,1.0,24,CP II E 40,7 dias úmida / 56 dias ar 50% umidade,Laboratório,SP,Sudeste,1 dia,30.0,93,42.9475,-12.947499999999998,12.947499999999998,expansao
0.55,337,185.35000000000002,12.5,25.0,0.0,0.6,3.0,72,CP II E 40,7 dias úmida / 56 dias ar 50% umidade,Laboratório,SP,Sudeste,3 dias,70.0,93,67.105,2.894999999999996,2.894999999999996,expansao
0.55,337,185.35000000000002,12.5,25.0,0.0,0.6,7.0,168,CP II E 40,7 dias úmida / 56 dias ar 50% umidade,Laboratório,SP,Sudeste,7 dias,100.0,93,93.18380952380954,6.816190476190457,6.816190476190457,expansao
0.55,337,185.35000000000002,12.5,25.0,0.0,0.6,14.0,336,CP II E 40,7 dias úmida / 56 dias ar 50% umidade,Laboratório,SP,Sudeste,14 dias,-70.0,93,-97.71833333333332,27.71833333333332,27.71833333333332,retracao
0.55,337,185.35000000000002,12.5,25.0,0.0,0.6,28.0,672,CP II E 40,7 dias úmida / 56 dias ar 50% umidade,Laboratório,SP,Sudeste,28 dias,-170.0,93,-214.84833333333327,44.84833333333327,44.84833333333327,retracao
0.55,337,185.35000000000002,12.5,25.0,0.0,0.6,56.0,1344,CP II E 40,7 dias úmida / 56 dias ar 50% umidade,Laboratório,SP,Sudeste,56 dias,-300.0,93,-361.9566666666667,61.956666666666706,61.956666666666706,retracao
0.51,336,171.36,0.0,0.0,5.5,0.6,0.5,12,Não informado,7 dias úmida / 56 dias ar 50% umidade,Não informado,SE,Nordeste,12 h,0.0,94,0.0,0.0,0.0,estabilidade
0.51,336,171.36,0.0,0.0,5.5,0.6,1.0,24,Não informado,7 dias úmida / 56 dias ar 50% umidade,Não informado,SE,Nordeste,1 dia,-50.0,94,-22.710000000000004,-27.289999999999996,27.289999999999996,retracao
0.51,336,171.36,0.0,0.0,5.5,0.6,3.0,72,Não informado,7 dias úmida / 56 dias ar 50% umidade,Não informado,SE,Nordeste,3 dias,-100.0,94,-53.80333333333333,-46.19666666666667,46.19666666666667,retracao
0.51,336,171.36,0.0,0.0,5.5,0.6,7.0,168,Não informado,7 dias úmida / 56 dias ar 50% umidade,Não informado,SE,Nordeste,7 dias,-160.0,94,-115.46000000000008,-44.53999999999992,44.53999999999992,retracao
0.51,336,171.36,0.0,0.0,5.5,0.6,14.0,336,Não informado,7 dias úmida / 56 dias ar 50% umidade,Não informado,SE,Nordeste,14 dias,-260.0,94,-190.43666666666667,-69.56333333333333,69.56333333333333,retracao
0.51,336,171.36,0.0,0.0,5.5,0.6,28.0,672,Não informado,7 dias úmida / 56 dias ar 50% umidade,Não informado,SE,Nordeste,28 dias,-340.0,94,-337.5121825396826,-2.4878174603173875,2.4878174603173875,retracao
0.51,336,171.36,0.0,0.0,5.5,0.6,56.0,1344,Não informado,7 dias úmida / 56 dias ar 50% umidade,Não informado,SE,Nordeste,56 dias,-440.0,94,-448.96857142857124,8.968571428571238,8.968571428571238,retracao
0.55,336,184.8,15.0,25.0,6.0,0.6,0.5,12,CP V ARI,Não informado,Não informado,SP,Sudeste,12 h,0.0,95,0.0,0.0,0.0,estabilidade
0.55,336,184.8,15.0,25.0,6.0,0.6,1.0,24,CP V ARI,Não informado,Não informado,SP,Sudeste,1 dia,20.0,95,38.453809523809525,-18.453809523809525,18.453809523809525,expansao
0.55,336,184.8,15.0,25.0,6.0,0.6,3.0,72,CP V ARI,Não informado,Não informado,SP,Sudeste,3 dias,80.0,95,81.90714285714279,-1.9071428571427873,1.9071428571427873,expansao
0.55,336,184.8,15.0,25.0,6.0,0.6,7.0,168,CP V ARI,Não informado,Não informado,SP,Sudeste,7 dias,120.0,95,121.10833333333333,-1.1083333333333343,1.1083333333333343,expansao
0.55,336,184.8,15.0,25.0,6.0,0.6,14.0,336,CP V ARI,Não informado,Não informado,SP,Sudeste,14 dias,-20.0,95,12.311666666666667,-32.31166666666667,32.31166666666667,expansao
0.55,336,184.8,15.0,25.0,6.0,0.6,28.0,672,CP V ARI,Não informado,Não informado,SP,Sudeste,28 dias,-120.0,95,-155.3670238095238,35.3670238095238,35.3670238095238,retracao
0.55,336,184.8,15.0,25.0,6.0,0.6,56.0,1344,CP V ARI,Não informado,Não informado,SP,Sudeste,56 dias,-300.0,95,-341.6016666666666,41.601666666666574,41.601666666666574,retracao
0.528,360,190.08,10.0,0.0,0.0,0.6,0.5,12,CP II F 32 RS,7 dias úmida / 56 dias ar 50% umidade,Não informado,AM,Norte,12 h,0.0,96,-0.03333333333333334,0.03333333333333334,0.03333333333333334,retracao
0.528,360,190.08,10.0,0.0,0.0,0.6,1.0,24,CP II F 32 RS,7 dias úmida / 56 dias ar 50% umidade,Não informado,AM,Norte,1 dia,90.0,96,71.56166666666674,18.43833333333326,18.43833333333326,expansao
0.528,360,190.08,10.0,0.0,0.0,0.6,3.0,72,CP II F 32 RS,7 dias úmida / 56 dias ar 50% umidade,Não informado,AM,Norte,3 dias,140.0,96,112.78999999999998,27.210000000000022,27.210000000000022,expansao
0.528,360,190.08,10.0,0.0,0.0,0.6,7.0,168,CP II F 32 RS,7 dias úmida / 56 dias ar 50% umidade,Não informado,AM,Norte,7 dias,160.0,96,128.17999999999998,31.82000000000002,31.82000000000002,expansao
0.528,360,190.08,10.0,0.0,0.0,0.6,14.0,336,CP II F 32 RS,7 dias úmida / 56 dias ar 50% umidade,Não informado,AM,Norte,14 dias,-50.0,96,-48.02666666666667,-1.9733333333333292,1.9733333333333292,retracao
0.528,360,190.08,10.0,0.0,0.0,0.6,28.0,672,CP II F 32 RS,7 dias úmida / 56 dias ar 50% umidade,Não informado,AM,Norte,28 dias,-160.0,96,-161.8383333333334,1.838333333333395,1.838333333333395,retracao
0.528,360,190.08,10.0,0.0,0.0,0.6,56.0,1344,CP II F 32 RS,7 dias úmida / 56 dias ar 50% umidade,Não informado,AM,Norte,56 dias,-290.0,96,-278.5883333333333,-11.41166666666669,11.41166666666669,retracao
0.47,370,173.89999999999998,12.5,0.0,5.625,0.6,0.5,12,CP V ARI RS,7 dias úmida / 56 dias ar 50% umidade,Não informado,RJ,Sudeste,12 h,0.0,97,1.1400000000000003,-1.1400000000000003,1.1400000000000003,expansao
0.47,370,173.89999999999998,12.5,0.0,5.625,0.6,1.0,24,CP V ARI RS,7 dias úmida / 56 dias ar 50% umidade,Não informado,RJ,Sudeste,1 dia,80.0,97,35.92666666666667,44.07333333333333,44.07333333333333,expansao
0.47,370,173.89999999999998,12.5,0.0,5.625,0.6,3.0,72,CP V ARI RS,7 dias úmida / 56 dias ar 50% umidade,Não informado,RJ,Sudeste,3 dias,-50.0,97,24.60000000000001,-74.60000000000001,74.60000000000001,expansao
0.47,370,173.89999999999998,12.5,0.0,5.625,0.6,7.0,168,CP V ARI RS,7 dias úmida / 56 dias ar 50% umidade,Não informado,RJ,Sudeste,7 dias,-100.0,97,30.14999999999999,-130.14999999999998,130.14999999999998,expansao
0.47,370,173.89999999999998,12.5,0.0,5.625,0.6,14.0,336,CP V ARI RS,7 dias úmida / 56 dias ar 50% umidade,Não informado,RJ,Sudeste,14 dias,-170.0,97,-125.47500000000004,-44.52499999999996,44.52499999999996,retracao
0.47,370,173.89999999999998,12.5,0.0,5.625,0.6,28.0,672,CP V ARI RS,7 dias úmida / 56 dias ar 50% umidade,Não informado,RJ,Sudeste,28 dias,-230.0,97,-184.37333333333336,-45.62666666666664,45.62666666666664,retracao
0.47,370,173.89999999999998,12.5,0.0,5.625,0.6,56.0,1344,CP V ARI RS,7 dias úmida / 56 dias ar 50% umidade,Não informado,RJ,Sudeste,56 dias,-290.0,97,-331.212619047619,41.212619047619,41.212619047619,retracao
0.52,370,192.4,0.0,0.0,0.0,0.6,0.5,12,CP III RS,7 dias úmida / 56 dias ar 50% umidade,Não informado,RJ,Sudeste,12 h,0.0,98,0.0,0.0,0.0,estabilidade
0.52,370,192.4,0.0,0.0,0.0,0.6,1.0,24,CP III RS,7 dias úmida / 56 dias ar 50% umidade,Não informado,RJ,Sudeste,1 dia,-50.0,98,-64.16666666666666,14.166666666666657,14.166666666666657,retracao
0.52,370,192.4,0.0,0.0,0.0,0.6,3.0,72,CP III RS,7 dias úmida / 56 dias ar 50% umidade,Não informado,RJ,Sudeste,3 dias,-120.0,98,-129.75500000000005,9.755000000000052,9.755000000000052,retracao
0.52,370,192.4,0.0,0.0,0.0,0.6,7.0,168,CP III RS,7 dias úmida / 56 dias ar 50% umidade,Não informado,RJ,Sudeste,7 dias,-180.0,98,-196.72500000000008,16.72500000000008,16.72500000000008,retracao
0.52,370,192.4,0.0,0.0,0.0,0.6,14.0,336,CP III RS,7 dias úmida / 56 dias ar 50% umidade,Não informado,RJ,Sudeste,14 dias,-220.0,98,-261.9400000000001,41.94000000000011,41.94000000000011,retracao
0.52,370,192.4,0.0,0.0,0.0,0.6,28.0,672,CP III RS,7 dias úmida / 56 dias ar 50% umidade,Não informado,RJ,Sudeste,28 dias,-350.0,98,-362.49690476190483,12.49690476190483,12.49690476190483,retracao
0.52,370,192.4,0.0,0.0,0.0,0.6,56.0,1344,CP III RS,7 dias úmida / 56 dias ar 50% umidade,Não informado,RJ,Sudeste,56 dias,-440.0,98,-503.79999999999956,63.79999999999956,63.79999999999956,retracao
0.51,350,178.5,15.0,0.0,5.5,0.6,0.5,12,CP II F 40,7 dias úmida / 56 dias ar 50% umidade,Não informado,SP,Sudeste,12 h,0.0,99,-0.6750000000000003,0.6750000000000003,0.6750000000000003,retracao
0.51,350,178.5,15.0,0.0,5.5,0.6,1.0,24,CP II F 40,7 dias úmida / 56 dias ar 50% umidade,Não informado,SP,Sudeste,1 dia,40.0,99,48.59690476190475,-8.596904761904753,8.596904761904753,expansao
0.51,350,178.5,15.0,0.0,5.5,0.6,3.0,72,CP II F 40,7 dias úmida / 56 dias ar 50% umidade,Não informado,SP,Sudeste,3 dias,80.0,99,78.58142857142853,1.4185714285714681,1.4185714285714681,expansao
0.51,350,178.5,15.0,0.0,5.5,0.6,7.0,168,CP II F 40,7 dias úmida / 56 dias ar 50% umidade,Não informado,SP,Sudeste,7 dias,130.0,99,140.30380952380952,-10.30380952380952,10.30380952380952,expansao
0.51,350,178.5,15.0,0.0,5.5,0.6,14.0,336,CP II F 40,7 dias úmida / 56 dias ar 50% umidade,Não informado,SP,Sudeste,14 dias,-60.0,99,-17.53857142857143,-42.46142857142857,42.46142857142857,retracao
0.51,350,178.5,15.0,0.0,5.5,0.6,28.0,672,CP II F 40,7 dias úmida / 56 dias ar 50% umidade,Não informado,SP,Sudeste,28 dias,-170.0,99,-147.55198412698408,-22.44801587301592,22.44801587301592,retracao
0.51,350,178.5,15.0,0.0,5.5,0.6,56.0,1344,CP II F 40,7 dias úmida / 56 dias ar 50% umidade,Não informado,SP,Sudeste,56 dias,-290.0,99,-262.88690476190476,-27.11309523809524,27.11309523809524,retracao
0.5,380,190.0,0.0,0.0,5.0,0.6,0.5,12,CP V ARI,7 dias úmida / 56 dias ar 50% umidade,Laboratório,DF,Centro Oeste,12 h,0.0,100,0.0,0.0,0.0,estabilidade
0.5,380,190.0,0.0,0.0,5.0,0.6,1.0,24,CP V ARI,7 dias úmida / 56 dias ar 50% umidade,Laboratório,DF,Centro Oeste,1 dia,-40.0,100,-45.50833333333334,5.50833333333334,5.50833333333334,retracao
0.5,380,190.0,0.0,0.0,5.0,0.6,3.0,72,CP V ARI,7 dias úmida / 56 dias ar 50% umidade,Laboratório,DF,Centro Oeste,3 dias,-70.0,100,-83.01,13.010000000000005,13.010000000000005,retracao
0.5,380,190.0,0.0,0.0,5.0,0.6,7.0,168,CP V ARI,7 dias úmida / 56 dias ar 50% umidade,Laboratório,DF,Centro Oeste,7 dias,-120.0,100,-136.38166666666658,16.381666666666575,16.381666666666575,retracao
0.5,380,190.0,0.0,0.0,5.0,0.6,14.0,336,CP V ARI,7 dias úmida / 56 dias ar 50% umidade,Laboratório,DF,Centro Oeste,14 dias,-210.0,100,-215.83000000000007,5.830000000000069,5.830000000000069,retracao
0.5,380,190.0,0.0,0.0,5.0,0.6,28.0,672,CP V ARI,7 dias úmida / 56 dias ar 50% umidade,Laboratório,DF,Centro Oeste,28 dias,-330.0,100,-347.995,17.995000000000005,17.995000000000005,retracao
0.5,380,190.0,0.0,0.0,5.0,0.6,56.0,1344,CP V ARI,7 dias úmida / 56 dias ar 50% umidade,Laboratório,DF,Centro Oeste,56 dias,-440.0,100,-465.2749999999999,25.27499999999992,25.27499999999992,retracao
0.55,336,184.8,15.0,0.0,5.5,0.6,0.5,12,CP II E 40,7 dias úmida / 56 dias ar 50% umidade,Não informado,SP,Sudeste,12 h,0.0,101,0.0,0.0,0.0,estabilidade
0.55,336,184.8,15.0,0.0,5.5,0.6,1.0,24,CP II E 40,7 dias úmida / 56 dias ar 50% umidade,Não informado,SP,Sudeste,1 dia,50.0,101,41.802063492063496,8.197936507936504,8.197936507936504,expansao
0.55,336,184.8,15.0,0.0,5.5,0.6,3.0,72,CP II E 40,7 dias úmida / 56 dias ar 50% umidade,Não informado,SP,Sudeste,3 dias,100.0,101,100.04103174603175,-0.04103174603174864,0.04103174603174864,expansao
0.55,336,184.8,15.0,0.0,5.5,0.6,7.0,168,CP II E 40,7 dias úmida / 56 dias ar 50% umidade,Não informado,SP,Sudeste,7 dias,160.0,101,148.2973015873016,11.702698412698396,11.702698412698396,expansao
0.55,336,184.8,15.0,0.0,5.5,0.6,14.0,336,CP II E 40,7 dias úmida / 56 dias ar 50% umidade,Não informado,SP,Sudeste,14 dias,10.0,101,-12.656984126984126,22.656984126984128,22.656984126984128,retracao
0.55,336,184.8,15.0,0.0,5.5,0.6,28.0,672,CP II E 40,7 dias úmida / 56 dias ar 50% umidade,Não informado,SP,Sudeste,28 dias,-130.0,101,-113.3072619047619,-16.6927380952381,16.6927380952381,retracao
0.55,336,184.8,15.0,0.0,5.5,0.6,56.0,1344,CP II E 40,7 dias úmida / 56 dias ar 50% umidade,Não informado,SP,Sudeste,56 dias,-290.0,101,-275.2570238095238,-14.742976190476213,14.742976190476213,retracao
0.52,356,185.12,15.0,0.0,0.0,0.6,0.5,12,CP II E 40,7 dias úmida / 56 dias ar 50% umidade,Não informado,SP,Sudeste,12 h,0.0,102,-0.5650000000000002,0.5650000000000002,0.5650000000000002,retracao
0.52,356,185.12,15.0,0.0,0.0,0.6,1.0,24,CP II E 40,7 dias úmida / 56 dias ar 50% umidade,Não informado,SP,Sudeste,1 dia,60.0,102,45.68750000000001,14.312499999999993,14.312499999999993,expansao
0.52,356,185.12,15.0,0.0,0.0,0.6,3.0,72,CP II E 40,7 dias úmida / 56 dias ar 50% umidade,Não informado,SP,Sudeste,3 dias,110.0,102,102.47452380952382,7.5254761904761835,7.5254761904761835,expansao
0.52,356,185.12,15.0,0.0,0.0,0.6,7.0,168,CP II E 40,7 dias úmida / 56 dias ar 50% umidade,Não informado,SP,Sudeste,7 dias,160.0,102,141.4572619047619,18.542738095238093,18.542738095238093,expansao
0.52,356,185.12,15.0,0.0,0.0,0.6,14.0,336,CP II E 40,7 dias úmida / 56 dias ar 50% umidade,Não informado,SP,Sudeste,14 dias,10.0,102,-18.994642857142857,28.994642857142857,28.994642857142857,retracao
0.52,356,185.12,15.0,0.0,0.0,0.6,28.0,672,CP II E 40,7 dias úmida / 56 dias ar 50% umidade,Não informado,SP,Sudeste,28 dias,-140.0,102,-148.8404761904762,8.84047619047621,8.84047619047621,retracao
0.52,356,185.12,15.0,0.0,0.0,0.6,56.0,1344,CP II E 40,7 dias úmida / 56 dias ar 50% umidade,Não informado,SP,Sudeste,56 dias,-290.0,102,-307.30821428571437,17.30821428571437,17.30821428571437,retracao
0.51,412,210.12,0.0,0.0,0.0,0.0,0.5,12,CP II F 40,7 dias úmida / 56 dias ar 50% umidade,Não informado,PE,Nordeste,12 h,0.0,103,0.0,0.0,0.0,estabilidade
0.51,412,210.12,0.0,0.0,0.0,0.0,1.0,24,CP II F 40,7 dias úmida / 56 dias ar 50% umidade,Não informado,PE,Nordeste,1 dia,-60.0,103,-26.56000000000001,-33.43999999999999,33.43999999999999,retracao
0.51,412,210.12,0.0,0.0,0.0,0.0,3.0,72,CP II F 40,7 dias úmida / 56 dias ar 50% umidade,Não informado,PE,Nordeste,3 dias,-120.0,103,-60.54000000000003,-59.45999999999997,59.45999999999997,retracao
0.51,412,210.12,0.0,0.0,0.0,0.0,7.0,168,CP II F 40,7 dias úmida / 56 dias ar 50% umidade,Não informado,PE,Nordeste,7 dias,-160.0,103,-103.99999999999999,-56.000000000000014,56.000000000000014,retracao
0.51,412,210.12,0.0,0.0,0.0,0.0,14.0,336,CP II F 40,7 dias úmida / 56 dias ar 50% umidade,Não informado,PE,Nordeste,14 dias,-260.0,103,-258.675,-1.3249999999999886,1.3249999999999886,retracao
0.51,412,210.12,0.0,0.0,0.0,0.0,28.0,672,CP II F 40,7 dias úmida / 56 dias ar 50% umidade,Não informado,PE,Nordeste,28 dias,-350.0,103,-408.0366666666667,58.03666666666669,58.03666666666669,retracao
0.51,412,210.12,0.0,0.0,0.0,0.0,56.0,1344,CP II F 40,7 dias úmida / 56 dias ar 50% umidade,Não informado,PE,Nordeste,56 dias,-430.0,103,-524.5483333333334,94.5483333333334,94.5483333333334,retracao
0.51,336,171.36,15.0,0.0,5.5,0.6,0.5,12,Não informado,7 dias úmida / 56 dias ar 50% umidade,Não informado,SE,Nordeste,12 h,0.0,104,0.0,0.0,0.0,estabilidade
0.51,336,171.36,15.0,0.0,5.5,0.6,1.0,24,Não informado,7 dias úmida / 56 dias ar 50% umidade,Não informado,SE,Nordeste,1 dia,50.0,104,57.82777777777779,-7.82777777777779,7.82777777777779,expansao
0.51,336,171.36,15.0,0.0,5.5,0.6,3.0,72,Não informado,7 dias úmida / 56 dias ar 50% umidade,Não informado,SE,Nordeste,3 dias,80.0,104,90.87904761904761,-10.879047619047611,10.879047619047611,expansao
0.51,336,171.36,15.0,0.0,5.5,0.6,7.0,168,Não informado,7 dias úmida / 56 dias ar 50% umidade,Não informado,SE,Nordeste,7 dias,110.0,104,158.26142857142878,-48.26142857142878,48.26142857142878,expansao
0.51,336,171.36,15.0,0.0,5.5,0.6,14.0,336,Não informado,7 dias úmida / 56 dias ar 50% umidade,Não informado,SE,Nordeste,14 dias,-30.0,104,-20.080079365079367,-9.919920634920633,9.919920634920633,retracao
0.51,336,171.36,15.0,0.0,5.5,0.6,28.0,672,Não informado,7 dias úmida / 56 dias ar 50% umidade,Não informado,SE,Nordeste,28 dias,-150.0,104,-150.90976190476195,0.9097619047619503,0.9097619047619503,retracao
0.51,336,171.36,15.0,0.0,5.5,0.6,56.0,1344,Não informado,7 dias úmida / 56 dias ar 50% umidade,Não informado,SE,Nordeste,56 dias,-290.0,104,-282.00249999999994,-7.997500000000059,7.997500000000059,retracao
0.53,360,190.8,12.5,0.0,0.0,0.6,0.5,12,CP V ARI,7 dias úmida / 56 dias ar 50% umidade,Não informado,DF,Centro Oeste,12 h,0.0,105,0.0,0.0,0.0,estabilidade
0.53,360,190.8,12.5,0.0,0.0,0.6,1.0,24,CP V ARI,7 dias úmida / 56 dias ar 50% umidade,Não informado,DF,Centro Oeste,1 dia,30.0,105,42.40880952380952,-12.408809523809524,12.408809523809524,expansao
0.53,360,190.8,12.5,0.0,0.0,0.6,3.0,72,CP V ARI,7 dias úmida / 56 dias ar 50% umidade,Não informado,DF,Centro Oeste,3 dias,90.0,105,91.50333333333337,-1.503333333333373,1.503333333333373,expansao
0.53,360,190.8,12.5,0.0,0.0,0.6,7.0,168,CP V ARI,7 dias úmida / 56 dias ar 50% umidade,Não informado,DF,Centro Oeste,7 dias,110.0,105,124.0866666666667,-14.086666666666702,14.086666666666702,expansao
0.53,360,190.8,12.5,0.0,0.0,0.6,14.0,336,CP V ARI,7 dias úmida / 56 dias ar 50% umidade,Não informado,DF,Centro Oeste,14 dias,-30.0,105,-35.85333333333333,5.853333333333332,5.853333333333332,retracao
0.53,360,190.8,12.5,0.0,0.0,0.6,28.0,672,CP V ARI,7 dias úmida / 56 dias ar 50% umidade,Não informado,DF,Centro Oeste,28 dias,-130.0,105,-151.31166666666667,21.311666666666667,21.311666666666667,retracao
0.53,360,190.8,12.5,0.0,0.0,0.6,56.0,1344,CP V ARI,7 dias úmida / 56 dias ar 50% umidade,Não informado,DF,Centro Oeste,56 dias,-290.0,105,-276.7416666666667,-13.258333333333326,13.258333333333326,retracao
0.6,339,203.4,0.0,25.0,0.0,0.6,0.5,12,CP II E 40,7 dias úmida / 56 dias ar 50% umidade,Laboratório,SP,Sudeste,12 h,0.0,106,0.0,0.0,0.0,estabilidade
0.6,339,203.4,0.0,25.0,0.0,0.6,1.0,24,CP II E 40,7 dias úmida / 56 dias ar 50% umidade,Laboratório,SP,Sudeste,1 dia,-50.0,106,6.773333333333335,-56.77333333333333,56.77333333333333,expansao
0.6,339,203.4,0.0,25.0,0.0,0.6,3.0,72,CP II E 40,7 dias úmida / 56 dias ar 50% umidade,Laboratório,SP,Sudeste,3 dias,-90.0,106,12.678333333333331,-102.67833333333333,102.67833333333333,expansao
0.6,339,203.4,0.0,25.0,0.0,0.6,7.0,168,CP II E 40,7 dias úmida / 56 dias ar 50% umidade,Laboratório,SP,Sudeste,7 dias,-170.0,106,-3.208333333333332,-166.79166666666666,166.79166666666666,retracao
0.6,339,203.4,0.0,25.0,0.0,0.6,14.0,336,CP II E 40,7 dias úmida / 56 dias ar 50% umidade,Laboratório,SP,Sudeste,14 dias,-240.0,106,-115.7752380952381,-124.2247619047619,124.2247619047619,retracao
0.6,339,203.4,0.0,25.0,0.0,0.6,28.0,672,CP II E 40,7 dias úmida / 56 dias ar 50% umidade,Laboratório,SP,Sudeste,28 dias,-360.0,106,-223.2583333333333,-136.7416666666667,136.7416666666667,retracao
0.6,339,203.4,0.0,25.0,0.0,0.6,56.0,1344,CP II E 40,7 dias úmida / 56 dias ar 50% umidade,Laboratório,SP,Sudeste,56 dias,-430.0,106,-328.0816666666666,-101.91833333333341,101.91833333333341,retracao
0.62,325,201.5,8.0,0.0,0.0,0.3,0.5,12,CP V ARI,7 dias úmida / 56 dias ar 50% umidade,Laboratório,SP,Sudeste,12 h,0.0,107,0.22,-0.22,0.22,expansao
0.62,325,201.5,8.0,0.0,0.0,0.3,1.0,24,CP V ARI,7 dias úmida / 56 dias ar 50% umidade,Laboratório,SP,Sudeste,1 dia,20.0,107,23.35166666666666,-3.3516666666666595,3.3516666666666595,expansao
0.62,325,201.5,8.0,0.0,0.0,0.3,3.0,72,CP V ARI,7 dias úmida / 56 dias ar 50% umidade,Laboratório,SP,Sudeste,3 dias,50.0,107,32.605000000000004,17.394999999999996,17.394999999999996,expansao
0.62,325,201.5,8.0,0.0,0.0,0.3,7.0,168,CP V ARI,7 dias úmida / 56 dias ar 50% umidade,Laboratório,SP,Sudeste,7 dias,80.0,107,43.02333333333333,36.97666666666667,36.97666666666667,expansao
0.62,325,201.5,8.0,0.0,0.0,0.3,14.0,336,CP V ARI,7 dias úmida / 56 dias ar 50% umidade,Laboratório,SP,Sudeste,14 dias,-50.0,107,-140.97000000000003,90.97000000000003,90.97000000000003,retracao
0.62,325,201.5,8.0,0.0,0.0,0.3,28.0,672,CP V ARI,7 dias úmida / 56 dias ar 50% umidade,Laboratório,SP,Sudeste,28 dias,-150.0,107,-236.76333333333335,86.76333333333335,86.76333333333335,retracao
0.62,325,201.5,8.0,0.0,0.0,0.3,56.0,1344,CP V ARI,7 dias úmida / 56 dias ar 50% umidade,Laboratório,SP,Sudeste,56 dias,-360.0,107,-378.505,18.504999999999995,18.504999999999995,retracao
0.52,356,185.12,15.0,0.0,0.0,0.6,0.5,12,CP II E 40,7 dias úmida / 56 dias ar 50% umidade,Não informado,PB,Nordeste,12 h,0.0,108,-0.075,0.075,0.075,retracao
0.52,356,185.12,15.0,0.0,0.0,0.6,1.0,24,CP II E 40,7 dias úmida / 56 dias ar 50% umidade,Não informado,PB,Nordeste,1 dia,60.0,108,48.344166666666666,11.655833333333334,11.655833333333334,expansao
0.52,356,185.12,15.0,0.0,0.0,0.6,3.0,72,CP II E 40,7 dias úmida / 56 dias ar 50% umidade,Não informado,PB,Nordeste,3 dias,110.0,108,93.05,16.950000000000003,16.950000000000003,expansao
0.52,356,185.12,15.0,0.0,0.0,0.6,7.0,168,CP II E 40,7 dias úmida / 56 dias ar 50% umidade,Não informado,PB,Nordeste,7 dias,160.0,108,150.54,9.460000000000008,9.460000000000008,expansao
0.52,356,185.12,15.0,0.0,0.0,0.6,14.0,336,CP II E 40,7 dias úmida / 56 dias ar 50% umidade,Não informado,PB,Nordeste,14 dias,10.0,108,-15.023333333333333,25.023333333333333,25.023333333333333,retracao
0.52,356,185.12,15.0,0.0,0.0,0.6,28.0,672,CP II E 40,7 dias úmida / 56 dias ar 50% umidade,Não informado,PB,Nordeste,28 dias,-140.0,108,-162.10976190476188,22.109761904761882,22.109761904761882,retracao
0.52,356,185.12,15.0,0.0,0.0,0.6,56.0,1344,CP II E 40,7 dias úmida / 56 dias ar 50% umidade,Não informado,PB,Nordeste,56 dias,-290.0,108,-308.99285714285713,18.992857142857133,18.992857142857133,retracao
0.55,337,185.35000000000002,0.0,0.0,5.5,0.6,0.5,12,CP V ARI RS,7 dias úmida / 56 dias ar 50% umidade,Não informado,SP,Sudeste,12 h,0.0,109,0.0,0.0,0.0,estabilidade
0.55,337,185.35000000000002,0.0,0.0,5.5,0.6,1.0,24,CP V ARI RS,7 dias úmida / 56 dias ar 50% umidade,Não informado,SP,Sudeste,1 dia,-70.0,109,-77.19166666666665,7.191666666666649,7.191666666666649,retracao
0.55,337,185.35000000000002,0.0,0.0,5.5,0.6,3.0,72,CP V ARI RS,7 dias úmida / 56 dias ar 50% umidade,Não informado,SP,Sudeste,3 dias,-110.0,109,-117.53666666666665,7.5366666666666475,7.5366666666666475,retracao
0.55,337,185.35000000000002,0.0,0.0,5.5,0.6,7.0,168,CP V ARI RS,7 dias úmida / 56 dias ar 50% umidade,Não informado,SP,Sudeste,7 dias,-180.0,109,-176.84333333333328,-3.156666666666723,3.156666666666723,retracao
0.55,337,185.35000000000002,0.0,0.0,5.5,0.6,14.0,336,CP V ARI RS,7 dias úmida / 56 dias ar 50% umidade,Não informado,SP,Sudeste,14 dias,-260.0,109,-231.7866666666666,-28.213333333333395,28.213333333333395,retracao
0.55,337,185.35000000000002,0.0,0.0,5.5,0.6,28.0,672,CP V ARI RS,7 dias úmida / 56 dias ar 50% umidade,Não informado,SP,Sudeste,28 dias,-340.0,109,-274.8721428571429,-65.12785714285712,65.12785714285712,retracao
0.55,337,185.35000000000002,0.0,0.0,5.5,0.6,56.0,1344,CP V ARI RS,7 dias úmida / 56 dias ar 50% umidade,Não informado,SP,Sudeste,56 dias,-430.0,109,-408.1367460317462,-21.863253968253787,21.863253968253787,retracao
0.61,330,201.29999999999998,8.0,0.0,0.0,0.3,0.5,12,CP V ARI,7 dias úmida / 56 dias ar 50% umidade,Laboratório,SP,Sudeste,12 h,0.0,110,0.22,-0.22,0.22,expansao
0.61,330,201.29999999999998,8.0,0.0,0.0,0.3,1.0,24,CP V ARI,7 dias úmida / 56 dias ar 50% umidade,Laboratório,SP,Sudeste,1 dia,10.0,110,23.35166666666666,-13.35166666666666,13.35166666666666,expansao
0.61,330,201.29999999999998,8.0,0.0,0.0,0.3,3.0,72,CP V ARI,7 dias úmida / 56 dias ar 50% umidade,Laboratório,SP,Sudeste,3 dias,30.0,110,32.605000000000004,-2.605000000000004,2.605000000000004,expansao
0.61,330,201.29999999999998,8.0,0.0,0.0,0.3,7.0,168,CP V ARI,7 dias úmida / 56 dias ar 50% umidade,Laboratório,SP,Sudeste,7 dias,60.0,110,43.02333333333333,16.976666666666667,16.976666666666667,expansao
0.61,330,201.29999999999998,8.0,0.0,0.0,0.3,14.0,336,CP V ARI,7 dias úmida / 56 dias ar 50% umidade,Laboratório,SP,Sudeste,14 dias,-50.0,110,-140.97000000000003,90.97000000000003,90.97000000000003,retracao
0.61,330,201.29999999999998,8.0,0.0,0.0,0.3,28.0,672,CP V ARI,7 dias úmida / 56 dias ar 50% umidade,Laboratório,SP,Sudeste,28 dias,-170.0,110,-236.76333333333335,66.76333333333335,66.76333333333335,retracao
0.61,330,201.29999999999998,8.0,0.0,0.0,0.3,56.0,1344,CP V ARI,7 dias úmida / 56 dias ar 50% umidade,Laboratório,SP,Sudeste,56 dias,-390.0,110,-378.505,-11.495000000000005,11.495000000000005,retracao
0.55,336,184.8,12.5,0.0,0.0,0.6,0.5,12,CP II E 40 RS,7 dias úmida / 56 dias ar 50% umidade,Não informado,SP,Sudeste,12 h,0.0,111,0.195,-0.195,0.195,expansao
0.55,336,184.8,12.5,0.0,0.0,0.6,1.0,24,CP II E 40 RS,7 dias úmida / 56 dias ar 50% umidade,Não informado,SP,Sudeste,1 dia,50.0,111,39.60642857142858,10.39357142857142,10.39357142857142,expansao
0.55,336,184.8,12.5,0.0,0.0,0.6,3.0,72,CP II E 40 RS,7 dias úmida / 56 dias ar 50% umidade,Não informado,SP,Sudeste,3 dias,90.0,111,87.03928571428574,2.9607142857142605,2.9607142857142605,expansao
0.55,336,184.8,12.5,0.0,0.0,0.6,7.0,168,CP II E 40 RS,7 dias úmida / 56 dias ar 50% umidade,Não informado,SP,Sudeste,7 dias,120.0,111,126.2283333333333,-6.228333333333296,6.228333333333296,expansao
0.55,336,184.8,12.5,0.0,0.0,0.6,14.0,336,CP II E 40 RS,7 dias úmida / 56 dias ar 50% umidade,Não informado,SP,Sudeste,14 dias,-20.0,111,-64.00545454545457,44.00545454545457,44.00545454545457,retracao
0.55,336,184.8,12.5,0.0,0.0,0.6,28.0,672,CP II E 40 RS,7 dias úmida / 56 dias ar 50% umidade,Não informado,SP,Sudeste,28 dias,-120.0,111,-168.76333333333332,48.76333333333332,48.76333333333332,retracao
0.55,336,184.8,12.5,0.0,0.0,0.6,56.0,1344,CP II E 40 RS,7 dias úmida / 56 dias ar 50% umidade,Não informado,SP,Sudeste,56 dias,-290.0,111,-263.05499999999984,-26.945000000000164,26.945000000000164,retracao
0.56,340,190.4,0.0,0.0,0.0,0.6,0.5,12,CP II E,7 dias úmida / 56 dias ar 50% umidade,Não informado,PA,Norte,12 h,0.0,112,0.0,0.0,0.0,estabilidade
0.56,340,190.4,0.0,0.0,0.0,0.6,1.0,24,CP II E,7 dias úmida / 56 dias ar 50% umidade,Não informado,PA,Norte,1 dia,-50.0,112,-44.73166666666667,-5.268333333333331,5.268333333333331,retracao
0.56,340,190.4,0.0,0.0,0.0,0.6,3.0,72,CP II E,7 dias úmida / 56 dias ar 50% umidade,Não informado,PA,Norte,3 dias,-100.0,112,-76.82333333333332,-23.176666666666677,23.176666666666677,retracao
0.56,340,190.4,0.0,0.0,0.0,0.6,7.0,168,CP II E,7 dias úmida / 56 dias ar 50% umidade,Não informado,PA,Norte,7 dias,-140.0,112,-137.5016666666668,-2.4983333333331927,2.4983333333331927,retracao
0.56,340,190.4,0.0,0.0,0.0,0.6,14.0,336,CP II E,7 dias úmida / 56 dias ar 50% umidade,Não informado,PA,Norte,14 dias,-200.0,112,-194.58571428571423,-5.414285714285768,5.414285714285768,retracao
0.56,340,190.4,0.0,0.0,0.0,0.6,28.0,672,CP II E,7 dias úmida / 56 dias ar 50% umidade,Não informado,PA,Norte,28 dias,-280.0,112,-286.81527777777785,6.815277777777851,6.815277777777851,retracao
0.56,340,190.4,0.0,0.0,0.0,0.6,56.0,1344,CP II E,7 dias úmida / 56 dias ar 50% umidade,Não informado,PA,Norte,56 dias,-430.0,112,-430.26333333333326,0.26333333333326436,0.26333333333326436,retracao
0.55,336,184.8,15.0,0.0,5.5,0.6,0.5,12,CP V ARI RS,7 dias úmida / 56 dias ar 50% umidade,Não informado,SP,Sudeste,12 h,0.0,113,0.0,0.0,0.0,estabilidade
0.55,336,184.8,15.0,0.0,5.5,0.6,1.0,24,CP V ARI RS,7 dias úmida / 56 dias ar 50% umidade,Não informado,SP,Sudeste,1 dia,60.0,113,51.55023809523809,8.449761904761907,8.449761904761907,expansao
0.55,336,184.8,15.0,0.0,5.5,0.6,3.0,72,CP V ARI RS,7 dias úmida / 56 dias ar 50% umidade,Não informado,SP,Sudeste,3 dias,110.0,113,98.20746031746029,11.792539682539712,11.792539682539712,expansao
0.55,336,184.8,15.0,0.0,5.5,0.6,7.0,168,CP V ARI RS,7 dias úmida / 56 dias ar 50% umidade,Não informado,SP,Sudeste,7 dias,160.0,113,148.77119047619044,11.22880952380956,11.22880952380956,expansao
0.55,336,184.8,15.0,0.0,5.5,0.6,14.0,336,CP V ARI RS,7 dias úmida / 56 dias ar 50% umidade,Não informado,SP,Sudeste,14 dias,0.0,113,-40.24833333333333,40.24833333333333,40.24833333333333,retracao
0.55,336,184.8,15.0,0.0,5.5,0.6,28.0,672,CP V ARI RS,7 dias úmida / 56 dias ar 50% umidade,Não informado,SP,Sudeste,28 dias,-180.0,113,-128.9939285714286,-51.0060714285714,51.0060714285714,retracao
0.55,336,184.8,15.0,0.0,5.5,0.6,56.0,1344,CP V ARI RS,7 dias úmida / 56 dias ar 50% umidade,Não informado,SP,Sudeste,56 dias,-290.0,113,-269.53940476190473,-20.460595238095266,20.460595238095266,retracao
0.51,350,178.5,0.0,0.0,5.5,0.6,0.5,12,CP II F 40,7 dias úmida / 56 dias ar 50% umidade,Não informado,SP,Sudeste,12 h,0.0,114,0.0,0.0,0.0,estabilidade
0.51,350,178.5,0.0,0.0,5.5,0.6,1.0,24,CP II F 40,7 dias úmida / 56 dias ar 50% umidade,Não informado,SP,Sudeste,1 dia,-40.0,114,-50.15999999999998,10.159999999999982,10.159999999999982,retracao
0.51,350,178.5,0.0,0.0,5.5,0.6,3.0,72,CP II F 40,7 dias úmida / 56 dias ar 50% umidade,Não informado,SP,Sudeste,3 dias,-80.0,114,-105.51,25.510000000000005,25.510000000000005,retracao
0.51,350,178.5,0.0,0.0,5.5,0.6,7.0,168,CP II F 40,7 dias úmida / 56 dias ar 50% umidade,Não informado,SP,Sudeste,7 dias,-150.0,114,-155.31666666666658,5.316666666666578,5.316666666666578,retracao
0.51,350,178.5,0.0,0.0,5.5,0.6,14.0,336,CP II F 40,7 dias úmida / 56 dias ar 50% umidade,Não informado,SP,Sudeste,14 dias,-230.0,114,-202.7563095238095,-27.243690476190494,27.243690476190494,retracao
0.51,350,178.5,0.0,0.0,5.5,0.6,28.0,672,CP II F 40,7 dias úmida / 56 dias ar 50% umidade,Não informado,SP,Sudeste,28 dias,-310.0,114,-309.5400000000001,-0.4599999999999227,0.4599999999999227,retracao
0.51,350,178.5,0.0,0.0,5.5,0.6,56.0,1344,CP II F 40,7 dias úmida / 56 dias ar 50% umidade,Não informado,SP,Sudeste,56 dias,-430.0,114,-429.3166666666667,-0.6833333333332803,0.6833333333332803,retracao
0.54,343,185.22,15.0,0.0,5.5,0.6,0.5,12,CP II E 40,7 dias úmida / 56 dias ar 50% umidade,Não informado,SP ,Sudeste,12 h,0.0,115,0.0,0.0,0.0,estabilidade
0.54,343,185.22,15.0,0.0,5.5,0.6,1.0,24,CP II E 40,7 dias úmida / 56 dias ar 50% umidade,Não informado,SP ,Sudeste,1 dia,60.0,115,52.971190476190486,7.028809523809514,7.028809523809514,expansao
0.54,343,185.22,15.0,0.0,5.5,0.6,3.0,72,CP II E 40,7 dias úmida / 56 dias ar 50% umidade,Não informado,SP ,Sudeste,3 dias,120.0,115,104.70039682539682,15.299603174603178,15.299603174603178,expansao
0.54,343,185.22,15.0,0.0,5.5,0.6,7.0,168,CP II E 40,7 dias úmida / 56 dias ar 50% umidade,Não informado,SP ,Sudeste,7 dias,150.0,115,154.9101984126984,-4.910198412698406,4.910198412698406,expansao
0.54,343,185.22,15.0,0.0,5.5,0.6,14.0,336,CP II E 40,7 dias úmida / 56 dias ar 50% umidade,Não informado,SP ,Sudeste,14 dias,-10.0,115,14.335396825396824,-24.335396825396824,24.335396825396824,expansao
0.54,343,185.22,15.0,0.0,5.5,0.6,28.0,672,CP II E 40,7 dias úmida / 56 dias ar 50% umidade,Não informado,SP ,Sudeste,28 dias,-130.0,115,-132.09563492063495,2.09563492063495,2.09563492063495,retracao
0.54,343,185.22,15.0,0.0,5.5,0.6,56.0,1344,CP II E 40,7 dias úmida / 56 dias ar 50% umidade,Não informado,SP ,Sudeste,56 dias,-290.0,115,-289.90702380952376,-0.09297619047623584,0.09297619047623584,retracao
0.55,336,184.8,0.0,0.0,5.5,0.6,0.5,12,CP II E 40,7 dias úmida / 56 dias ar 50% umidade,Não informado,SP,Sudeste,12 h,0.0,116,0.0,0.0,0.0,estabilidade
0.55,336,184.8,0.0,0.0,5.5,0.6,1.0,24,CP II E 40,7 dias úmida / 56 dias ar 50% umidade,Não informado,SP,Sudeste,1 dia,-40.0,116,-50.97690476190476,10.976904761904763,10.976904761904763,retracao
0.55,336,184.8,0.0,0.0,5.5,0.6,3.0,72,CP II E 40,7 dias úmida / 56 dias ar 50% umidade,Não informado,SP,Sudeste,3 dias,-90.0,116,-92.5888095238095,2.588809523809502,2.588809523809502,retracao
0.55,336,184.8,0.0,0.0,5.5,0.6,7.0,168,CP II E 40,7 dias úmida / 56 dias ar 50% umidade,Não informado,SP,Sudeste,7 dias,-130.0,116,-145.72166666666666,15.721666666666664,15.721666666666664,retracao
0.55,336,184.8,0.0,0.0,5.5,0.6,14.0,336,CP II E 40,7 dias úmida / 56 dias ar 50% umidade,Não informado,SP,Sudeste,14 dias,-190.0,116,-202.295,12.294999999999987,12.294999999999987,retracao
0.55,336,184.8,0.0,0.0,5.5,0.6,28.0,672,CP II E 40,7 dias úmida / 56 dias ar 50% umidade,Não informado,SP,Sudeste,28 dias,-300.0,116,-279.3390476190475,-20.660952380952494,20.660952380952494,retracao
0.55,336,184.8,0.0,0.0,5.5,0.6,56.0,1344,CP II E 40,7 dias úmida / 56 dias ar 50% umidade,Não informado,SP,Sudeste,56 dias,-430.0,116,-413.5383333333333,-16.4616666666667,16.4616666666667,retracao
0.55,347,190.85000000000002,12.5,0.0,5.5,0.6,0.5,12,CP II E 40,7 dias úmida / 56 dias ar 50% umidade,Não informado,SP,Sudeste,12 h,0.0,117,-0.05333333333333334,0.05333333333333334,0.05333333333333334,retracao
0.55,347,190.85000000000002,12.5,0.0,5.5,0.6,1.0,24,CP II E 40,7 dias úmida / 56 dias ar 50% umidade,Não informado,SP,Sudeste,1 dia,20.0,117,29.767380952380947,-9.767380952380947,9.767380952380947,expansao
0.55,347,190.85000000000002,12.5,0.0,5.5,0.6,3.0,72,CP II E 40,7 dias úmida / 56 dias ar 50% umidade,Não informado,SP,Sudeste,3 dias,60.0,117,83.17166666666668,-23.17166666666668,23.17166666666668,expansao
0.55,347,190.85000000000002,12.5,0.0,5.5,0.6,7.0,168,CP II E 40,7 dias úmida / 56 dias ar 50% umidade,Não informado,SP,Sudeste,7 dias,110.0,117,118.35297619047613,-8.352976190476127,8.352976190476127,expansao
0.55,347,190.85000000000002,12.5,0.0,5.5,0.6,14.0,336,CP II E 40,7 dias úmida / 56 dias ar 50% umidade,Não informado,SP,Sudeste,14 dias,-20.0,117,-65.79285714285713,45.79285714285713,45.79285714285713,retracao
0.55,347,190.85000000000002,12.5,0.0,5.5,0.6,28.0,672,CP II E 40,7 dias úmida / 56 dias ar 50% umidade,Não informado,SP,Sudeste,28 dias,-130.0,117,-180.65047619047616,50.650476190476155,50.650476190476155,retracao
0.55,347,190.85000000000002,12.5,0.0,5.5,0.6,56.0,1344,CP II E 40,7 dias úmida / 56 dias ar 50% umidade,Não informado,SP,Sudeste,56 dias,-290.0,117,-293.0628571428572,3.062857142857183,3.062857142857183,retracao
0.54,343,185.22,0.0,0.0,5.5,0.6,0.5,12,CP II E 40,7 dias úmida / 56 dias ar 50% umidade,Não informado,SP ,Sudeste,12 h,0.0,118,0.0,0.0,0.0,estabilidade
0.54,343,185.22,0.0,0.0,5.5,0.6,1.0,24,CP II E 40,7 dias úmida / 56 dias ar 50% umidade,Não informado,SP ,Sudeste,1 dia,-40.0,118,-43.12944444444446,3.1294444444444594,3.1294444444444594,retracao
0.54,343,185.22,0.0,0.0,5.5,0.6,3.0,72,CP II E 40,7 dias úmida / 56 dias ar 50% umidade,Não informado,SP ,Sudeste,3 dias,-80.0,118,-93.96420634920636,13.964206349206364,13.964206349206364,retracao
0.54,343,185.22,0.0,0.0,5.5,0.6,7.0,168,CP II E 40,7 dias úmida / 56 dias ar 50% umidade,Não informado,SP ,Sudeste,7 dias,-140.0,118,-155.8553571428572,15.855357142857201,15.855357142857201,retracao
0.54,343,185.22,0.0,0.0,5.5,0.6,14.0,336,CP II E 40,7 dias úmida / 56 dias ar 50% umidade,Não informado,SP ,Sudeste,14 dias,-220.0,118,-215.77686507936514,-4.2231349206348625,4.2231349206348625,retracao
0.54,343,185.22,0.0,0.0,5.5,0.6,28.0,672,CP II E 40,7 dias úmida / 56 dias ar 50% umidade,Não informado,SP ,Sudeste,28 dias,-300.0,118,-316.44178571428574,16.441785714285743,16.441785714285743,retracao
0.54,343,185.22,0.0,0.0,5.5,0.6,56.0,1344,CP II E 40,7 dias úmida / 56 dias ar 50% umidade,Não informado,SP ,Sudeste,56 dias,-430.0,118,-468.5679761904761,38.56797619047609,38.56797619047609,retracao
0.47,380,178.6,12.5,25.0,6.0,0.6,0.5,12,CP II F 40,7 dias úmida / 56 dias ar 50% umidade,Não informado,MT,Centro Oeste,12 h,0.0,119,0.0,0.0,0.0,estabilidade
0.47,380,178.6,12.5,25.0,6.0,0.6,1.0,24,CP II F 40,7 dias úmida / 56 dias ar 50% umidade,Não informado,MT,Centro Oeste,1 dia,50.0,119,32.074999999999996,17.925000000000004,17.925000000000004,expansao
0.47,380,178.6,12.5,25.0,6.0,0.6,3.0,72,CP II F 40,7 dias úmida / 56 dias ar 50% umidade,Não informado,MT,Centro Oeste,3 dias,80.0,119,78.77833333333334,1.221666666666664,1.221666666666664,expansao
0.47,380,178.6,12.5,25.0,6.0,0.6,7.0,168,CP II F 40,7 dias úmida / 56 dias ar 50% umidade,Não informado,MT,Centro Oeste,7 dias,120.0,119,123.16833333333332,-3.1683333333333223,3.1683333333333223,expansao
0.47,380,178.6,12.5,25.0,6.0,0.6,14.0,336,CP II F 40,7 dias úmida / 56 dias ar 50% umidade,Não informado,MT,Centro Oeste,14 dias,20.0,119,48.49666666666667,-28.49666666666667,28.49666666666667,expansao
0.47,380,178.6,12.5,25.0,6.0,0.6,28.0,672,CP II F 40,7 dias úmida / 56 dias ar 50% umidade,Não informado,MT,Centro Oeste,28 dias,-110.0,119,-109.94666666666666,-0.05333333333334167,0.05333333333334167,retracao
0.47,380,178.6,12.5,25.0,6.0,0.6,56.0,1344,CP II F 40,7 dias úmida / 56 dias ar 50% umidade,Não informado,MT,Centro Oeste,56 dias,-280.0,119,-223.81833333333333,-56.18166666666667,56.18166666666667,retracao
0.61,330,201.29999999999998,8.0,0.0,0.0,0.3,0.5,12,CP V ARI,7 dias úmida / 56 dias ar 50% umidade,Laboratório,SP,Sudeste,12 h,0.0,120,0.02,-0.02,0.02,expansao
0.61,330,201.29999999999998,8.0,0.0,0.0,0.3,1.0,24,CP V ARI,7 dias úmida / 56 dias ar 50% umidade,Laboratório,SP,Sudeste,1 dia,10.0,120,12.29357142857143,-2.293571428571431,2.293571428571431,expansao
0.61,330,201.29999999999998,8.0,0.0,0.0,0.3,3.0,72,CP V ARI,7 dias úmida / 56 dias ar 50% umidade,Laboratório,SP,Sudeste,3 dias,40.0,120,31.105714285714257,8.894285714285743,8.894285714285743,expansao
0.61,330,201.29999999999998,8.0,0.0,0.0,0.3,7.0,168,CP V ARI,7 dias úmida / 56 dias ar 50% umidade,Laboratório,SP,Sudeste,7 dias,90.0,120,30.003095238095263,59.99690476190474,59.99690476190474,expansao
0.61,330,201.29999999999998,8.0,0.0,0.0,0.3,14.0,336,CP V ARI,7 dias úmida / 56 dias ar 50% umidade,Laboratório,SP,Sudeste,14 dias,-70.0,120,-141.45976190476193,71.45976190476193,71.45976190476193,retracao
0.61,330,201.29999999999998,8.0,0.0,0.0,0.3,28.0,672,CP V ARI,7 dias úmida / 56 dias ar 50% umidade,Laboratório,SP,Sudeste,28 dias,-180.0,120,-228.36523809523806,48.365238095238055,48.365238095238055,retracao
0.61,330,201.29999999999998,8.0,0.0,0.0,0.3,56.0,1344,CP V ARI,7 dias úmida / 56 dias ar 50% umidade,Laboratório,SP,Sudeste,56 dias,-310.0,120,-399.4583333333334,89.45833333333343,89.45833333333343,retracao
0.55,347,190.85000000000002,0.0,0.0,5.5,0.6,0.5,12,CP II E 40,7 dias úmida / 56 dias ar 50% umidade,Não informado,SP,Sudeste,12 h,0.0,121,0.0,0.0,0.0,estabilidade
0.55,347,190.85000000000002,0.0,0.0,5.5,0.6,1.0,24,CP II E 40,7 dias úmida / 56 dias ar 50% umidade,Não informado,SP,Sudeste,1 dia,-50.0,121,-43.84325396825398,-6.156746031746017,6.156746031746017,retracao
0.55,347,190.85000000000002,0.0,0.0,5.5,0.6,3.0,72,CP II E 40,7 dias úmida / 56 dias ar 50% umidade,Não informado,SP,Sudeste,3 dias,-100.0,121,-92.37968253968255,-7.620317460317452,7.620317460317452,retracao
0.55,347,190.85000000000002,0.0,0.0,5.5,0.6,7.0,168,CP II E 40,7 dias úmida / 56 dias ar 50% umidade,Não informado,SP,Sudeste,7 dias,-140.0,121,-146.519880952381,6.519880952380987,6.519880952380987,retracao
0.55,347,190.85000000000002,0.0,0.0,5.5,0.6,14.0,336,CP II E 40,7 dias úmida / 56 dias ar 50% umidade,Não informado,SP,Sudeste,14 dias,-220.0,121,-217.4071031746032,-2.5928968253967923,2.5928968253967923,retracao
0.55,347,190.85000000000002,0.0,0.0,5.5,0.6,28.0,672,CP II E 40,7 dias úmida / 56 dias ar 50% umidade,Não informado,SP,Sudeste,28 dias,-300.0,121,-273.51976190476194,-26.480238095238064,26.480238095238064,retracao
0.55,347,190.85000000000002,0.0,0.0,5.5,0.6,56.0,1344,CP II E 40,7 dias úmida / 56 dias ar 50% umidade,Não informado,SP,Sudeste,56 dias,-430.0,121,-405.7950793650795,-24.204920634920484,24.204920634920484,retracao
0.53,370,196.10000000000002,0.0,0.0,0.0,0.6,0.5,12,CP III RS,7 dias úmida / 56 dias ar 50% umidade,Não informado,RJ,Sudeste,12 h,0.0,122,0.0,0.0,0.0,estabilidade
0.53,370,196.10000000000002,0.0,0.0,0.0,0.6,1.0,24,CP III RS,7 dias úmida / 56 dias ar 50% umidade,Não informado,RJ,Sudeste,1 dia,-40.0,122,-64.33666666666667,24.336666666666673,24.336666666666673,retracao
0.53,370,196.10000000000002,0.0,0.0,0.0,0.6,3.0,72,CP III RS,7 dias úmida / 56 dias ar 50% umidade,Não informado,RJ,Sudeste,3 dias,-80.0,122,-129.75500000000005,49.75500000000005,49.75500000000005,retracao
0.53,370,196.10000000000002,0.0,0.0,0.0,0.6,7.0,168,CP III RS,7 dias úmida / 56 dias ar 50% umidade,Não informado,RJ,Sudeste,7 dias,-120.0,122,-198.63833333333343,78.63833333333343,78.63833333333343,retracao
0.53,370,196.10000000000002,0.0,0.0,0.0,0.6,14.0,336,CP III RS,7 dias úmida / 56 dias ar 50% umidade,Não informado,RJ,Sudeste,14 dias,-200.0,122,-263.43166666666673,63.43166666666673,63.43166666666673,retracao
0.53,370,196.10000000000002,0.0,0.0,0.0,0.6,28.0,672,CP III RS,7 dias úmida / 56 dias ar 50% umidade,Não informado,RJ,Sudeste,28 dias,-290.0,122,-373.7069047619048,83.70690476190481,83.70690476190481,retracao
0.53,370,196.10000000000002,0.0,0.0,0.0,0.6,56.0,1344,CP III RS,7 dias úmida / 56 dias ar 50% umidade,Não informado,RJ,Sudeste,56 dias,-420.0,122,-510.2016666666662,90.2016666666662,90.2016666666662,retracao
0.55,336,184.8,12.5,25.0,0.0,0.6,0.5,12,CP V ARI,7 dias úmida / 56 dias ar 50% umidade,Laboratório,SP,Sudeste,12 h,0.0,123,0.13166666666666668,-0.13166666666666668,0.13166666666666668,expansao
0.55,336,184.8,12.5,25.0,0.0,0.6,1.0,24,CP V ARI,7 dias úmida / 56 dias ar 50% umidade,Laboratório,SP,Sudeste,1 dia,140.0,123,45.35166666666666,94.64833333333334,94.64833333333334,expansao
0.55,336,184.8,12.5,25.0,0.0,0.6,3.0,72,CP V ARI,7 dias úmida / 56 dias ar 50% umidade,Laboratório,SP,Sudeste,3 dias,150.0,123,66.79738095238096,83.20261904761904,83.20261904761904,expansao
0.55,336,184.8,12.5,25.0,0.0,0.6,7.0,168,CP V ARI,7 dias úmida / 56 dias ar 50% umidade,Laboratório,SP,Sudeste,7 dias,150.0,123,93.28571428571429,56.71428571428571,56.71428571428571,expansao
0.55,336,184.8,12.5,25.0,0.0,0.6,14.0,336,CP V ARI,7 dias úmida / 56 dias ar 50% umidade,Laboratório,SP,Sudeste,14 dias,60.0,123,-85.53857142857143,145.53857142857143,145.53857142857143,retracao
0.55,336,184.8,12.5,25.0,0.0,0.6,28.0,672,CP V ARI,7 dias úmida / 56 dias ar 50% umidade,Laboratório,SP,Sudeste,28 dias,-170.0,123,-217.35642857142855,47.35642857142855,47.35642857142855,retracao
0.55,336,184.8,12.5,25.0,0.0,0.6,56.0,1344,CP V ARI,7 dias úmida / 56 dias ar 50% umidade,Laboratório,SP,Sudeste,56 dias,-280.0,123,-330.6100000000001,50.61000000000013,50.61000000000013,retracao
0.62,311,192.82,0.0,25.0,0.0,0.0,0.5,12,CP II F 40,7 dias úmida / 56 dias ar 50% umidade,Laboratório,BA,Nordeste,12 h,0.0,124,0.0,0.0,0.0,estabilidade
0.62,311,192.82,0.0,25.0,0.0,0.0,1.0,24,CP II F 40,7 dias úmida / 56 dias ar 50% umidade,Laboratório,BA,Nordeste,1 dia,-10.0,124,-8.376666666666667,-1.623333333333333,1.623333333333333,retracao
0.62,311,192.82,0.0,25.0,0.0,0.0,3.0,72,CP II F 40,7 dias úmida / 56 dias ar 50% umidade,Laboratório,BA,Nordeste,3 dias,-30.0,124,-48.27833333333332,18.27833333333332,18.27833333333332,retracao
0.62,311,192.82,0.0,25.0,0.0,0.0,7.0,168,CP II F 40,7 dias úmida / 56 dias ar 50% umidade,Laboratório,BA,Nordeste,7 dias,-50.0,124,-73.17333333333339,23.17333333333339,23.17333333333339,retracao
0.62,311,192.82,0.0,25.0,0.0,0.0,14.0,336,CP II F 40,7 dias úmida / 56 dias ar 50% umidade,Laboratório,BA,Nordeste,14 dias,-140.0,124,-145.60166666666674,5.601666666666745,5.601666666666745,retracao
0.62,311,192.82,0.0,25.0,0.0,0.0,28.0,672,CP II F 40,7 dias úmida / 56 dias ar 50% umidade,Laboratório,BA,Nordeste,28 dias,-270.0,124,-245.19833333333335,-24.801666666666648,24.801666666666648,retracao
0.62,311,192.82,0.0,25.0,0.0,0.0,56.0,1344,CP II F 40,7 dias úmida / 56 dias ar 50% umidade,Laboratório,BA,Nordeste,56 dias,-410.0,124,-368.9549999999999,-41.04500000000007,41.04500000000007,retracao
0.54,344,185.76000000000002,10.0,0.0,5.5,0.6,0.5,12,CP II E 40,7 dias úmida / 56 dias ar 50% umidade,Laboratório,SP,Sudeste,12 h,0.0,125,0.0,0.0,0.0,estabilidade
0.54,344,185.76000000000002,10.0,0.0,5.5,0.6,1.0,24,CP II E 40,7 dias úmida / 56 dias ar 50% umidade,Laboratório,SP,Sudeste,1 dia,60.0,125,22.29333333333333,37.70666666666667,37.70666666666667,expansao
0.54,344,185.76000000000002,10.0,0.0,5.5,0.6,3.0,72,CP II E 40,7 dias úmida / 56 dias ar 50% umidade,Laboratório,SP,Sudeste,3 dias,110.0,125,53.40500000000003,56.59499999999997,56.59499999999997,expansao
0.54,344,185.76000000000002,10.0,0.0,5.5,0.6,7.0,168,CP II E 40,7 dias úmida / 56 dias ar 50% umidade,Laboratório,SP,Sudeste,7 dias,140.0,125,71.88809523809522,68.11190476190478,68.11190476190478,expansao
0.54,344,185.76000000000002,10.0,0.0,5.5,0.6,14.0,336,CP II E 40,7 dias úmida / 56 dias ar 50% umidade,Laboratório,SP,Sudeste,14 dias,20.0,125,-70.29333333333331,90.29333333333331,90.29333333333331,retracao
0.54,344,185.76000000000002,10.0,0.0,5.5,0.6,28.0,672,CP II E 40,7 dias úmida / 56 dias ar 50% umidade,Laboratório,SP,Sudeste,28 dias,-150.0,125,-219.3816666666667,69.38166666666669,69.38166666666669,retracao
0.54,344,185.76000000000002,10.0,0.0,5.5,0.6,56.0,1344,CP II E 40,7 dias úmida / 56 dias ar 50% umidade,Laboratório,SP,Sudeste,56 dias,-280.0,125,-337.71833333333336,57.71833333333336,57.71833333333336,retracao
0.62,311,192.82,0.0,25.0,0.0,0.0,0.5,12,CP II F 40,7 dias úmida / 56 dias ar 50% umidade,Não informado,BA,Nordeste,12 h,0.0,126,0.0,0.0,0.0,estabilidade
0.62,311,192.82,0.0,25.0,0.0,0.0,1.0,24,CP II F 40,7 dias úmida / 56 dias ar 50% umidade,Não informado,BA,Nordeste,1 dia,-10.0,126,-49.055,39.055,39.055,retracao
0.62,311,192.82,0.0,25.0,0.0,0.0,3.0,72,CP II F 40,7 dias úmida / 56 dias ar 50% umidade,Não informado,BA,Nordeste,3 dias,-30.0,126,-85.84166666666665,55.841666666666654,55.841666666666654,retracao
0.62,311,192.82,0.0,25.0,0.0,0.0,7.0,168,CP II F 40,7 dias úmida / 56 dias ar 50% umidade,Não informado,BA,Nordeste,7 dias,-50.0,126,-122.46595238095239,72.46595238095239,72.46595238095239,retracao
0.62,311,192.82,0.0,25.0,0.0,0.0,14.0,336,CP II F 40,7 dias úmida / 56 dias ar 50% umidade,Não informado,BA,Nordeste,14 dias,-140.0,126,-220.70500000000004,80.70500000000004,80.70500000000004,retracao
0.62,311,192.82,0.0,25.0,0.0,0.0,28.0,672,CP II F 40,7 dias úmida / 56 dias ar 50% umidade,Não informado,BA,Nordeste,28 dias,-270.0,126,-313.4683333333334,43.46833333333342,43.46833333333342,retracao
0.62,311,192.82,0.0,25.0,0.0,0.0,56.0,1344,CP II F 40,7 dias úmida / 56 dias ar 50% umidade,Não informado,BA,Nordeste,56 dias,-410.0,126,-466.18523809523793,56.185238095237935,56.185238095237935,retracao
0.51,380,193.8,12.5,0.0,0.0,0.6,0.5,12,CP V ARI RS,7 dias úmida / 56 dias ar 50% umidade,Não informado,RJ,Sudeste,12 h,0.0,127,0.0,0.0,0.0,estabilidade
0.51,380,193.8,12.5,0.0,0.0,0.6,1.0,24,CP V ARI RS,7 dias úmida / 56 dias ar 50% umidade,Não informado,RJ,Sudeste,1 dia,70.0,127,37.99333333333333,32.00666666666667,32.00666666666667,expansao
0.51,380,193.8,12.5,0.0,0.0,0.6,3.0,72,CP V ARI RS,7 dias úmida / 56 dias ar 50% umidade,Não informado,RJ,Sudeste,3 dias,80.0,127,53.415,26.585,26.585,expansao
0.51,380,193.8,12.5,0.0,0.0,0.6,7.0,168,CP V ARI RS,7 dias úmida / 56 dias ar 50% umidade,Não informado,RJ,Sudeste,7 dias,110.0,127,53.66333333333335,56.33666666666665,56.33666666666665,expansao
0.51,380,193.8,12.5,0.0,0.0,0.6,14.0,336,CP V ARI RS,7 dias úmida / 56 dias ar 50% umidade,Não informado,RJ,Sudeste,14 dias,-40.0,127,-126.20833333333336,86.20833333333336,86.20833333333336,retracao
0.51,380,193.8,12.5,0.0,0.0,0.6,28.0,672,CP V ARI RS,7 dias úmida / 56 dias ar 50% umidade,Não informado,RJ,Sudeste,28 dias,-170.0,127,-205.86,35.860000000000014,35.860000000000014,retracao
0.51,380,193.8,12.5,0.0,0.0,0.6,56.0,1344,CP V ARI RS,7 dias úmida / 56 dias ar 50% umidade,Não informado,RJ,Sudeste,56 dias,-280.0,127,-331.5716666666667,51.571666666666715,51.571666666666715,retracao
0.54,344,185.76000000000002,0.0,0.0,2.236,0.0,0.5,12,CP II E 40,7 dias úmida / 56 dias ar 50% umidade,Não informado,SP,Sudeste,12 h,0.0,128,0.0,0.0,0.0,estabilidade
0.54,344,185.76000000000002,0.0,0.0,2.236,0.0,1.0,24,CP II E 40,7 dias úmida / 56 dias ar 50% umidade,Não informado,SP,Sudeste,1 dia,-50.0,128,-40.57047619047615,-9.42952380952385,9.42952380952385,retracao
0.54,344,185.76000000000002,0.0,0.0,2.236,0.0,3.0,72,CP II E 40,7 dias úmida / 56 dias ar 50% umidade,Não informado,SP,Sudeste,3 dias,-90.0,128,-77.20833333333331,-12.791666666666686,12.791666666666686,retracao
0.54,344,185.76000000000002,0.0,0.0,2.236,0.0,7.0,168,CP II E 40,7 dias úmida / 56 dias ar 50% umidade,Não informado,SP,Sudeste,7 dias,-140.0,128,-125.09833333333329,-14.901666666666713,14.901666666666713,retracao
0.54,344,185.76000000000002,0.0,0.0,2.236,0.0,14.0,336,CP II E 40,7 dias úmida / 56 dias ar 50% umidade,Não informado,SP,Sudeste,14 dias,-200.0,128,-203.34261904761905,3.3426190476190527,3.3426190476190527,retracao
0.54,344,185.76000000000002,0.0,0.0,2.236,0.0,28.0,672,CP II E 40,7 dias úmida / 56 dias ar 50% umidade,Não informado,SP,Sudeste,28 dias,-310.0,128,-302.37238095238075,-7.627619047619248,7.627619047619248,retracao
0.54,344,185.76000000000002,0.0,0.0,2.236,0.0,56.0,1344,CP II E 40,7 dias úmida / 56 dias ar 50% umidade,Não informado,SP,Sudeste,56 dias,-410.0,128,-440.65666666666664,30.656666666666638,30.656666666666638,retracao
0.54,341,184.14000000000001,15.0,25.0,0.0,0.6,0.5,12,CP II F 40,7 dias úmida / 56 dias ar 50% umidade,Laboratório,SP,Sudeste,12 h,0.0,129,0.265,-0.265,0.265,expansao
0.54,341,184.14000000000001,15.0,25.0,0.0,0.6,1.0,24,CP II F 40,7 dias úmida / 56 dias ar 50% umidade,Laboratório,SP,Sudeste,1 dia,50.0,129,61.95833333333333,-11.958333333333329,11.958333333333329,expansao
0.54,341,184.14000000000001,15.0,25.0,0.0,0.6,3.0,72,CP II F 40,7 dias úmida / 56 dias ar 50% umidade,Laboratório,SP,Sudeste,3 dias,100.0,129,86.8966666666667,13.103333333333296,13.103333333333296,expansao
0.54,341,184.14000000000001,15.0,25.0,0.0,0.6,7.0,168,CP II F 40,7 dias úmida / 56 dias ar 50% umidade,Laboratório,SP,Sudeste,7 dias,140.0,129,116.99940476190477,23.00059523809523,23.00059523809523,expansao
0.54,341,184.14000000000001,15.0,25.0,0.0,0.6,14.0,336,CP II F 40,7 dias úmida / 56 dias ar 50% umidade,Laboratório,SP,Sudeste,14 dias,-10.0,129,-65.06333333333333,55.06333333333333,55.06333333333333,retracao
0.54,341,184.14000000000001,15.0,25.0,0.0,0.6,28.0,672,CP II F 40,7 dias úmida / 56 dias ar 50% umidade,Laboratório,SP,Sudeste,28 dias,-70.0,129,-115.92500000000001,45.92500000000001,45.92500000000001,retracao
0.54,341,184.14000000000001,15.0,25.0,0.0,0.6,56.0,1344,CP II F 40,7 dias úmida / 56 dias ar 50% umidade,Laboratório,SP,Sudeste,56 dias,-280.0,129,-278.4366666666668,-1.5633333333332189,1.5633333333332189,retracao
0.54,341,184.14000000000001,0.0,25.0,0.0,0.6,0.5,12,CP II F 40,7 dias úmida / 56 dias ar 50% umidade,Laboratório,SP,Sudeste,12 h,0.0,130,0.0,0.0,0.0,estabilidade
0.54,341,184.14000000000001,0.0,25.0,0.0,0.6,1.0,24,CP II F 40,7 dias úmida / 56 dias ar 50% umidade,Laboratório,SP,Sudeste,1 dia,-60.0,130,-38.705000000000005,-21.294999999999995,21.294999999999995,retracao
0.54,341,184.14000000000001,0.0,25.0,0.0,0.6,3.0,72,CP II F 40,7 dias úmida / 56 dias ar 50% umidade,Laboratório,SP,Sudeste,3 dias,-90.0,130,-134.04666666666665,44.04666666666665,44.04666666666665,retracao
0.54,341,184.14000000000001,0.0,25.0,0.0,0.6,7.0,168,CP II F 40,7 dias úmida / 56 dias ar 50% umidade,Laboratório,SP,Sudeste,7 dias,-150.0,130,-162.91833333333335,12.91833333333335,12.91833333333335,retracao
0.54,341,184.14000000000001,0.0,25.0,0.0,0.6,14.0,336,CP II F 40,7 dias úmida / 56 dias ar 50% umidade,Laboratório,SP,Sudeste,14 dias,-190.0,130,-232.71833333333325,42.71833333333325,42.71833333333325,retracao
0.54,341,184.14000000000001,0.0,25.0,0.0,0.6,28.0,672,CP II F 40,7 dias úmida / 56 dias ar 50% umidade,Laboratório,SP,Sudeste,28 dias,-260.0,130,-287.1633333333334,27.163333333333412,27.163333333333412,retracao
0.54,341,184.14000000000001,0.0,25.0,0.0,0.6,56.0,1344,CP II F 40,7 dias úmida / 56 dias ar 50% umidade,Laboratório,SP,Sudeste,56 dias,-410.0,130,-390.43666666666667,-19.563333333333333,19.563333333333333,retracao
0.55,336,184.8,10.0,25.0,0.0,0.6,0.5,12,CP II E 40,7 dias úmida / 56 dias ar 50% umidade,Não informado,SP,Sudeste,12 h,0.0,131,0.0,0.0,0.0,estabilidade
0.55,336,184.8,10.0,25.0,0.0,0.6,1.0,24,CP II E 40,7 dias úmida / 56 dias ar 50% umidade,Não informado,SP,Sudeste,1 dia,50.0,131,56.1395238095238,-6.139523809523801,6.139523809523801,expansao
0.55,336,184.8,10.0,25.0,0.0,0.6,3.0,72,CP II E 40,7 dias úmida / 56 dias ar 50% umidade,Não informado,SP,Sudeste,3 dias,100.0,131,106.06511904761905,-6.065119047619049,6.065119047619049,expansao
0.55,336,184.8,10.0,25.0,0.0,0.6,7.0,168,CP II E 40,7 dias úmida / 56 dias ar 50% umidade,Não informado,SP,Sudeste,7 dias,130.0,131,123.285,6.715000000000003,6.715000000000003,expansao
0.55,336,184.8,10.0,25.0,0.0,0.6,14.0,336,CP II E 40,7 dias úmida / 56 dias ar 50% umidade,Não informado,SP,Sudeste,14 dias,-50.0,131,-54.35916666666666,4.35916666666666,4.35916666666666,retracao
0.55,336,184.8,10.0,25.0,0.0,0.6,28.0,672,CP II E 40,7 dias úmida / 56 dias ar 50% umidade,Não informado,SP,Sudeste,28 dias,-160.0,131,-210.35833333333335,50.35833333333335,50.35833333333335,retracao
0.55,336,184.8,10.0,25.0,0.0,0.6,56.0,1344,CP II E 40,7 dias úmida / 56 dias ar 50% umidade,Não informado,SP,Sudeste,56 dias,-280.0,131,-295.9128571428571,15.912857142857092,15.912857142857092,retracao
0.55,336,184.8,0.0,25.0,4.0,0.6,0.5,12,CP II E 40,7 dias úmida / 56 dias ar 50% umidade,Não informado,SP,Sudeste,12 h,0.0,132,0.0,0.0,0.0,estabilidade
0.55,336,184.8,0.0,25.0,4.0,0.6,1.0,24,CP II E 40,7 dias úmida / 56 dias ar 50% umidade,Não informado,SP,Sudeste,1 dia,-80.0,132,-46.57357142857144,-33.42642857142856,33.42642857142856,retracao
0.55,336,184.8,0.0,25.0,4.0,0.6,3.0,72,CP II E 40,7 dias úmida / 56 dias ar 50% umidade,Não informado,SP,Sudeste,3 dias,-130.0,132,-88.49611111111108,-41.50388888888892,41.50388888888892,retracao
0.55,336,184.8,0.0,25.0,4.0,0.6,7.0,168,CP II E 40,7 dias úmida / 56 dias ar 50% umidade,Não informado,SP,Sudeste,7 dias,-180.0,132,-142.21952380952382,-37.78047619047618,37.78047619047618,retracao
0.55,336,184.8,0.0,25.0,4.0,0.6,14.0,336,CP II E 40,7 dias úmida / 56 dias ar 50% umidade,Não informado,SP,Sudeste,14 dias,-220.0,132,-205.3313095238095,-14.668690476190505,14.668690476190505,retracao
0.55,336,184.8,0.0,25.0,4.0,0.6,28.0,672,CP II E 40,7 dias úmida / 56 dias ar 50% umidade,Não informado,SP,Sudeste,28 dias,-290.0,132,-305.8621428571429,15.862142857142885,15.862142857142885,retracao
0.55,336,184.8,0.0,25.0,4.0,0.6,56.0,1344,CP II E 40,7 dias úmida / 56 dias ar 50% umidade,Não informado,SP,Sudeste,56 dias,-410.0,132,-437.33976190476193,27.33976190476193,27.33976190476193,retracao
0.54,350,189.0,15.0,25.0,0.0,0.6,0.5,12,CP V ARI,7 dias úmida / 56 dias ar 50% umidade,Laboratório,SC,Sul,12 h,0.0,133,0.0,0.0,0.0,estabilidade
0.54,350,189.0,15.0,25.0,0.0,0.6,1.0,24,CP V ARI,7 dias úmida / 56 dias ar 50% umidade,Laboratório,SC,Sul,1 dia,100.0,133,130.4533333333334,-30.453333333333404,30.453333333333404,expansao
0.54,350,189.0,15.0,25.0,0.0,0.6,3.0,72,CP V ARI,7 dias úmida / 56 dias ar 50% umidade,Laboratório,SC,Sul,3 dias,90.0,133,129.24000000000007,-39.240000000000066,39.240000000000066,expansao
0.54,350,189.0,15.0,25.0,0.0,0.6,7.0,168,CP V ARI,7 dias úmida / 56 dias ar 50% umidade,Laboratório,SC,Sul,7 dias,70.0,133,134.55,-64.55000000000001,64.55000000000001,expansao
0.54,350,189.0,15.0,25.0,0.0,0.6,14.0,336,CP V ARI,7 dias úmida / 56 dias ar 50% umidade,Laboratório,SC,Sul,14 dias,-90.0,133,40.98333333333332,-130.98333333333332,130.98333333333332,expansao
0.54,350,189.0,15.0,25.0,0.0,0.6,28.0,672,CP V ARI,7 dias úmida / 56 dias ar 50% umidade,Laboratório,SC,Sul,28 dias,-250.0,133,-127.4016666666667,-122.5983333333333,122.5983333333333,retracao
0.54,350,189.0,15.0,25.0,0.0,0.6,56.0,1344,CP V ARI,7 dias úmida / 56 dias ar 50% umidade,Laboratório,SC,Sul,56 dias,-280.0,133,-203.23666666666668,-76.76333333333332,76.76333333333332,retracao
0.51,370,188.70000000000002,0.0,0.0,6.0,0.6,0.5,12,CP V ARI,7 dias úmida / 56 dias ar 50% umidade,Laboratório,SP,Sudeste,12 h,0.0,134,0.0,0.0,0.0,estabilidade
0.51,370,188.70000000000002,0.0,0.0,6.0,0.6,1.0,24,CP V ARI,7 dias úmida / 56 dias ar 50% umidade,Laboratório,SP,Sudeste,1 dia,-60.0,134,-50.58666666666666,-9.413333333333341,9.413333333333341,retracao
0.51,370,188.70000000000002,0.0,0.0,6.0,0.6,3.0,72,CP V ARI,7 dias úmida / 56 dias ar 50% umidade,Laboratório,SP,Sudeste,3 dias,-110.0,134,-92.25333333333332,-17.746666666666684,17.746666666666684,retracao
0.51,370,188.70000000000002,0.0,0.0,6.0,0.6,7.0,168,CP V ARI,7 dias úmida / 56 dias ar 50% umidade,Laboratório,SP,Sudeste,7 dias,-160.0,134,-159.09833333333333,-0.9016666666666708,0.9016666666666708,retracao
0.51,370,188.70000000000002,0.0,0.0,6.0,0.6,14.0,336,CP V ARI,7 dias úmida / 56 dias ar 50% umidade,Laboratório,SP,Sudeste,14 dias,-200.0,134,-258.2816666666667,58.281666666666695,58.281666666666695,retracao
0.51,370,188.70000000000002,0.0,0.0,6.0,0.6,28.0,672,CP V ARI,7 dias úmida / 56 dias ar 50% umidade,Laboratório,SP,Sudeste,28 dias,-290.0,134,-336.2102380952381,46.21023809523808,46.21023809523808,retracao
0.51,370,188.70000000000002,0.0,0.0,6.0,0.6,56.0,1344,CP V ARI,7 dias úmida / 56 dias ar 50% umidade,Laboratório,SP,Sudeste,56 dias,-410.0,134,-439.76166666666666,29.761666666666656,29.761666666666656,retracao
0.55,336,184.8,12.5,0.0,0.0,0.0,0.5,12,CP V ARI,7 dias úmida / 56 dias ar 50% umidade,Não informado,PE,Nordeste,12 h,0.0,135,0.5233333333333333,-0.5233333333333333,0.5233333333333333,expansao
0.55,336,184.8,12.5,0.0,0.0,0.0,1.0,24,CP V ARI,7 dias úmida / 56 dias ar 50% umidade,Não informado,PE,Nordeste,1 dia,140.0,135,37.95666666666666,102.04333333333334,102.04333333333334,expansao
0.55,336,184.8,12.5,0.0,0.0,0.0,3.0,72,CP V ARI,7 dias úmida / 56 dias ar 50% umidade,Não informado,PE,Nordeste,3 dias,150.0,135,78.41666666666669,71.58333333333331,71.58333333333331,expansao
0.55,336,184.8,12.5,0.0,0.0,0.0,7.0,168,CP V ARI,7 dias úmida / 56 dias ar 50% umidade,Não informado,PE,Nordeste,7 dias,150.0,135,107.99500000000003,42.00499999999997,42.00499999999997,expansao
0.55,336,184.8,12.5,0.0,0.0,0.0,14.0,336,CP V ARI,7 dias úmida / 56 dias ar 50% umidade,Não informado,PE,Nordeste,14 dias,60.0,135,2.929545454545456,57.070454545454545,57.070454545454545,expansao
0.55,336,184.8,12.5,0.0,0.0,0.0,28.0,672,CP V ARI,7 dias úmida / 56 dias ar 50% umidade,Não informado,PE,Nordeste,28 dias,-170.0,135,-181.17166666666668,11.171666666666681,11.171666666666681,retracao
0.55,336,184.8,12.5,0.0,0.0,0.0,56.0,1344,CP V ARI,7 dias úmida / 56 dias ar 50% umidade,Não informado,PE,Nordeste,56 dias,-280.0,135,-305.61000000000007,25.61000000000007,25.61000000000007,retracao
0.53,340,180.20000000000002,0.0,0.0,5.5,0.6,0.5,12,CP II F 40,7 dias úmida / 56 dias ar 50% umidade,Não informado,BA,Nordeste,12 h,0.0,136,0.0,0.0,0.0,estabilidade
0.53,340,180.20000000000002,0.0,0.0,5.5,0.6,1.0,24,CP II F 40,7 dias úmida / 56 dias ar 50% umidade,Não informado,BA,Nordeste,1 dia,-60.0,136,-27.736666666666668,-32.263333333333335,32.263333333333335,retracao
0.53,340,180.20000000000002,0.0,0.0,5.5,0.6,3.0,72,CP II F 40,7 dias úmida / 56 dias ar 50% umidade,Não informado,BA,Nordeste,3 dias,-120.0,136,-63.88166666666672,-56.11833333333328,56.11833333333328,retracao
0.53,340,180.20000000000002,0.0,0.0,5.5,0.6,7.0,168,CP II F 40,7 dias úmida / 56 dias ar 50% umidade,Não informado,BA,Nordeste,7 dias,-150.0,136,-117.03000000000002,-32.969999999999985,32.969999999999985,retracao
0.53,340,180.20000000000002,0.0,0.0,5.5,0.6,14.0,336,CP II F 40,7 dias úmida / 56 dias ar 50% umidade,Não informado,BA,Nordeste,14 dias,-200.0,136,-204.0066666666667,4.006666666666689,4.006666666666689,retracao
0.53,340,180.20000000000002,0.0,0.0,5.5,0.6,28.0,672,CP II F 40,7 dias úmida / 56 dias ar 50% umidade,Não informado,BA,Nordeste,28 dias,-260.0,136,-325.9598015873017,65.95980158730168,65.95980158730168,retracao
0.53,340,180.20000000000002,0.0,0.0,5.5,0.6,56.0,1344,CP II F 40,7 dias úmida / 56 dias ar 50% umidade,Não informado,BA,Nordeste,56 dias,-410.0,136,-431.6535714285713,21.653571428571297,21.653571428571297,retracao
0.51,373,190.23,10.0,0.0,0.0,0.0,0.5,12,CP V ARI RS,7 dias úmida / 56 dias ar 50% umidade,Não informado,MG,Sudeste,12 h,0.0,137,0.19,-0.19,0.19,expansao
0.51,373,190.23,10.0,0.0,0.0,0.0,1.0,24,CP V ARI RS,7 dias úmida / 56 dias ar 50% umidade,Não informado,MG,Sudeste,1 dia,20.0,137,51.80000000000002,-31.80000000000002,31.80000000000002,expansao
0.51,373,190.23,10.0,0.0,0.0,0.0,3.0,72,CP V ARI RS,7 dias úmida / 56 dias ar 50% umidade,Não informado,MG,Sudeste,3 dias,60.0,137,88.9525,-28.9525,28.9525,expansao
0.51,373,190.23,10.0,0.0,0.0,0.0,7.0,168,CP V ARI RS,7 dias úmida / 56 dias ar 50% umidade,Não informado,MG,Sudeste,7 dias,80.0,137,110.12333333333332,-30.12333333333332,30.12333333333332,expansao
0.51,373,190.23,10.0,0.0,0.0,0.0,14.0,336,CP V ARI RS,7 dias úmida / 56 dias ar 50% umidade,Não informado,MG,Sudeste,14 dias,-60.0,137,-73.09357142857141,13.093571428571408,13.093571428571408,retracao
0.51,373,190.23,10.0,0.0,0.0,0.0,28.0,672,CP V ARI RS,7 dias úmida / 56 dias ar 50% umidade,Não informado,MG,Sudeste,28 dias,-150.0,137,-188.86499999999995,38.86499999999995,38.86499999999995,retracao
0.51,373,190.23,10.0,0.0,0.0,0.0,56.0,1344,CP V ARI RS,7 dias úmida / 56 dias ar 50% umidade,Não informado,MG,Sudeste,56 dias,-280.0,137,-270.71333333333337,-9.286666666666633,9.286666666666633,retracao
0.55,336,184.8,0.0,0.0,5.5,0.6,0.5,12,CP II E 40,7 dias úmida / 56 dias ar 50% umidade,Não informado,SP,Sudeste,12 h,0.0,138,0.0,0.0,0.0,estabilidade
0.55,336,184.8,0.0,0.0,5.5,0.6,1.0,24,CP II E 40,7 dias úmida / 56 dias ar 50% umidade,Não informado,SP,Sudeste,1 dia,-50.0,138,-48.01666666666668,-1.98333333333332,1.98333333333332,retracao
0.55,336,184.8,0.0,0.0,5.5,0.6,3.0,72,CP II E 40,7 dias úmida / 56 dias ar 50% umidade,Não informado,SP,Sudeste,3 dias,-90.0,138,-94.77666666666666,4.776666666666657,4.776666666666657,retracao
0.55,336,184.8,0.0,0.0,5.5,0.6,7.0,168,CP II E 40,7 dias úmida / 56 dias ar 50% umidade,Não informado,SP,Sudeste,7 dias,-160.0,138,-143.62166666666667,-16.37833333333333,16.37833333333333,retracao
0.55,336,184.8,0.0,0.0,5.5,0.6,14.0,336,CP II E 40,7 dias úmida / 56 dias ar 50% umidade,Não informado,SP,Sudeste,14 dias,-200.0,138,-202.63464285714284,2.634642857142836,2.634642857142836,retracao
0.55,336,184.8,0.0,0.0,5.5,0.6,28.0,672,CP II E 40,7 dias úmida / 56 dias ar 50% umidade,Não informado,SP,Sudeste,28 dias,-260.0,138,-295.3228571428571,35.32285714285712,35.32285714285712,retracao
0.55,336,184.8,0.0,0.0,5.5,0.6,56.0,1344,CP II E 40,7 dias úmida / 56 dias ar 50% umidade,Não informado,SP,Sudeste,56 dias,-410.0,138,-430.455,20.454999999999984,20.454999999999984,retracao
0.55,336,184.8,15.0,0.0,0.0,0.6,0.5,12,CP II E 40,7 dias úmida / 56 dias ar 50% umidade,Não informado,SP,Sudeste,12 h,0.0,139,0.0,0.0,0.0,estabilidade
0.55,336,184.8,15.0,0.0,0.0,0.6,1.0,24,CP II E 40,7 dias úmida / 56 dias ar 50% umidade,Não informado,SP,Sudeste,1 dia,40.0,139,37.71281746031745,2.287182539682547,2.287182539682547,expansao
0.55,336,184.8,15.0,0.0,0.0,0.6,3.0,72,CP II E 40,7 dias úmida / 56 dias ar 50% umidade,Não informado,SP,Sudeste,3 dias,100.0,139,88.35091269841273,11.649087301587272,11.649087301587272,expansao
0.55,336,184.8,15.0,0.0,0.0,0.6,7.0,168,CP II E 40,7 dias úmida / 56 dias ar 50% umidade,Não informado,SP,Sudeste,7 dias,140.0,139,139.37460317460315,0.625396825396848,0.625396825396848,expansao
0.55,336,184.8,15.0,0.0,0.0,0.6,14.0,336,CP II E 40,7 dias úmida / 56 dias ar 50% umidade,Não informado,SP,Sudeste,14 dias,-10.0,139,-8.516150793650795,-1.4838492063492055,1.4838492063492055,retracao
0.55,336,184.8,15.0,0.0,0.0,0.6,28.0,672,CP II E 40,7 dias úmida / 56 dias ar 50% umidade,Não informado,SP,Sudeste,28 dias,-80.0,139,-155.30801587301588,75.30801587301588,75.30801587301588,retracao
0.55,336,184.8,15.0,0.0,0.0,0.6,56.0,1344,CP II E 40,7 dias úmida / 56 dias ar 50% umidade,Não informado,SP,Sudeste,56 dias,-280.0,139,-301.42678571428587,21.42678571428587,21.42678571428587,retracao
0.55,336,184.8,0.0,0.0,5.5,0.6,0.5,12,CP II E 40,7 dias úmida / 56 dias ar 50% umidade,Não informado,SP,Sudeste,12 h,0.0,140,0.0,0.0,0.0,estabilidade
0.55,336,184.8,0.0,0.0,5.5,0.6,1.0,24,CP II E 40,7 dias úmida / 56 dias ar 50% umidade,Não informado,SP,Sudeste,1 dia,-50.0,140,-50.97690476190476,0.9769047619047626,0.9769047619047626,retracao
0.55,336,184.8,0.0,0.0,5.5,0.6,3.0,72,CP II E 40,7 dias úmida / 56 dias ar 50% umidade,Não informado,SP,Sudeste,3 dias,-90.0,140,-92.5888095238095,2.588809523809502,2.588809523809502,retracao
0.55,336,184.8,0.0,0.0,5.5,0.6,7.0,168,CP II E 40,7 dias úmida / 56 dias ar 50% umidade,Não informado,SP,Sudeste,7 dias,-160.0,140,-145.72166666666666,-14.278333333333336,14.278333333333336,retracao
0.55,336,184.8,0.0,0.0,5.5,0.6,14.0,336,CP II E 40,7 dias úmida / 56 dias ar 50% umidade,Não informado,SP,Sudeste,14 dias,-200.0,140,-202.295,2.2949999999999875,2.2949999999999875,retracao
0.55,336,184.8,0.0,0.0,5.5,0.6,28.0,672,CP II E 40,7 dias úmida / 56 dias ar 50% umidade,Não informado,SP,Sudeste,28 dias,-260.0,140,-279.3390476190475,19.339047619047506,19.339047619047506,retracao
0.55,336,184.8,0.0,0.0,5.5,0.6,56.0,1344,CP II E 40,7 dias úmida / 56 dias ar 50% umidade,Não informado,SP,Sudeste,56 dias,-410.0,140,-413.5383333333333,3.5383333333332985,3.5383333333332985,retracao
0.5,380,190.0,12.0,0.0,5.0,0.6,0.5,12,CP V ARI,7 dias úmida / 56 dias ar 50% umidade,Laboratório,DF,Centro Oeste,12 h,0.0,141,-0.05,0.05,0.05,retracao
0.5,380,190.0,12.0,0.0,5.0,0.6,1.0,24,CP V ARI,7 dias úmida / 56 dias ar 50% umidade,Laboratório,DF,Centro Oeste,1 dia,40.0,141,21.939999999999994,18.060000000000006,18.060000000000006,expansao
0.5,380,190.0,12.0,0.0,5.0,0.6,3.0,72,CP V ARI,7 dias úmida / 56 dias ar 50% umidade,Laboratório,DF,Centro Oeste,3 dias,70.0,141,47.44833333333333,22.55166666666667,22.55166666666667,expansao
0.5,380,190.0,12.0,0.0,5.0,0.6,7.0,168,CP V ARI,7 dias úmida / 56 dias ar 50% umidade,Laboratório,DF,Centro Oeste,7 dias,110.0,141,74.81499999999998,35.18500000000002,35.18500000000002,expansao
0.5,380,190.0,12.0,0.0,5.0,0.6,14.0,336,CP V ARI,7 dias úmida / 56 dias ar 50% umidade,Laboratório,DF,Centro Oeste,14 dias,-20.0,141,-59.48166666666666,39.48166666666666,39.48166666666666,retracao
0.5,380,190.0,12.0,0.0,5.0,0.6,28.0,672,CP V ARI,7 dias úmida / 56 dias ar 50% umidade,Laboratório,DF,Centro Oeste,28 dias,-120.0,141,-185.86666666666667,65.86666666666667,65.86666666666667,retracao
0.5,380,190.0,12.0,0.0,5.0,0.6,56.0,1344,CP V ARI,7 dias úmida / 56 dias ar 50% umidade,Laboratório,DF,Centro Oeste,56 dias,-280.0,141,-322.35500000000013,42.35500000000013,42.35500000000013,retracao
0.52,356,185.12,0.0,0.0,0.0,0.6,0.5,12,CP II E 40,7 dias úmida / 56 dias ar 50% umidade,Não informado,SP,Sudeste,12 h,0.0,142,0.0,0.0,0.0,estabilidade
0.52,356,185.12,0.0,0.0,0.0,0.6,1.0,24,CP II E 40,7 dias úmida / 56 dias ar 50% umidade,Não informado,SP,Sudeste,1 dia,-40.0,142,-20.164444444444438,-19.835555555555562,19.835555555555562,retracao
0.52,356,185.12,0.0,0.0,0.0,0.6,3.0,72,CP II E 40,7 dias úmida / 56 dias ar 50% umidade,Não informado,SP,Sudeste,3 dias,-90.0,142,-1.4075000000000009,-88.5925,88.5925,retracao
0.52,356,185.12,0.0,0.0,0.0,0.6,7.0,168,CP II E 40,7 dias úmida / 56 dias ar 50% umidade,Não informado,SP,Sudeste,7 dias,-140.0,142,-39.9761904761905,-100.02380952380949,100.02380952380949,retracao
0.52,356,185.12,0.0,0.0,0.0,0.6,14.0,336,CP II E 40,7 dias úmida / 56 dias ar 50% umidade,Não informado,SP,Sudeste,14 dias,-210.0,142,-152.00238095238103,-57.99761904761897,57.99761904761897,retracao
0.52,356,185.12,0.0,0.0,0.0,0.6,28.0,672,CP II E 40,7 dias úmida / 56 dias ar 50% umidade,Não informado,SP,Sudeste,28 dias,-290.0,142,-307.71214285714296,17.712142857142965,17.712142857142965,retracao
0.52,356,185.12,0.0,0.0,0.0,0.6,56.0,1344,CP II E 40,7 dias úmida / 56 dias ar 50% umidade,Não informado,SP,Sudeste,56 dias,-410.0,142,-450.8964285714286,40.8964285714286,40.8964285714286,retracao
0.55,336,184.8,15.0,0.0,0.0,0.6,0.5,12,CP II E 40,Não informado,Não informado,SP,Sudeste,12 h,0.0,143,0.0,0.0,0.0,estabilidade
0.55,336,184.8,15.0,0.0,0.0,0.6,1.0,24,CP II E 40,Não informado,Não informado,SP,Sudeste,1 dia,50.0,143,45.593571428571416,4.4064285714285845,4.4064285714285845,expansao
0.55,336,184.8,15.0,0.0,0.0,0.6,3.0,72,CP II E 40,Não informado,Não informado,SP,Sudeste,3 dias,90.0,143,88.57595238095234,1.4240476190476556,1.4240476190476556,expansao
0.55,336,184.8,15.0,0.0,0.0,0.6,7.0,168,CP II E 40,Não informado,Não informado,SP,Sudeste,7 dias,140.0,143,143.42968253968257,-3.429682539682574,3.429682539682574,expansao
0.55,336,184.8,15.0,0.0,0.0,0.6,14.0,336,CP II E 40,Não informado,Não informado,SP,Sudeste,14 dias,0.0,143,-15.88,15.88,15.88,retracao
0.55,336,184.8,15.0,0.0,0.0,0.6,28.0,672,CP II E 40,Não informado,Não informado,SP,Sudeste,28 dias,-120.0,143,-219.48083333333324,99.48083333333324,99.48083333333324,retracao
0.55,336,184.8,15.0,0.0,0.0,0.6,56.0,1344,CP II E 40,Não informado,Não informado,SP,Sudeste,56 dias,-280.0,143,-427.35833333333335,147.35833333333335,147.35833333333335,retracao
0.49,380,186.2,0.0,0.0,5.5,0.6,0.5,12,CP V ARI RS,7 dias úmida / 56 dias ar 50% umidade,Não informado,CE,Nordeste,12 h,0.0,144,0.0,0.0,0.0,estabilidade
0.49,380,186.2,0.0,0.0,5.5,0.6,1.0,24,CP V ARI RS,7 dias úmida / 56 dias ar 50% umidade,Não informado,CE,Nordeste,1 dia,-40.0,144,-84.8000000000001,44.8000000000001,44.8000000000001,retracao
0.49,380,186.2,0.0,0.0,5.5,0.6,3.0,72,CP V ARI RS,7 dias úmida / 56 dias ar 50% umidade,Não informado,CE,Nordeste,3 dias,-90.0,144,-102.48666666666668,12.486666666666679,12.486666666666679,retracao
0.49,380,186.2,0.0,0.0,5.5,0.6,7.0,168,CP V ARI RS,7 dias úmida / 56 dias ar 50% umidade,Não informado,CE,Nordeste,7 dias,-140.0,144,-159.92999999999995,19.92999999999995,19.92999999999995,retracao
0.49,380,186.2,0.0,0.0,5.5,0.6,14.0,336,CP V ARI RS,7 dias úmida / 56 dias ar 50% umidade,Não informado,CE,Nordeste,14 dias,-210.0,144,-242.47,32.47,32.47,retracao
0.49,380,186.2,0.0,0.0,5.5,0.6,28.0,672,CP V ARI RS,7 dias úmida / 56 dias ar 50% umidade,Não informado,CE,Nordeste,28 dias,-300.0,144,-369.27095238095245,69.27095238095245,69.27095238095245,retracao
0.49,380,186.2,0.0,0.0,5.5,0.6,56.0,1344,CP V ARI RS,7 dias úmida / 56 dias ar 50% umidade,Não informado,CE,Nordeste,56 dias,-410.0,144,-479.2716666666667,69.2716666666667,69.2716666666667,retracao
0.528,360,190.08,15.0,0.0,0.0,0.6,0.5,12,CP II F 32 RS,7 dias úmida / 56 dias ar 50% umidade,Não informado,AM,Norte,12 h,0.0,145,0.0,0.0,0.0,estabilidade
0.528,360,190.08,15.0,0.0,0.0,0.6,1.0,24,CP II F 32 RS,7 dias úmida / 56 dias ar 50% umidade,Não informado,AM,Norte,1 dia,120.0,145,50.32666666666667,69.67333333333333,69.67333333333333,expansao
0.528,360,190.08,15.0,0.0,0.0,0.6,3.0,72,CP II F 32 RS,7 dias úmida / 56 dias ar 50% umidade,Não informado,AM,Norte,3 dias,160.0,145,106.54527777777777,53.45472222222223,53.45472222222223,expansao
0.528,360,190.08,15.0,0.0,0.0,0.6,7.0,168,CP II F 32 RS,7 dias úmida / 56 dias ar 50% umidade,Não informado,AM,Norte,7 dias,200.0,145,143.25309523809526,56.746904761904744,56.746904761904744,expansao
0.528,360,190.08,15.0,0.0,0.0,0.6,14.0,336,CP II F 32 RS,7 dias úmida / 56 dias ar 50% umidade,Não informado,AM,Norte,14 dias,-30.0,145,-10.355,-19.645,19.645,retracao
0.528,360,190.08,15.0,0.0,0.0,0.6,28.0,672,CP II F 32 RS,7 dias úmida / 56 dias ar 50% umidade,Não informado,AM,Norte,28 dias,-150.0,145,-132.77666666666667,-17.22333333333333,17.22333333333333,retracao
0.528,360,190.08,15.0,0.0,0.0,0.6,56.0,1344,CP II F 32 RS,7 dias úmida / 56 dias ar 50% umidade,Não informado,AM,Norte,56 dias,-270.0,145,-292.80000000000007,22.800000000000068,22.800000000000068,retracao
0.55,336,184.8,0.0,0.0,5.5,0.0,0.5,12,CP II F 40,7 dias úmida / 56 dias ar 50% umidade,Não informado,PR,Sul,12 h,0.0,146,0.0,0.0,0.0,estabilidade
0.55,336,184.8,0.0,0.0,5.5,0.0,1.0,24,CP II F 40,7 dias úmida / 56 dias ar 50% umidade,Não informado,PR,Sul,1 dia,-30.0,146,66.68333333333325,-96.68333333333325,96.68333333333325,expansao
0.55,336,184.8,0.0,0.0,5.5,0.0,3.0,72,CP II F 40,7 dias úmida / 56 dias ar 50% umidade,Não informado,PR,Sul,3 dias,-70.0,146,78.925,-148.925,148.925,expansao
0.55,336,184.8,0.0,0.0,5.5,0.0,7.0,168,CP II F 40,7 dias úmida / 56 dias ar 50% umidade,Não informado,PR,Sul,7 dias,-110.0,146,51.99333333333334,-161.99333333333334,161.99333333333334,expansao
0.55,336,184.8,0.0,0.0,5.5,0.0,14.0,336,CP II F 40,7 dias úmida / 56 dias ar 50% umidade,Não informado,PR,Sul,14 dias,-180.0,146,-227.94,47.94,47.94,retracao
0.55,336,184.8,0.0,0.0,5.5,0.0,28.0,672,CP II F 40,7 dias úmida / 56 dias ar 50% umidade,Não informado,PR,Sul,28 dias,-270.0,146,-316.63738095238085,46.63738095238085,46.63738095238085,retracao
0.55,336,184.8,0.0,0.0,5.5,0.0,56.0,1344,CP II F 40,7 dias úmida / 56 dias ar 50% umidade,Não informado,PR,Sul,56 dias,-410.0,146,-434.7433333333332,24.743333333333226,24.743333333333226,retracao
0.54,340,183.60000000000002,12.5,25.0,0.0,0.6,0.5,12,CP II F 40,7 dias úmida / 56 dias ar 50% umidade,Laboratório,SP,Sudeste,12 h,0.0,147,0.36333333333333334,-0.36333333333333334,0.36333333333333334,expansao
0.54,340,183.60000000000002,12.5,25.0,0.0,0.6,1.0,24,CP II F 40,7 dias úmida / 56 dias ar 50% umidade,Laboratório,SP,Sudeste,1 dia,60.0,147,51.34666666666668,8.653333333333322,8.653333333333322,expansao
0.54,340,183.60000000000002,12.5,25.0,0.0,0.6,3.0,72,CP II F 40,7 dias úmida / 56 dias ar 50% umidade,Laboratório,SP,Sudeste,3 dias,100.0,147,73.82166666666667,26.178333333333327,26.178333333333327,expansao
0.54,340,183.60000000000002,12.5,25.0,0.0,0.6,7.0,168,CP II F 40,7 dias úmida / 56 dias ar 50% umidade,Laboratório,SP,Sudeste,7 dias,150.0,147,96.13214285714287,53.86785714285713,53.86785714285713,expansao
0.54,340,183.60000000000002,12.5,25.0,0.0,0.6,14.0,336,CP II F 40,7 dias úmida / 56 dias ar 50% umidade,Laboratório,SP,Sudeste,14 dias,-30.0,147,-94.37357142857145,64.37357142857145,64.37357142857145,retracao
0.54,340,183.60000000000002,12.5,25.0,0.0,0.6,28.0,672,CP II F 40,7 dias úmida / 56 dias ar 50% umidade,Laboratório,SP,Sudeste,28 dias,-150.0,147,-131.06000000000003,-18.93999999999997,18.93999999999997,retracao
0.54,340,183.60000000000002,12.5,25.0,0.0,0.6,56.0,1344,CP II F 40,7 dias úmida / 56 dias ar 50% umidade,Laboratório,SP,Sudeste,56 dias,-270.0,147,-289.4533333333335,19.45333333333349,19.45333333333349,retracao
0.52,356,185.12,0.0,0.0,0.0,0.6,0.5,12,CP II E 40,7 dias úmida / 56 dias ar 50% umidade,Não informado,PB,Nordeste,12 h,0.0,148,0.0,0.0,0.0,estabilidade
0.52,356,185.12,0.0,0.0,0.0,0.6,1.0,24,CP II E 40,7 dias úmida / 56 dias ar 50% umidade,Não informado,PB,Nordeste,1 dia,-40.0,148,-17.79777777777777,-22.20222222222223,22.20222222222223,retracao
0.52,356,185.12,0.0,0.0,0.0,0.6,3.0,72,CP II E 40,7 dias úmida / 56 dias ar 50% umidade,Não informado,PB,Nordeste,3 dias,-90.0,148,-2.17,-87.83,87.83,retracao
0.52,356,185.12,0.0,0.0,0.0,0.6,7.0,168,CP II E 40,7 dias úmida / 56 dias ar 50% umidade,Não informado,PB,Nordeste,7 dias,-140.0,148,-38.090000000000025,-101.90999999999997,101.90999999999997,retracao
0.52,356,185.12,0.0,0.0,0.0,0.6,14.0,336,CP II E 40,7 dias úmida / 56 dias ar 50% umidade,Não informado,PB,Nordeste,14 dias,-210.0,148,-150.32738095238102,-59.67261904761898,59.67261904761898,retracao
0.52,356,185.12,0.0,0.0,0.0,0.6,28.0,672,CP II E 40,7 dias úmida / 56 dias ar 50% umidade,Não informado,PB,Nordeste,28 dias,-290.0,148,-310.04809523809536,20.048095238095357,20.048095238095357,retracao
0.52,356,185.12,0.0,0.0,0.0,0.6,56.0,1344,CP II E 40,7 dias úmida / 56 dias ar 50% umidade,Não informado,PB,Nordeste,56 dias,-410.0,148,-454.74500000000006,44.74500000000006,44.74500000000006,retracao
0.53,350,185.5,15.0,0.0,0.0,0.6,0.5,12,CP V ARI,7 dias úmida / 56 dias ar 50% umidade,Não informado,SP ,Sudeste,12 h,0.0,149,0.0,0.0,0.0,estabilidade
0.53,350,185.5,15.0,0.0,0.0,0.6,1.0,24,CP V ARI,7 dias úmida / 56 dias ar 50% umidade,Não informado,SP ,Sudeste,1 dia,60.0,149,57.96333333333334,2.0366666666666617,2.0366666666666617,expansao
0.53,350,185.5,15.0,0.0,0.0,0.6,3.0,72,CP V ARI,7 dias úmida / 56 dias ar 50% umidade,Não informado,SP ,Sudeste,3 dias,110.0,149,108.30821428571426,1.6917857142857429,1.6917857142857429,expansao
0.53,350,185.5,15.0,0.0,0.0,0.6,7.0,168,CP V ARI,7 dias úmida / 56 dias ar 50% umidade,Não informado,SP ,Sudeste,7 dias,150.0,149,145.10694444444445,4.893055555555549,4.893055555555549,expansao
0.53,350,185.5,15.0,0.0,0.0,0.6,14.0,336,CP V ARI,7 dias úmida / 56 dias ar 50% umidade,Não informado,SP ,Sudeste,14 dias,50.0,149,-17.558333333333337,67.55833333333334,67.55833333333334,retracao
0.53,350,185.5,15.0,0.0,0.0,0.6,28.0,672,CP V ARI,7 dias úmida / 56 dias ar 50% umidade,Não informado,SP ,Sudeste,28 dias,-50.0,149,-144.4554761904762,94.45547619047619,94.45547619047619,retracao
0.53,350,185.5,15.0,0.0,0.0,0.6,56.0,1344,CP V ARI,7 dias úmida / 56 dias ar 50% umidade,Não informado,SP ,Sudeste,56 dias,-270.0,149,-304.17333333333323,34.17333333333323,34.17333333333323,retracao
0.55,337,185.35000000000002,0.0,25.0,0.0,0.6,0.5,12,CP II E 40,7 dias úmida / 56 dias ar 50% umidade,Laboratório,SP,Sudeste,12 h,0.0,150,0.0,0.0,0.0,estabilidade
0.55,337,185.35000000000002,0.0,25.0,0.0,0.6,1.0,24,CP II E 40,7 dias úmida / 56 dias ar 50% umidade,Laboratório,SP,Sudeste,1 dia,-50.0,150,-40.359999999999985,-9.640000000000015,9.640000000000015,retracao
0.55,337,185.35000000000002,0.0,25.0,0.0,0.6,3.0,72,CP II E 40,7 dias úmida / 56 dias ar 50% umidade,Laboratório,SP,Sudeste,3 dias,-100.0,150,-72.40968253968249,-27.590317460317507,27.590317460317507,retracao
0.55,337,185.35000000000002,0.0,25.0,0.0,0.6,7.0,168,CP II E 40,7 dias úmida / 56 dias ar 50% umidade,Laboratório,SP,Sudeste,7 dias,-160.0,150,-129.81988095238097,-30.18011904761903,30.18011904761903,retracao
0.55,337,185.35000000000002,0.0,25.0,0.0,0.6,14.0,336,CP II E 40,7 dias úmida / 56 dias ar 50% umidade,Laboratório,SP,Sudeste,14 dias,-240.0,150,-201.72499999999997,-38.275000000000034,38.275000000000034,retracao
0.55,337,185.35000000000002,0.0,25.0,0.0,0.6,28.0,672,CP II E 40,7 dias úmida / 56 dias ar 50% umidade,Laboratório,SP,Sudeste,28 dias,-310.0,150,-301.49071428571415,-8.509285714285852,8.509285714285852,retracao
0.55,337,185.35000000000002,0.0,25.0,0.0,0.6,56.0,1344,CP II E 40,7 dias úmida / 56 dias ar 50% umidade,Laboratório,SP,Sudeste,56 dias,-410.0,150,-410.5216666666667,0.5216666666667038,0.5216666666667038,retracao
0.52,370,192.4,15.0,0.0,0.0,0.6,0.5,12,CP III RS,7 dias úmida / 56 dias ar 50% umidade,Não informado,RJ,Sudeste,12 h,0.0,151,0.0,0.0,0.0,estabilidade
0.52,370,192.4,15.0,0.0,0.0,0.6,1.0,24,CP III RS,7 dias úmida / 56 dias ar 50% umidade,Não informado,RJ,Sudeste,1 dia,50.0,151,50.82000000000001,-0.8200000000000074,0.8200000000000074,expansao
0.52,370,192.4,15.0,0.0,0.0,0.6,3.0,72,CP III RS,7 dias úmida / 56 dias ar 50% umidade,Não informado,RJ,Sudeste,3 dias,110.0,151,61.762777777777785,48.237222222222215,48.237222222222215,expansao
0.52,370,192.4,15.0,0.0,0.0,0.6,7.0,168,CP III RS,7 dias úmida / 56 dias ar 50% umidade,Não informado,RJ,Sudeste,7 dias,150.0,151,60.65500000000001,89.345,89.345,expansao
0.52,370,192.4,15.0,0.0,0.0,0.6,14.0,336,CP III RS,7 dias úmida / 56 dias ar 50% umidade,Não informado,RJ,Sudeste,14 dias,30.0,151,-55.78499999999999,85.785,85.785,retracao
0.52,370,192.4,15.0,0.0,0.0,0.6,28.0,672,CP III RS,7 dias úmida / 56 dias ar 50% umidade,Não informado,RJ,Sudeste,28 dias,-90.0,151,-115.53666666666668,25.536666666666676,25.536666666666676,retracao
0.52,370,192.4,15.0,0.0,0.0,0.6,56.0,1344,CP III RS,7 dias úmida / 56 dias ar 50% umidade,Não informado,RJ,Sudeste,56 dias,-270.0,151,-284.03333333333336,14.03333333333336,14.03333333333336,retracao
0.49,380,186.2,0.0,0.0,0.0,0.6,0.5,12,CP V ARI RS,7 dias úmida / 56 dias ar 50% umidade,Não informado,RJ,Sudeste,12 h,0.0,152,0.0,0.0,0.0,estabilidade
0.49,380,186.2,0.0,0.0,0.0,0.6,1.0,24,CP V ARI RS,7 dias úmida / 56 dias ar 50% umidade,Não informado,RJ,Sudeste,1 dia,-40.0,152,-71.20499999999998,31.204999999999984,31.204999999999984,retracao
0.49,380,186.2,0.0,0.0,0.0,0.6,3.0,72,CP V ARI RS,7 dias úmida / 56 dias ar 50% umidade,Não informado,RJ,Sudeste,3 dias,-90.0,152,-124.96666666666674,34.96666666666674,34.96666666666674,retracao
0.49,380,186.2,0.0,0.0,0.0,0.6,7.0,168,CP V ARI RS,7 dias úmida / 56 dias ar 50% umidade,Não informado,RJ,Sudeste,7 dias,-120.0,152,-178.0483333333334,58.0483333333334,58.0483333333334,retracao
0.49,380,186.2,0.0,0.0,0.0,0.6,14.0,336,CP V ARI RS,7 dias úmida / 56 dias ar 50% umidade,Não informado,RJ,Sudeste,14 dias,-180.0,152,-283.30333333333346,103.30333333333346,103.30333333333346,retracao
0.49,380,186.2,0.0,0.0,0.0,0.6,28.0,672,CP V ARI RS,7 dias úmida / 56 dias ar 50% umidade,Não informado,RJ,Sudeste,28 dias,-280.0,152,-398.8802380952381,118.8802380952381,118.8802380952381,retracao
0.49,380,186.2,0.0,0.0,0.0,0.6,56.0,1344,CP V ARI RS,7 dias úmida / 56 dias ar 50% umidade,Não informado,RJ,Sudeste,56 dias,-400.0,152,-519.2566666666661,119.25666666666609,119.25666666666609,retracao
0.47,390,183.29999999999998,12.5,0.0,0.0,0.0,0.5,12,CP V ARI RS,7 dias úmida / 56 dias ar 50% umidade,Não informado,SP,Sudeste,12 h,0.0,153,2.213333333333333,-2.213333333333333,2.213333333333333,expansao
0.47,390,183.29999999999998,12.5,0.0,0.0,0.0,1.0,24,CP V ARI RS,7 dias úmida / 56 dias ar 50% umidade,Não informado,SP,Sudeste,1 dia,50.0,153,17.394047619047612,32.60595238095239,32.60595238095239,expansao
0.47,390,183.29999999999998,12.5,0.0,0.0,0.0,3.0,72,CP V ARI RS,7 dias úmida / 56 dias ar 50% umidade,Não informado,SP,Sudeste,3 dias,80.0,153,80.78166666666665,-0.7816666666666521,0.7816666666666521,expansao
0.47,390,183.29999999999998,12.5,0.0,0.0,0.0,7.0,168,CP V ARI RS,7 dias úmida / 56 dias ar 50% umidade,Não informado,SP,Sudeste,7 dias,130.0,153,114.575,15.424999999999997,15.424999999999997,expansao
0.47,390,183.29999999999998,12.5,0.0,0.0,0.0,14.0,336,CP V ARI RS,7 dias úmida / 56 dias ar 50% umidade,Não informado,SP,Sudeste,14 dias,-30.0,153,-70.60333333333332,40.603333333333325,40.603333333333325,retracao
0.47,390,183.29999999999998,12.5,0.0,0.0,0.0,28.0,672,CP V ARI RS,7 dias úmida / 56 dias ar 50% umidade,Não informado,SP,Sudeste,28 dias,-100.0,153,-172.81499999999997,72.81499999999997,72.81499999999997,retracao
0.47,390,183.29999999999998,12.5,0.0,0.0,0.0,56.0,1344,CP V ARI RS,7 dias úmida / 56 dias ar 50% umidade,Não informado,SP,Sudeste,56 dias,-270.0,153,-278.7016666666666,8.701666666666597,8.701666666666597,retracao
0.54,340,183.60000000000002,0.0,25.0,0.0,0.6,0.5,12,CP II F 40,7 dias úmida / 56 dias ar 50% umidade,Laboratório,SP,Sudeste,12 h,0.0,154,0.0,0.0,0.0,estabilidade
0.54,340,183.60000000000002,0.0,25.0,0.0,0.6,1.0,24,CP II F 40,7 dias úmida / 56 dias ar 50% umidade,Laboratório,SP,Sudeste,1 dia,-60.0,154,-37.94500000000001,-22.054999999999993,22.054999999999993,retracao
0.54,340,183.60000000000002,0.0,25.0,0.0,0.6,3.0,72,CP II F 40,7 dias úmida / 56 dias ar 50% umidade,Laboratório,SP,Sudeste,3 dias,-110.0,154,-134.04666666666665,24.046666666666653,24.046666666666653,retracao
0.54,340,183.60000000000002,0.0,25.0,0.0,0.6,7.0,168,CP II F 40,7 dias úmida / 56 dias ar 50% umidade,Laboratório,SP,Sudeste,7 dias,-150.0,154,-162.94333333333336,12.943333333333356,12.943333333333356,retracao
0.54,340,183.60000000000002,0.0,25.0,0.0,0.6,14.0,336,CP II F 40,7 dias úmida / 56 dias ar 50% umidade,Laboratório,SP,Sudeste,14 dias,-200.0,154,-233.94999999999993,33.94999999999993,33.94999999999993,retracao
0.54,340,183.60000000000002,0.0,25.0,0.0,0.6,28.0,672,CP II F 40,7 dias úmida / 56 dias ar 50% umidade,Laboratório,SP,Sudeste,28 dias,-320.0,154,-291.285,-28.714999999999975,28.714999999999975,retracao
0.54,340,183.60000000000002,0.0,25.0,0.0,0.6,56.0,1344,CP II F 40,7 dias úmida / 56 dias ar 50% umidade,Laboratório,SP,Sudeste,56 dias,-400.0,154,-390.43666666666667,-9.563333333333333,9.563333333333333,retracao
0.61,330,201.29999999999998,8.0,0.0,0.0,0.3,0.5,12,CP V ARI,7 dias úmida / 56 dias ar 50% umidade,Campo,SP,Sudeste,12 h,0.0,155,0.1,-0.1,0.1,expansao
0.61,330,201.29999999999998,8.0,0.0,0.0,0.3,1.0,24,CP V ARI,7 dias úmida / 56 dias ar 50% umidade,Campo,SP,Sudeste,1 dia,-40.0,155,34.195000000000014,-74.19500000000002,74.19500000000002,expansao
0.61,330,201.29999999999998,8.0,0.0,0.0,0.3,3.0,72,CP V ARI,7 dias úmida / 56 dias ar 50% umidade,Campo,SP,Sudeste,3 dias,-90.0,155,43.93666666666668,-133.93666666666667,133.93666666666667,expansao
0.61,330,201.29999999999998,8.0,0.0,0.0,0.3,7.0,168,CP V ARI,7 dias úmida / 56 dias ar 50% umidade,Campo,SP,Sudeste,7 dias,-430.0,155,50.74166666666667,-480.7416666666667,480.7416666666667,expansao
0.61,330,201.29999999999998,8.0,0.0,0.0,0.3,14.0,336,CP V ARI,7 dias úmida / 56 dias ar 50% umidade,Campo,SP,Sudeste,14 dias,-540.0,155,-139.30333333333334,-400.69666666666666,400.69666666666666,retracao
0.61,330,201.29999999999998,8.0,0.0,0.0,0.3,28.0,672,CP V ARI,7 dias úmida / 56 dias ar 50% umidade,Campo,SP,Sudeste,28 dias,-700.0,155,-236.26333333333335,-463.7366666666667,463.7366666666667,retracao
0.61,330,201.29999999999998,8.0,0.0,0.0,0.3,56.0,1344,CP V ARI,7 dias úmida / 56 dias ar 50% umidade,Campo,SP,Sudeste,56 dias,-910.0,155,-385.1383333333334,-524.8616666666667,524.8616666666667,retracao
0.51,373,190.23,0.0,0.0,0.0,0.0,0.5,12,CP V ARI RS,7 dias úmida / 56 dias ar 50% umidade,Não informado,MG,Sudeste,12 h,0.0,156,0.0,0.0,0.0,estabilidade
0.51,373,190.23,0.0,0.0,0.0,0.0,1.0,24,CP V ARI RS,7 dias úmida / 56 dias ar 50% umidade,Não informado,MG,Sudeste,1 dia,-50.0,156,-57.51,7.509999999999998,7.509999999999998,retracao
0.51,373,190.23,0.0,0.0,0.0,0.0,3.0,72,CP V ARI RS,7 dias úmida / 56 dias ar 50% umidade,Não informado,MG,Sudeste,3 dias,-80.0,156,-127.92166666666664,47.92166666666664,47.92166666666664,retracao
0.51,373,190.23,0.0,0.0,0.0,0.0,7.0,168,CP V ARI RS,7 dias úmida / 56 dias ar 50% umidade,Não informado,MG,Sudeste,7 dias,-120.0,156,-176.69666666666663,56.69666666666663,56.69666666666663,retracao
0.51,373,190.23,0.0,0.0,0.0,0.0,14.0,336,CP V ARI RS,7 dias úmida / 56 dias ar 50% umidade,Não informado,MG,Sudeste,14 dias,-200.0,156,-267.48,67.48000000000002,67.48000000000002,retracao
0.51,373,190.23,0.0,0.0,0.0,0.0,28.0,672,CP V ARI RS,7 dias úmida / 56 dias ar 50% umidade,Não informado,MG,Sudeste,28 dias,-280.0,156,-350.9642857142857,70.96428571428572,70.96428571428572,retracao
0.51,373,190.23,0.0,0.0,0.0,0.0,56.0,1344,CP V ARI RS,7 dias úmida / 56 dias ar 50% umidade,Não informado,MG,Sudeste,56 dias,-400.0,156,-483.1600000000001,83.16000000000008,83.16000000000008,retracao
0.62,325,201.5,0.0,0.0,0.0,0.3,0.5,12,CP V ARI,7 dias úmida / 56 dias ar 50% umidade,Laboratório,SP,Sudeste,12 h,0.0,157,0.0,0.0,0.0,estabilidade
0.62,325,201.5,0.0,0.0,0.0,0.3,1.0,24,CP V ARI,7 dias úmida / 56 dias ar 50% umidade,Laboratório,SP,Sudeste,1 dia,-40.0,157,-31.78500000000001,-8.21499999999999,8.21499999999999,retracao
0.62,325,201.5,0.0,0.0,0.0,0.3,3.0,72,CP V ARI,7 dias úmida / 56 dias ar 50% umidade,Laboratório,SP,Sudeste,3 dias,-90.0,157,-118.46666666666665,28.466666666666654,28.466666666666654,retracao
0.62,325,201.5,0.0,0.0,0.0,0.3,7.0,168,CP V ARI,7 dias úmida / 56 dias ar 50% umidade,Laboratório,SP,Sudeste,7 dias,-140.0,157,-182.6650000000001,42.665000000000106,42.665000000000106,retracao
0.62,325,201.5,0.0,0.0,0.0,0.3,14.0,336,CP V ARI,7 dias úmida / 56 dias ar 50% umidade,Laboratório,SP,Sudeste,14 dias,-190.0,157,-170.9833333333334,-19.016666666666595,19.016666666666595,retracao
0.62,325,201.5,0.0,0.0,0.0,0.3,28.0,672,CP V ARI,7 dias úmida / 56 dias ar 50% umidade,Laboratório,SP,Sudeste,28 dias,-270.0,157,-263.90666666666675,-6.0933333333332484,6.0933333333332484,retracao
0.62,325,201.5,0.0,0.0,0.0,0.3,56.0,1344,CP V ARI,7 dias úmida / 56 dias ar 50% umidade,Laboratório,SP,Sudeste,56 dias,-400.0,157,-416.5066666666667,16.506666666666717,16.506666666666717,retracao
0.53,360,190.8,0.0,0.0,0.0,0.6,0.5,12,CP V ARI,7 dias úmida / 56 dias ar 50% umidade,Não informado,DF,Centro Oeste,12 h,0.0,158,0.0,0.0,0.0,estabilidade
0.53,360,190.8,0.0,0.0,0.0,0.6,1.0,24,CP V ARI,7 dias úmida / 56 dias ar 50% umidade,Não informado,DF,Centro Oeste,1 dia,-30.0,158,-46.28166666666665,16.281666666666652,16.281666666666652,retracao
0.53,360,190.8,0.0,0.0,0.0,0.6,3.0,72,CP V ARI,7 dias úmida / 56 dias ar 50% umidade,Não informado,DF,Centro Oeste,3 dias,-80.0,158,-93.40666666666662,13.406666666666624,13.406666666666624,retracao
0.53,360,190.8,0.0,0.0,0.0,0.6,7.0,168,CP V ARI,7 dias úmida / 56 dias ar 50% umidade,Não informado,DF,Centro Oeste,7 dias,-120.0,158,-145.57571428571433,25.575714285714326,25.575714285714326,retracao
0.53,360,190.8,0.0,0.0,0.0,0.6,14.0,336,CP V ARI,7 dias úmida / 56 dias ar 50% umidade,Não informado,DF,Centro Oeste,14 dias,-190.0,158,-202.56166666666664,12.561666666666639,12.561666666666639,retracao
0.53,360,190.8,0.0,0.0,0.0,0.6,28.0,672,CP V ARI,7 dias úmida / 56 dias ar 50% umidade,Não informado,DF,Centro Oeste,28 dias,-280.0,158,-313.4666666666666,33.46666666666658,33.46666666666658,retracao
0.53,360,190.8,0.0,0.0,0.0,0.6,56.0,1344,CP V ARI,7 dias úmida / 56 dias ar 50% umidade,Não informado,DF,Centro Oeste,56 dias,-400.0,158,-428.58,28.579999999999984,28.579999999999984,retracao
0.55,336,184.8,12.5,0.0,5.5,0.0,0.5,12,CP II F 40,7 dias úmida / 56 dias ar 50% umidade,Não informado,PR,Sul,12 h,0.0,159,0.66,-0.66,0.66,expansao
0.55,336,184.8,12.5,0.0,5.5,0.0,1.0,24,CP II F 40,7 dias úmida / 56 dias ar 50% umidade,Não informado,PR,Sul,1 dia,30.0,159,20.236666666666657,9.763333333333343,9.763333333333343,expansao
0.55,336,184.8,12.5,0.0,5.5,0.0,3.0,72,CP II F 40,7 dias úmida / 56 dias ar 50% umidade,Não informado,PR,Sul,3 dias,80.0,159,147.60619047619042,-67.60619047619042,67.60619047619042,expansao
0.55,336,184.8,12.5,0.0,5.5,0.0,7.0,168,CP II F 40,7 dias úmida / 56 dias ar 50% umidade,Não informado,PR,Sul,7 dias,120.0,159,174.1241666666666,-54.12416666666661,54.12416666666661,expansao
0.55,336,184.8,12.5,0.0,5.5,0.0,14.0,336,CP II F 40,7 dias úmida / 56 dias ar 50% umidade,Não informado,PR,Sul,14 dias,-30.0,159,69.55833333333334,-99.55833333333334,99.55833333333334,expansao
0.55,336,184.8,12.5,0.0,5.5,0.0,28.0,672,CP II F 40,7 dias úmida / 56 dias ar 50% umidade,Não informado,PR,Sul,28 dias,-110.0,159,-88.77833333333332,-21.22166666666668,21.22166666666668,retracao
0.55,336,184.8,12.5,0.0,5.5,0.0,56.0,1344,CP II F 40,7 dias úmida / 56 dias ar 50% umidade,Não informado,PR,Sul,56 dias,-270.0,159,-124.44666666666666,-145.55333333333334,145.55333333333334,retracao
0.55,327,179.85000000000002,0.0,0.0,0.0,0.6,0.5,12,CP II E 40,7 dias úmida / 56 dias ar 50% umidade,Não informado,SP,Sudeste,12 h,0.0,160,0.0,0.0,0.0,estabilidade
0.55,327,179.85000000000002,0.0,0.0,0.0,0.6,1.0,24,CP II E 40,7 dias úmida / 56 dias ar 50% umidade,Não informado,SP,Sudeste,1 dia,-30.0,160,13.766666666666662,-43.766666666666666,43.766666666666666,expansao
0.55,327,179.85000000000002,0.0,0.0,0.0,0.6,3.0,72,CP II E 40,7 dias úmida / 56 dias ar 50% umidade,Não informado,SP,Sudeste,3 dias,-70.0,160,64.22499999999998,-134.22499999999997,134.22499999999997,expansao
0.55,327,179.85000000000002,0.0,0.0,0.0,0.6,7.0,168,CP II E 40,7 dias úmida / 56 dias ar 50% umidade,Não informado,SP,Sudeste,7 dias,-130.0,160,31.008571428571425,-161.00857142857143,161.00857142857143,expansao
0.55,327,179.85000000000002,0.0,0.0,0.0,0.6,14.0,336,CP II E 40,7 dias úmida / 56 dias ar 50% umidade,Não informado,SP,Sudeste,14 dias,-200.0,160,-123.79357142857147,-76.20642857142853,76.20642857142853,retracao
0.55,327,179.85000000000002,0.0,0.0,0.0,0.6,28.0,672,CP II E 40,7 dias úmida / 56 dias ar 50% umidade,Não informado,SP,Sudeste,28 dias,-280.0,160,-334.3791666666667,54.37916666666672,54.37916666666672,retracao
0.55,327,179.85000000000002,0.0,0.0,0.0,0.6,56.0,1344,CP II E 40,7 dias úmida / 56 dias ar 50% umidade,Não informado,SP,Sudeste,56 dias,-400.0,160,-449.6819047619049,49.68190476190489,49.68190476190489,retracao
0.53,360,190.8,12.0,0.0,0.0,0.0,0.5,12,CP V ARI,7 dias úmida / 56 dias ar 50% umidade,Não informado,DF,Centro Oeste,12 h,0.0,161,0.05333333333333334,-0.05333333333333334,0.05333333333333334,expansao
0.53,360,190.8,12.0,0.0,0.0,0.0,1.0,24,CP V ARI,7 dias úmida / 56 dias ar 50% umidade,Não informado,DF,Centro Oeste,1 dia,20.0,161,53.37666666666668,-33.37666666666668,33.37666666666668,expansao
0.53,360,190.8,12.0,0.0,0.0,0.0,3.0,72,CP V ARI,7 dias úmida / 56 dias ar 50% umidade,Não informado,DF,Centro Oeste,3 dias,80.0,161,100.23666666666666,-20.236666666666665,20.236666666666665,expansao
0.53,360,190.8,12.0,0.0,0.0,0.0,7.0,168,CP V ARI,7 dias úmida / 56 dias ar 50% umidade,Não informado,DF,Centro Oeste,7 dias,130.0,161,115.65999999999997,14.340000000000032,14.340000000000032,expansao
0.53,360,190.8,12.0,0.0,0.0,0.0,14.0,336,CP V ARI,7 dias úmida / 56 dias ar 50% umidade,Não informado,DF,Centro Oeste,14 dias,-30.0,161,-24.38333333333333,-5.616666666666671,5.616666666666671,retracao
0.53,360,190.8,12.0,0.0,0.0,0.0,28.0,672,CP V ARI,7 dias úmida / 56 dias ar 50% umidade,Não informado,DF,Centro Oeste,28 dias,-150.0,161,-148.43666666666667,-1.5633333333333326,1.5633333333333326,retracao
0.53,360,190.8,12.0,0.0,0.0,0.0,56.0,1344,CP V ARI,7 dias úmida / 56 dias ar 50% umidade,Não informado,DF,Centro Oeste,56 dias,-270.0,161,-279.51666666666677,9.516666666666765,9.516666666666765,retracao
0.56,340,190.4,0.0,0.0,5.5,0.6,0.5,12,Não informado,7 dias úmida / 56 dias ar 50% umidade,Não informado,AL,Nordeste,12 h,0.0,162,0.0,0.0,0.0,estabilidade
0.56,340,190.4,0.0,0.0,5.5,0.6,1.0,24,Não informado,7 dias úmida / 56 dias ar 50% umidade,Não informado,AL,Nordeste,1 dia,-30.0,162,-54.1033333333333,24.103333333333303,24.103333333333303,retracao
0.56,340,190.4,0.0,0.0,5.5,0.6,3.0,72,Não informado,7 dias úmida / 56 dias ar 50% umidade,Não informado,AL,Nordeste,3 dias,-70.0,162,-102.15333333333332,32.15333333333332,32.15333333333332,retracao
0.56,340,190.4,0.0,0.0,5.5,0.6,7.0,168,Não informado,7 dias úmida / 56 dias ar 50% umidade,Não informado,AL,Nordeste,7 dias,-120.0,162,-152.26499999999996,32.26499999999996,32.26499999999996,retracao
0.56,340,190.4,0.0,0.0,5.5,0.6,14.0,336,Não informado,7 dias úmida / 56 dias ar 50% umidade,Não informado,AL,Nordeste,14 dias,-200.0,162,-218.7566666666667,18.75666666666669,18.75666666666669,retracao
0.56,340,190.4,0.0,0.0,5.5,0.6,28.0,672,Não informado,7 dias úmida / 56 dias ar 50% umidade,Não informado,AL,Nordeste,28 dias,-280.0,162,-288.1685714285715,8.16857142857151,8.16857142857151,retracao
0.56,340,190.4,0.0,0.0,5.5,0.6,56.0,1344,Não informado,7 dias úmida / 56 dias ar 50% umidade,Não informado,AL,Nordeste,56 dias,-400.0,162,-426.2950000000001,26.295000000000073,26.295000000000073,retracao
0.54,360,194.4,15.0,0.0,0.0,0.6,0.5,12,CP V ARI,7 dias úmida / 56 dias ar 50% umidade,Não informado,DF,Centro Oeste,12 h,0.0,163,0.0,0.0,0.0,estabilidade
0.54,360,194.4,15.0,0.0,0.0,0.6,1.0,24,CP V ARI,7 dias úmida / 56 dias ar 50% umidade,Não informado,DF,Centro Oeste,1 dia,50.0,163,46.56055555555556,3.4394444444444403,3.4394444444444403,expansao
0.54,360,194.4,15.0,0.0,0.0,0.6,3.0,72,CP V ARI,7 dias úmida / 56 dias ar 50% umidade,Não informado,DF,Centro Oeste,3 dias,120.0,163,99.68265873015875,20.31734126984125,20.31734126984125,expansao
0.54,360,194.4,15.0,0.0,0.0,0.6,7.0,168,CP V ARI,7 dias úmida / 56 dias ar 50% umidade,Não informado,DF,Centro Oeste,7 dias,160.0,163,138.74333333333334,21.25666666666666,21.25666666666666,expansao
0.54,360,194.4,15.0,0.0,0.0,0.6,14.0,336,CP V ARI,7 dias úmida / 56 dias ar 50% umidade,Não informado,DF,Centro Oeste,14 dias,10.0,163,18.205,-8.204999999999998,8.204999999999998,expansao
0.54,360,194.4,15.0,0.0,0.0,0.6,28.0,672,CP V ARI,7 dias úmida / 56 dias ar 50% umidade,Não informado,DF,Centro Oeste,28 dias,-110.0,163,-126.71833333333332,16.71833333333332,16.71833333333332,retracao
0.54,360,194.4,15.0,0.0,0.0,0.6,56.0,1344,CP V ARI,7 dias úmida / 56 dias ar 50% umidade,Não informado,DF,Centro Oeste,56 dias,-270.0,163,-291.13928571428573,21.139285714285734,21.139285714285734,retracao
0.54,350,189.0,0.0,0.0,5.5,0.6,0.5,12,CP V ARI RS,7 dias úmida / 56 dias ar 50% umidade,Não informado,SP,Sudeste,12 h,0.0,164,0.0,0.0,0.0,estabilidade
0.54,350,189.0,0.0,0.0,5.5,0.6,1.0,24,CP V ARI RS,7 dias úmida / 56 dias ar 50% umidade,Não informado,SP,Sudeste,1 dia,-130.0,164,-55.94309523809524,-74.05690476190476,74.05690476190476,retracao
0.54,350,189.0,0.0,0.0,5.5,0.6,3.0,72,CP V ARI RS,7 dias úmida / 56 dias ar 50% umidade,Não informado,SP,Sudeste,3 dias,-150.0,164,-98.54166666666669,-51.458333333333314,51.458333333333314,retracao
0.54,350,189.0,0.0,0.0,5.5,0.6,7.0,168,CP V ARI RS,7 dias úmida / 56 dias ar 50% umidade,Não informado,SP,Sudeste,7 dias,-190.0,164,-165.8633333333334,-24.1366666666666,24.1366666666666,retracao
0.54,350,189.0,0.0,0.0,5.5,0.6,14.0,336,CP V ARI RS,7 dias úmida / 56 dias ar 50% umidade,Não informado,SP,Sudeste,14 dias,-230.0,164,-241.1600000000001,11.16000000000011,11.16000000000011,retracao
0.54,350,189.0,0.0,0.0,5.5,0.6,28.0,672,CP V ARI RS,7 dias úmida / 56 dias ar 50% umidade,Não informado,SP,Sudeste,28 dias,-270.0,164,-322.29999999999995,52.299999999999955,52.299999999999955,retracao
0.54,350,189.0,0.0,0.0,5.5,0.6,56.0,1344,CP V ARI RS,7 dias úmida / 56 dias ar 50% umidade,Não informado,SP,Sudeste,56 dias,-390.0,164,-442.9833333333333,52.98333333333329,52.98333333333329,retracao
0.54,344,185.76000000000002,15.0,0.0,5.5,0.6,0.5,12,CP II E 40,7 dias úmida / 56 dias ar 50% umidade,Laboratório,SP,Sudeste,12 h,0.0,165,0.2533333333333333,-0.2533333333333333,0.2533333333333333,expansao
0.54,344,185.76000000000002,15.0,0.0,5.5,0.6,1.0,24,CP II E 40,7 dias úmida / 56 dias ar 50% umidade,Laboratório,SP,Sudeste,1 dia,80.0,165,53.37904761904761,26.62095238095239,26.62095238095239,expansao
0.54,344,185.76000000000002,15.0,0.0,5.5,0.6,3.0,72,CP II E 40,7 dias úmida / 56 dias ar 50% umidade,Laboratório,SP,Sudeste,3 dias,160.0,165,85.2913095238095,74.7086904761905,74.7086904761905,expansao
0.54,344,185.76000000000002,15.0,0.0,5.5,0.6,7.0,168,CP II E 40,7 dias úmida / 56 dias ar 50% umidade,Laboratório,SP,Sudeste,7 dias,190.0,165,123.0478571428572,66.9521428571428,66.9521428571428,expansao
0.54,344,185.76000000000002,15.0,0.0,5.5,0.6,14.0,336,CP II E 40,7 dias úmida / 56 dias ar 50% umidade,Laboratório,SP,Sudeste,14 dias,50.0,165,-61.719642857142865,111.71964285714287,111.71964285714287,retracao
0.54,344,185.76000000000002,15.0,0.0,5.5,0.6,28.0,672,CP II E 40,7 dias úmida / 56 dias ar 50% umidade,Laboratório,SP,Sudeste,28 dias,-120.0,165,-160.96694444444455,40.96694444444455,40.96694444444455,retracao
0.54,344,185.76000000000002,15.0,0.0,5.5,0.6,56.0,1344,CP II E 40,7 dias úmida / 56 dias ar 50% umidade,Laboratório,SP,Sudeste,56 dias,-260.0,165,-349.0190476190477,89.01904761904768,89.01904761904768,retracao
0.5,370,185.0,0.0,0.0,0.0,0.6,0.5,12,CP V ARI RS,7 dias úmida / 56 dias ar 50% umidade,Não informado,RJ,Sudeste,12 h,0.0,166,0.0,0.0,0.0,estabilidade
0.5,370,185.0,0.0,0.0,0.0,0.6,1.0,24,CP V ARI RS,7 dias úmida / 56 dias ar 50% umidade,Não informado,RJ,Sudeste,1 dia,-90.0,166,-58.39999999999997,-31.60000000000003,31.60000000000003,retracao
0.5,370,185.0,0.0,0.0,0.0,0.6,3.0,72,CP V ARI RS,7 dias úmida / 56 dias ar 50% umidade,Não informado,RJ,Sudeste,3 dias,-120.0,166,-107.00500000000002,-12.994999999999976,12.994999999999976,retracao
0.5,370,185.0,0.0,0.0,0.0,0.6,7.0,168,CP V ARI RS,7 dias úmida / 56 dias ar 50% umidade,Não informado,RJ,Sudeste,7 dias,-150.0,166,-143.58500000000006,-6.414999999999935,6.414999999999935,retracao
0.5,370,185.0,0.0,0.0,0.0,0.6,14.0,336,CP V ARI RS,7 dias úmida / 56 dias ar 50% umidade,Não informado,RJ,Sudeste,14 dias,-180.0,166,-220.9816666666667,40.98166666666671,40.98166666666671,retracao
0.5,370,185.0,0.0,0.0,0.0,0.6,28.0,672,CP V ARI RS,7 dias úmida / 56 dias ar 50% umidade,Não informado,RJ,Sudeste,28 dias,-250.0,166,-330.8066666666666,80.80666666666662,80.80666666666662,retracao
0.5,370,185.0,0.0,0.0,0.0,0.6,56.0,1344,CP V ARI RS,7 dias úmida / 56 dias ar 50% umidade,Não informado,RJ,Sudeste,56 dias,-390.0,166,-474.8850000000002,84.88500000000022,84.88500000000022,retracao
0.55,336,184.8,15.0,0.0,5.5,0.6,0.5,12,CP II E 40,7 dias úmida / 56 dias ar 50% umidade,Não informado,SP,Sudeste,12 h,0.0,167,0.0,0.0,0.0,estabilidade
0.55,336,184.8,15.0,0.0,5.5,0.6,1.0,24,CP II E 40,7 dias úmida / 56 dias ar 50% umidade,Não informado,SP,Sudeste,1 dia,40.0,167,41.802063492063496,-1.8020634920634961,1.8020634920634961,expansao
0.55,336,184.8,15.0,0.0,5.5,0.6,3.0,72,CP II E 40,7 dias úmida / 56 dias ar 50% umidade,Não informado,SP,Sudeste,3 dias,110.0,167,100.04103174603175,9.958968253968251,9.958968253968251,expansao
0.55,336,184.8,15.0,0.0,5.5,0.6,7.0,168,CP II E 40,7 dias úmida / 56 dias ar 50% umidade,Não informado,SP,Sudeste,7 dias,150.0,167,148.2973015873016,1.7026984126983962,1.7026984126983962,expansao
0.55,336,184.8,15.0,0.0,5.5,0.6,14.0,336,CP II E 40,7 dias úmida / 56 dias ar 50% umidade,Não informado,SP,Sudeste,14 dias,0.0,167,-12.656984126984126,12.656984126984126,12.656984126984126,retracao
0.55,336,184.8,15.0,0.0,5.5,0.6,28.0,672,CP II E 40,7 dias úmida / 56 dias ar 50% umidade,Não informado,SP,Sudeste,28 dias,-110.0,167,-113.3072619047619,3.3072619047619014,3.3072619047619014,retracao
0.55,336,184.8,15.0,0.0,5.5,0.6,56.0,1344,CP II E 40,7 dias úmida / 56 dias ar 50% umidade,Não informado,SP,Sudeste,56 dias,-260.0,167,-275.2570238095238,15.257023809523787,15.257023809523787,retracao
0.53,360,190.8,0.0,0.0,0.0,0.0,0.5,12,CP V ARI,7 dias úmida / 56 dias ar 50% umidade,Não informado,DF,Centro Oeste,12 h,0.0,168,0.0,0.0,0.0,estabilidade
0.53,360,190.8,0.0,0.0,0.0,0.0,1.0,24,CP V ARI,7 dias úmida / 56 dias ar 50% umidade,Não informado,DF,Centro Oeste,1 dia,-40.0,168,-45.79166666666667,5.791666666666671,5.791666666666671,retracao
0.53,360,190.8,0.0,0.0,0.0,0.0,3.0,72,CP V ARI,7 dias úmida / 56 dias ar 50% umidade,Não informado,DF,Centro Oeste,3 dias,-80.0,168,-82.05833333333332,2.058333333333323,2.058333333333323,retracao
0.53,360,190.8,0.0,0.0,0.0,0.0,7.0,168,CP V ARI,7 dias úmida / 56 dias ar 50% umidade,Não informado,DF,Centro Oeste,7 dias,-130.0,168,-161.815,31.814999999999998,31.814999999999998,retracao
0.53,360,190.8,0.0,0.0,0.0,0.0,14.0,336,CP V ARI,7 dias úmida / 56 dias ar 50% umidade,Não informado,DF,Centro Oeste,14 dias,-170.0,168,-247.97000000000008,77.97000000000008,77.97000000000008,retracao
0.53,360,190.8,0.0,0.0,0.0,0.0,28.0,672,CP V ARI,7 dias úmida / 56 dias ar 50% umidade,Não informado,DF,Centro Oeste,28 dias,-270.0,168,-329.2316666666666,59.23166666666663,59.23166666666663,retracao
0.53,360,190.8,0.0,0.0,0.0,0.0,56.0,1344,CP V ARI,7 dias úmida / 56 dias ar 50% umidade,Não informado,DF,Centro Oeste,56 dias,-390.0,168,-467.72833333333335,77.72833333333335,77.72833333333335,retracao
0.55,336,184.8,15.0,0.0,5.5,0.6,0.5,12,CP II E 40,Não informado,Não informado,SP,Sudeste,12 h,0.0,169,0.0,0.0,0.0,estabilidade
0.55,336,184.8,15.0,0.0,5.5,0.6,1.0,24,CP II E 40,Não informado,Não informado,SP,Sudeste,1 dia,50.0,169,38.434722222222206,11.565277777777794,11.565277777777794,expansao
0.55,336,184.8,15.0,0.0,5.5,0.6,3.0,72,CP II E 40,Não informado,Não informado,SP,Sudeste,3 dias,100.0,169,80.14904761904764,19.850952380952364,19.850952380952364,expansao
0.55,336,184.8,15.0,0.0,5.5,0.6,7.0,168,CP II E 40,Não informado,Não informado,SP,Sudeste,7 dias,160.0,169,137.82031746031748,22.179682539682517,22.179682539682517,expansao
0.55,336,184.8,15.0,0.0,5.5,0.6,14.0,336,CP II E 40,Não informado,Não informado,SP,Sudeste,14 dias,10.0,169,-1.9566269841269837,11.956626984126984,11.956626984126984,retracao
0.55,336,184.8,15.0,0.0,5.5,0.6,28.0,672,CP II E 40,Não informado,Não informado,SP,Sudeste,28 dias,-100.0,169,-159.8339682539682,59.83396825396821,59.83396825396821,retracao
0.55,336,184.8,15.0,0.0,5.5,0.6,56.0,1344,CP II E 40,Não informado,Não informado,SP,Sudeste,56 dias,-260.0,169,-321.4111904761905,61.411190476190484,61.411190476190484,retracao
0.55,336,184.8,12.5,0.0,0.0,0.6,0.5,12,CP II E 40,7 dias úmida / 56 dias ar 50% umidade,Não informado,SP,Sudeste,12 h,0.0,170,0.0,0.0,0.0,estabilidade
0.55,336,184.8,12.5,0.0,0.0,0.6,1.0,24,CP II E 40,7 dias úmida / 56 dias ar 50% umidade,Não informado,SP,Sudeste,1 dia,20.0,170,49.42071428571428,-29.420714285714283,29.420714285714283,expansao
0.55,336,184.8,12.5,0.0,0.0,0.6,3.0,72,CP II E 40,7 dias úmida / 56 dias ar 50% umidade,Não informado,SP,Sudeste,3 dias,50.0,170,98.57988095238099,-48.57988095238099,48.57988095238099,expansao
0.55,336,184.8,12.5,0.0,0.0,0.6,7.0,168,CP II E 40,7 dias úmida / 56 dias ar 50% umidade,Não informado,SP,Sudeste,7 dias,60.0,170,133.58999999999995,-73.58999999999995,73.58999999999995,expansao
0.55,336,184.8,12.5,0.0,0.0,0.6,14.0,336,CP II E 40,7 dias úmida / 56 dias ar 50% umidade,Não informado,SP,Sudeste,14 dias,-120.0,170,-35.715952380952366,-84.28404761904764,84.28404761904764,retracao
0.55,336,184.8,12.5,0.0,0.0,0.6,28.0,672,CP II E 40,7 dias úmida / 56 dias ar 50% umidade,Não informado,SP,Sudeste,28 dias,-190.0,170,-184.5366666666666,-5.463333333333395,5.463333333333395,retracao
0.55,336,184.8,12.5,0.0,0.0,0.6,56.0,1344,CP II E 40,7 dias úmida / 56 dias ar 50% umidade,Não informado,SP,Sudeste,56 dias,-250.0,170,-319.9633333333335,69.96333333333348,69.96333333333348,retracao
0.51,380,193.8,10.0,25.0,5.625,0.6,0.5,12,CP V ARI RS,7 dias úmida / 56 dias ar 50% umidade,Não informado,RJ,Sudeste,12 h,0.0,171,1.6,-1.6,1.6,expansao
0.51,380,193.8,10.0,25.0,5.625,0.6,1.0,24,CP V ARI RS,7 dias úmida / 56 dias ar 50% umidade,Não informado,RJ,Sudeste,1 dia,90.0,171,67.46333333333332,22.536666666666676,22.536666666666676,expansao
0.51,380,193.8,10.0,25.0,5.625,0.6,3.0,72,CP V ARI RS,7 dias úmida / 56 dias ar 50% umidade,Não informado,RJ,Sudeste,3 dias,160.0,171,66.36666666666667,93.63333333333333,93.63333333333333,expansao
0.51,380,193.8,10.0,25.0,5.625,0.6,7.0,168,CP V ARI RS,7 dias úmida / 56 dias ar 50% umidade,Não informado,RJ,Sudeste,7 dias,310.0,171,86.08166666666666,223.91833333333335,223.91833333333335,expansao
0.51,380,193.8,10.0,25.0,5.625,0.6,14.0,336,CP V ARI RS,7 dias úmida / 56 dias ar 50% umidade,Não informado,RJ,Sudeste,14 dias,300.0,171,-75.86833333333333,375.86833333333334,375.86833333333334,retracao
0.51,380,193.8,10.0,25.0,5.625,0.6,28.0,672,CP V ARI RS,7 dias úmida / 56 dias ar 50% umidade,Não informado,RJ,Sudeste,28 dias,10.0,171,-157.50166666666672,167.50166666666672,167.50166666666672,retracao
0.51,380,193.8,10.0,25.0,5.625,0.6,56.0,1344,CP V ARI RS,7 dias úmida / 56 dias ar 50% umidade,Não informado,RJ,Sudeste,56 dias,-250.0,171,-287.9733333333333,37.9733333333333,37.9733333333333,retracao
0.55,335,184.25000000000003,0.0,0.0,5.5,0.6,0.5,12,CP II E 40,7 dias úmida / 56 dias ar 50% umidade,Laboratório,SP,Sudeste,12 h,0.0,172,0.0,0.0,0.0,estabilidade
0.55,335,184.25000000000003,0.0,0.0,5.5,0.6,1.0,24,CP II E 40,7 dias úmida / 56 dias ar 50% umidade,Laboratório,SP,Sudeste,1 dia,-40.0,172,-26.968253968253958,-13.031746031746042,13.031746031746042,retracao
0.55,335,184.25000000000003,0.0,0.0,5.5,0.6,3.0,72,CP II E 40,7 dias úmida / 56 dias ar 50% umidade,Laboratório,SP,Sudeste,3 dias,-80.0,172,-84.24277777777777,4.242777777777775,4.242777777777775,retracao
0.55,335,184.25000000000003,0.0,0.0,5.5,0.6,7.0,168,CP II E 40,7 dias úmida / 56 dias ar 50% umidade,Laboratório,SP,Sudeste,7 dias,-130.0,172,-137.57535714285714,7.575357142857143,7.575357142857143,retracao
0.55,335,184.25000000000003,0.0,0.0,5.5,0.6,14.0,336,CP II E 40,7 dias úmida / 56 dias ar 50% umidade,Laboratório,SP,Sudeste,14 dias,-190.0,172,-205.06353174603188,15.063531746031884,15.063531746031884,retracao
0.55,335,184.25000000000003,0.0,0.0,5.5,0.6,28.0,672,CP II E 40,7 dias úmida / 56 dias ar 50% umidade,Laboratório,SP,Sudeste,28 dias,-270.0,172,-258.91615079365084,-11.083849206349157,11.083849206349157,retracao
0.55,335,184.25000000000003,0.0,0.0,5.5,0.6,56.0,1344,CP II E 40,7 dias úmida / 56 dias ar 50% umidade,Laboratório,SP,Sudeste,56 dias,-390.0,172,-367.13757936507943,-22.862420634920568,22.862420634920568,retracao
0.54,340,183.60000000000002,0.0,0.0,5.5,0.6,0.5,12,CP II E 40,7 dias úmida / 56 dias ar 50% umidade,Não informado,TO,Nordeste,12 h,0.0,173,0.0,0.0,0.0,estabilidade
0.54,340,183.60000000000002,0.0,0.0,5.5,0.6,1.0,24,CP II E 40,7 dias úmida / 56 dias ar 50% umidade,Não informado,TO,Nordeste,1 dia,-30.0,173,-49.48690476190475,19.486904761904754,19.486904761904754,retracao
0.54,340,183.60000000000002,0.0,0.0,5.5,0.6,3.0,72,CP II E 40,7 dias úmida / 56 dias ar 50% umidade,Não informado,TO,Nordeste,3 dias,-80.0,173,-91.25547619047619,11.255476190476188,11.255476190476188,retracao
0.54,340,183.60000000000002,0.0,0.0,5.5,0.6,7.0,168,CP II E 40,7 dias úmida / 56 dias ar 50% umidade,Não informado,TO,Nordeste,7 dias,-130.0,173,-142.18500000000003,12.18500000000003,12.18500000000003,retracao
0.54,340,183.60000000000002,0.0,0.0,5.5,0.6,14.0,336,CP II E 40,7 dias úmida / 56 dias ar 50% umidade,Não informado,TO,Nordeste,14 dias,-190.0,173,-206.96499999999997,16.964999999999975,16.964999999999975,retracao
0.54,340,183.60000000000002,0.0,0.0,5.5,0.6,28.0,672,CP II E 40,7 dias úmida / 56 dias ar 50% umidade,Não informado,TO,Nordeste,28 dias,-270.0,173,-283.9433333333332,13.943333333333214,13.943333333333214,retracao
0.54,340,183.60000000000002,0.0,0.0,5.5,0.6,56.0,1344,CP II E 40,7 dias úmida / 56 dias ar 50% umidade,Não informado,TO,Nordeste,56 dias,-380.0,173,-420.81595238095235,40.81595238095235,40.81595238095235,retracao
0.55,336,184.8,0.0,0.0,0.0,0.6,0.5,12,CP II E 40 RS,7 dias úmida / 56 dias ar 50% umidade,Não informado,SP,Sudeste,12 h,0.0,174,0.0,0.0,0.0,estabilidade
0.55,336,184.8,0.0,0.0,0.0,0.6,1.0,24,CP II E 40 RS,7 dias úmida / 56 dias ar 50% umidade,Não informado,SP,Sudeste,1 dia,-50.0,174,-50.98666666666666,0.9866666666666575,0.9866666666666575,retracao
0.55,336,184.8,0.0,0.0,0.0,0.6,3.0,72,CP II E 40 RS,7 dias úmida / 56 dias ar 50% umidade,Não informado,SP,Sudeste,3 dias,-90.0,174,-103.29166666666666,13.291666666666657,13.291666666666657,retracao
0.55,336,184.8,0.0,0.0,0.0,0.6,7.0,168,CP II E 40 RS,7 dias úmida / 56 dias ar 50% umidade,Não informado,SP,Sudeste,7 dias,-140.0,174,-156.9161904761904,16.916190476190394,16.916190476190394,retracao
0.55,336,184.8,0.0,0.0,0.0,0.6,14.0,336,CP II E 40 RS,7 dias úmida / 56 dias ar 50% umidade,Não informado,SP,Sudeste,14 dias,-190.0,174,-214.45964285714274,24.45964285714274,24.45964285714274,retracao
0.55,336,184.8,0.0,0.0,0.0,0.6,28.0,672,CP II E 40 RS,7 dias úmida / 56 dias ar 50% umidade,Não informado,SP,Sudeste,28 dias,-250.0,174,-328.17261904761904,78.17261904761904,78.17261904761904,retracao
0.55,336,184.8,0.0,0.0,0.0,0.6,56.0,1344,CP II E 40 RS,7 dias úmida / 56 dias ar 50% umidade,Não informado,SP,Sudeste,56 dias,-380.0,174,-453.35119047619037,73.35119047619037,73.35119047619037,retracao
0.49,380,186.2,12.5,0.0,0.0,0.6,0.5,12,CP V ARI RS,7 dias úmida / 56 dias ar 50% umidade,Não informado,RJ,Sudeste,12 h,0.0,175,0.38333333333333336,-0.38333333333333336,0.38333333333333336,expansao
0.49,380,186.2,12.5,0.0,0.0,0.6,1.0,24,CP V ARI RS,7 dias úmida / 56 dias ar 50% umidade,Não informado,RJ,Sudeste,1 dia,40.0,175,28.768333333333327,11.231666666666673,11.231666666666673,expansao
0.49,380,186.2,12.5,0.0,0.0,0.6,3.0,72,CP V ARI RS,7 dias úmida / 56 dias ar 50% umidade,Não informado,RJ,Sudeste,3 dias,70.0,175,7.991666666666665,62.00833333333333,62.00833333333333,expansao
0.49,380,186.2,12.5,0.0,0.0,0.6,7.0,168,CP V ARI RS,7 dias úmida / 56 dias ar 50% umidade,Não informado,RJ,Sudeste,7 dias,100.0,175,-14.000000000000005,114.0,114.0,retracao
0.49,380,186.2,12.5,0.0,0.0,0.6,14.0,336,CP V ARI RS,7 dias úmida / 56 dias ar 50% umidade,Não informado,RJ,Sudeste,14 dias,-50.0,175,-135.19833333333338,85.19833333333338,85.19833333333338,retracao
0.49,380,186.2,12.5,0.0,0.0,0.6,28.0,672,CP V ARI RS,7 dias úmida / 56 dias ar 50% umidade,Não informado,RJ,Sudeste,28 dias,-140.0,175,-212.91333333333336,72.91333333333336,72.91333333333336,retracao
0.49,380,186.2,12.5,0.0,0.0,0.6,56.0,1344,CP V ARI RS,7 dias úmida / 56 dias ar 50% umidade,Não informado,RJ,Sudeste,56 dias,-250.0,175,-342.2899999999999,92.2899999999999,92.2899999999999,retracao
0.54,360,194.4,0.0,0.0,0.0,0.6,0.5,12,CP V ARI,7 dias úmida / 56 dias ar 50% umidade,Não informado,DF,Centro Oeste,12 h,0.0,176,0.0,0.0,0.0,estabilidade
0.54,360,194.4,0.0,0.0,0.0,0.6,1.0,24,CP V ARI,7 dias úmida / 56 dias ar 50% umidade,Não informado,DF,Centro Oeste,1 dia,-50.0,176,-46.96166666666665,-3.038333333333348,3.038333333333348,retracao
0.54,360,194.4,0.0,0.0,0.0,0.6,3.0,72,CP V ARI,7 dias úmida / 56 dias ar 50% umidade,Não informado,DF,Centro Oeste,3 dias,-90.0,176,-94.78333333333329,4.783333333333289,4.783333333333289,retracao
0.54,360,194.4,0.0,0.0,0.0,0.6,7.0,168,CP V ARI,7 dias úmida / 56 dias ar 50% umidade,Não informado,DF,Centro Oeste,7 dias,-130.0,176,-146.08738095238098,16.087380952380983,16.087380952380983,retracao
0.54,360,194.4,0.0,0.0,0.0,0.6,14.0,336,CP V ARI,7 dias úmida / 56 dias ar 50% umidade,Não informado,DF,Centro Oeste,14 dias,-190.0,176,-207.59666666666672,17.59666666666672,17.59666666666672,retracao
0.54,360,194.4,0.0,0.0,0.0,0.6,28.0,672,CP V ARI,7 dias úmida / 56 dias ar 50% umidade,Não informado,DF,Centro Oeste,28 dias,-270.0,176,-329.8533333333333,59.853333333333296,59.853333333333296,retracao
0.54,360,194.4,0.0,0.0,0.0,0.6,56.0,1344,CP V ARI,7 dias úmida / 56 dias ar 50% umidade,Não informado,DF,Centro Oeste,56 dias,-380.0,176,-440.5649999999998,60.56499999999983,60.56499999999983,retracao
0.55,337,185.35000000000002,8.0,25.0,0.0,0.6,0.5,12,CP II E 40,7 dias úmida / 56 dias ar 50% umidade,Laboratório,SP,Sudeste,12 h,0.0,177,0.125,-0.125,0.125,expansao
0.55,337,185.35000000000002,8.0,25.0,0.0,0.6,1.0,24,CP II E 40,7 dias úmida / 56 dias ar 50% umidade,Laboratório,SP,Sudeste,1 dia,0.0,177,39.1375,-39.1375,39.1375,expansao
0.55,337,185.35000000000002,8.0,25.0,0.0,0.6,3.0,72,CP II E 40,7 dias úmida / 56 dias ar 50% umidade,Laboratório,SP,Sudeste,3 dias,20.0,177,62.57500000000001,-42.57500000000001,42.57500000000001,expansao
0.55,337,185.35000000000002,8.0,25.0,0.0,0.6,7.0,168,CP II E 40,7 dias úmida / 56 dias ar 50% umidade,Laboratório,SP,Sudeste,7 dias,50.0,177,86.41285714285715,-36.41285714285715,36.41285714285715,expansao
0.55,337,185.35000000000002,8.0,25.0,0.0,0.6,14.0,336,CP II E 40,7 dias úmida / 56 dias ar 50% umidade,Laboratório,SP,Sudeste,14 dias,-110.0,177,-119.87714285714286,9.877142857142857,9.877142857142857,retracao
0.55,337,185.35000000000002,8.0,25.0,0.0,0.6,28.0,672,CP II E 40,7 dias úmida / 56 dias ar 50% umidade,Laboratório,SP,Sudeste,28 dias,-270.0,177,-214.81833333333336,-55.18166666666664,55.18166666666664,retracao
0.55,337,185.35000000000002,8.0,25.0,0.0,0.6,56.0,1344,CP II E 40,7 dias úmida / 56 dias ar 50% umidade,Laboratório,SP,Sudeste,56 dias,-360.0,177,-351.525,-8.475000000000023,8.475000000000023,retracao
0.55,336,184.8,15.0,0.0,4.0,0.6,0.5,12,CP II E 40,7 dias úmida / 56 dias ar 50% umidade,Não informado,SP,Sudeste,12 h,0.0,178,0.0,0.0,0.0,estabilidade
0.55,336,184.8,15.0,0.0,4.0,0.6,1.0,24,CP II E 40,7 dias úmida / 56 dias ar 50% umidade,Não informado,SP,Sudeste,1 dia,30.0,178,39.26845238095237,-9.268452380952368,9.268452380952368,expansao
0.55,336,184.8,15.0,0.0,4.0,0.6,3.0,72,CP II E 40,7 dias úmida / 56 dias ar 50% umidade,Não informado,SP,Sudeste,3 dias,80.0,178,94.07289682539687,-14.072896825396867,14.072896825396867,expansao
0.55,336,184.8,15.0,0.0,4.0,0.6,7.0,168,CP II E 40,7 dias úmida / 56 dias ar 50% umidade,Não informado,SP,Sudeste,7 dias,150.0,178,142.12686507936505,7.8731349206349535,7.8731349206349535,expansao
0.55,336,184.8,15.0,0.0,4.0,0.6,14.0,336,CP II E 40,7 dias úmida / 56 dias ar 50% umidade,Não informado,SP,Sudeste,14 dias,-40.0,178,-4.167103174603175,-35.83289682539682,35.83289682539682,retracao
0.55,336,184.8,15.0,0.0,4.0,0.6,28.0,672,CP II E 40,7 dias úmida / 56 dias ar 50% umidade,Não informado,SP,Sudeste,28 dias,-110.0,178,-144.71861111111113,34.71861111111113,34.71861111111113,retracao
0.55,336,184.8,15.0,0.0,4.0,0.6,56.0,1344,CP II E 40,7 dias úmida / 56 dias ar 50% umidade,Não informado,SP,Sudeste,56 dias,-250.0,178,-295.6159523809524,45.61595238095242,45.61595238095242,retracao
0.54,350,189.0,12.5,0.0,5.5,0.6,0.5,12,CP V ARI RS,7 dias úmida / 56 dias ar 50% umidade,Não informado,SP,Sudeste,12 h,0.0,179,0.0,0.0,0.0,estabilidade
0.54,350,189.0,12.5,0.0,5.5,0.6,1.0,24,CP V ARI RS,7 dias úmida / 56 dias ar 50% umidade,Não informado,SP,Sudeste,1 dia,100.0,179,51.82499999999999,48.17500000000001,48.17500000000001,expansao
0.54,350,189.0,12.5,0.0,5.5,0.6,3.0,72,CP V ARI RS,7 dias úmida / 56 dias ar 50% umidade,Não informado,SP,Sudeste,3 dias,160.0,179,76.62674603174604,83.37325396825396,83.37325396825396,expansao
0.54,350,189.0,12.5,0.0,5.5,0.6,7.0,168,CP V ARI RS,7 dias úmida / 56 dias ar 50% umidade,Não informado,SP,Sudeste,7 dias,190.0,179,115.57999999999998,74.42000000000002,74.42000000000002,expansao
0.54,350,189.0,12.5,0.0,5.5,0.6,14.0,336,CP V ARI RS,7 dias úmida / 56 dias ar 50% umidade,Não informado,SP,Sudeste,14 dias,-70.0,179,-29.387142857142848,-40.61285714285715,40.61285714285715,retracao
0.54,350,189.0,12.5,0.0,5.5,0.6,28.0,672,CP V ARI RS,7 dias úmida / 56 dias ar 50% umidade,Não informado,SP,Sudeste,28 dias,-130.0,179,-133.17500000000007,3.175000000000068,3.175000000000068,retracao
0.54,350,189.0,12.5,0.0,5.5,0.6,56.0,1344,CP V ARI RS,7 dias úmida / 56 dias ar 50% umidade,Não informado,SP,Sudeste,56 dias,-240.0,179,-294.8383333333333,54.83833333333331,54.83833333333331,retracao
0.54,344,185.76000000000002,10.0,0.0,2.236,0.0,0.5,12,CP II E 40,7 dias úmida / 56 dias ar 50% umidade,Não informado,SP,Sudeste,12 h,0.0,180,0.8133333333333332,-0.8133333333333332,0.8133333333333332,expansao
0.54,344,185.76000000000002,10.0,0.0,2.236,0.0,1.0,24,CP II E 40,7 dias úmida / 56 dias ar 50% umidade,Não informado,SP,Sudeste,1 dia,50.0,180,18.65857142857142,31.34142857142858,31.34142857142858,expansao
0.54,344,185.76000000000002,10.0,0.0,2.236,0.0,3.0,72,CP II E 40,7 dias úmida / 56 dias ar 50% umidade,Não informado,SP,Sudeste,3 dias,120.0,180,75.62833333333334,44.371666666666655,44.371666666666655,expansao
0.54,344,185.76000000000002,10.0,0.0,2.236,0.0,7.0,168,CP II E 40,7 dias úmida / 56 dias ar 50% umidade,Não informado,SP,Sudeste,7 dias,70.0,180,106.43999999999998,-36.43999999999998,36.43999999999998,expansao
0.54,344,185.76000000000002,10.0,0.0,2.236,0.0,14.0,336,CP II E 40,7 dias úmida / 56 dias ar 50% umidade,Não informado,SP,Sudeste,14 dias,-50.0,180,-55.221666666666664,5.221666666666664,5.221666666666664,retracao
0.54,344,185.76000000000002,10.0,0.0,2.236,0.0,28.0,672,CP II E 40,7 dias úmida / 56 dias ar 50% umidade,Não informado,SP,Sudeste,28 dias,-160.0,180,-188.48833333333332,28.488333333333316,28.488333333333316,retracao
0.54,344,185.76000000000002,10.0,0.0,2.236,0.0,56.0,1344,CP II E 40,7 dias úmida / 56 dias ar 50% umidade,Não informado,SP,Sudeste,56 dias,-230.0,180,-306.0995238095239,76.09952380952387,76.09952380952387,retracao
0.55,337,185.35000000000002,15.0,0.0,5.5,0.6,0.5,12,CP V ARI RS,7 dias úmida / 56 dias ar 50% umidade,Não informado,SP,Sudeste,12 h,0.0,181,2.4833333333333325,-2.4833333333333325,2.4833333333333325,expansao
0.55,337,185.35000000000002,15.0,0.0,5.5,0.6,1.0,24,CP V ARI RS,7 dias úmida / 56 dias ar 50% umidade,Não informado,SP,Sudeste,1 dia,50.0,181,53.91305555555554,-3.9130555555555375,3.9130555555555375,expansao
0.55,337,185.35000000000002,15.0,0.0,5.5,0.6,3.0,72,CP V ARI RS,7 dias úmida / 56 dias ar 50% umidade,Não informado,SP,Sudeste,3 dias,110.0,181,115.66888888888889,-5.668888888888887,5.668888888888887,expansao
0.55,337,185.35000000000002,15.0,0.0,5.5,0.6,7.0,168,CP V ARI RS,7 dias úmida / 56 dias ar 50% umidade,Não informado,SP,Sudeste,7 dias,140.0,181,158.20948412698417,-18.209484126984165,18.209484126984165,expansao
0.55,337,185.35000000000002,15.0,0.0,5.5,0.6,14.0,336,CP V ARI RS,7 dias úmida / 56 dias ar 50% umidade,Não informado,SP,Sudeste,14 dias,-50.0,181,-24.345277777777774,-25.654722222222226,25.654722222222226,retracao
0.55,337,185.35000000000002,15.0,0.0,5.5,0.6,28.0,672,CP V ARI RS,7 dias úmida / 56 dias ar 50% umidade,Não informado,SP,Sudeste,28 dias,-140.0,181,-145.68119047619047,5.681190476190466,5.681190476190466,retracao
0.55,337,185.35000000000002,15.0,0.0,5.5,0.6,56.0,1344,CP V ARI RS,7 dias úmida / 56 dias ar 50% umidade,Não informado,SP,Sudeste,56 dias,-230.0,181,-289.28309523809503,59.28309523809503,59.28309523809503,retracao
0.51,370,188.70000000000002,10.0,0.0,6.0,0.6,0.5,12,CP V ARI,7 dias úmida / 56 dias ar 50% umidade,Laboratório,SP,Sudeste,12 h,0.0,182,0.0,0.0,0.0,estabilidade
0.51,370,188.70000000000002,10.0,0.0,6.0,0.6,1.0,24,CP V ARI,7 dias úmida / 56 dias ar 50% umidade,Laboratório,SP,Sudeste,1 dia,50.0,182,26.91833333333333,23.08166666666667,23.08166666666667,expansao
0.51,370,188.70000000000002,10.0,0.0,6.0,0.6,3.0,72,CP V ARI,7 dias úmida / 56 dias ar 50% umidade,Laboratório,SP,Sudeste,3 dias,80.0,182,54.56833333333334,25.431666666666658,25.431666666666658,expansao
0.51,370,188.70000000000002,10.0,0.0,6.0,0.6,7.0,168,CP V ARI,7 dias úmida / 56 dias ar 50% umidade,Laboratório,SP,Sudeste,7 dias,100.0,182,79.75666666666665,20.243333333333354,20.243333333333354,expansao
0.51,370,188.70000000000002,10.0,0.0,6.0,0.6,14.0,336,CP V ARI,7 dias úmida / 56 dias ar 50% umidade,Laboratório,SP,Sudeste,14 dias,-50.0,182,-72.81666666666666,22.816666666666663,22.816666666666663,retracao
0.51,370,188.70000000000002,10.0,0.0,6.0,0.6,28.0,672,CP V ARI,7 dias úmida / 56 dias ar 50% umidade,Laboratório,SP,Sudeste,28 dias,-120.0,182,-192.2366666666667,72.23666666666671,72.23666666666671,retracao
0.51,370,188.70000000000002,10.0,0.0,6.0,0.6,56.0,1344,CP V ARI,7 dias úmida / 56 dias ar 50% umidade,Laboratório,SP,Sudeste,56 dias,-230.0,182,-331.5466666666668,101.5466666666668,101.5466666666668,retracao
0.51,373,190.23,15.0,0.0,0.0,0.0,0.5,12,CP V ARI RS,7 dias úmida / 56 dias ar 50% umidade,Não informado,MG,Sudeste,12 h,0.0,183,-0.06666666666666667,0.06666666666666667,0.06666666666666667,retracao
0.51,373,190.23,15.0,0.0,0.0,0.0,1.0,24,CP V ARI RS,7 dias úmida / 56 dias ar 50% umidade,Não informado,MG,Sudeste,1 dia,40.0,183,24.774999999999995,15.225000000000005,15.225000000000005,expansao
0.51,373,190.23,15.0,0.0,0.0,0.0,3.0,72,CP V ARI RS,7 dias úmida / 56 dias ar 50% umidade,Não informado,MG,Sudeste,3 dias,70.0,183,76.16499999999999,-6.164999999999992,6.164999999999992,expansao
0.51,373,190.23,15.0,0.0,0.0,0.0,7.0,168,CP V ARI RS,7 dias úmida / 56 dias ar 50% umidade,Não informado,MG,Sudeste,7 dias,110.0,183,111.66345238095238,-1.6634523809523785,1.6634523809523785,expansao
0.51,373,190.23,15.0,0.0,0.0,0.0,14.0,336,CP V ARI RS,7 dias úmida / 56 dias ar 50% umidade,Não informado,MG,Sudeste,14 dias,-30.0,183,-47.07333333333332,17.073333333333323,17.073333333333323,retracao
0.51,373,190.23,15.0,0.0,0.0,0.0,28.0,672,CP V ARI RS,7 dias úmida / 56 dias ar 50% umidade,Não informado,MG,Sudeste,28 dias,-110.0,183,-170.80833333333337,60.808333333333366,60.808333333333366,retracao
0.51,373,190.23,15.0,0.0,0.0,0.0,56.0,1344,CP V ARI RS,7 dias úmida / 56 dias ar 50% umidade,Não informado,MG,Sudeste,56 dias,-230.0,183,-278.78666666666663,48.78666666666663,48.78666666666663,retracao
0.55,336,184.8,15.0,25.0,0.0,0.6,0.5,12,CP II E 40,7 dias úmida / 56 dias ar 50% umidade,Não informado,SP,Sudeste,12 h,0.0,184,0.0,0.0,0.0,estabilidade
0.55,336,184.8,15.0,25.0,0.0,0.6,1.0,24,CP II E 40,7 dias úmida / 56 dias ar 50% umidade,Não informado,SP,Sudeste,1 dia,50.0,184,45.09630952380952,4.9036904761904765,4.9036904761904765,expansao
0.55,336,184.8,15.0,25.0,0.0,0.6,3.0,72,CP II E 40,7 dias úmida / 56 dias ar 50% umidade,Não informado,SP,Sudeste,3 dias,120.0,184,93.68535714285716,26.314642857142843,26.314642857142843,expansao
0.55,336,184.8,15.0,25.0,0.0,0.6,7.0,168,CP II E 40,7 dias úmida / 56 dias ar 50% umidade,Não informado,SP,Sudeste,7 dias,160.0,184,138.4783333333333,21.521666666666704,21.521666666666704,expansao
0.55,336,184.8,15.0,25.0,0.0,0.6,14.0,336,CP II E 40,7 dias úmida / 56 dias ar 50% umidade,Não informado,SP,Sudeste,14 dias,-10.0,184,-40.99436507936511,30.99436507936511,30.99436507936511,retracao
0.55,336,184.8,15.0,25.0,0.0,0.6,28.0,672,CP II E 40,7 dias úmida / 56 dias ar 50% umidade,Não informado,SP,Sudeste,28 dias,-80.0,184,-155.09325396825395,75.09325396825395,75.09325396825395,retracao
0.55,336,184.8,15.0,25.0,0.0,0.6,56.0,1344,CP II E 40,7 dias úmida / 56 dias ar 50% umidade,Não informado,SP,Sudeste,56 dias,-220.0,184,-305.3094047619046,85.3094047619046,85.3094047619046,retracao
0.54,340,183.60000000000002,10.0,25.0,0.0,0.6,0.5,12,CP II F 40,7 dias úmida / 56 dias ar 50% umidade,Laboratório,SP,Sudeste,12 h,0.0,185,0.03333333333333333,-0.03333333333333333,0.03333333333333333,expansao
0.54,340,183.60000000000002,10.0,25.0,0.0,0.6,1.0,24,CP II F 40,7 dias úmida / 56 dias ar 50% umidade,Laboratório,SP,Sudeste,1 dia,60.0,185,32.18333333333334,27.816666666666663,27.816666666666663,expansao
0.54,340,183.60000000000002,10.0,25.0,0.0,0.6,3.0,72,CP II F 40,7 dias úmida / 56 dias ar 50% umidade,Laboratório,SP,Sudeste,3 dias,90.0,185,72.55333333333334,17.44666666666666,17.44666666666666,expansao
0.54,340,183.60000000000002,10.0,25.0,0.0,0.6,7.0,168,CP II F 40,7 dias úmida / 56 dias ar 50% umidade,Laboratório,SP,Sudeste,7 dias,130.0,185,107.38666666666668,22.613333333333316,22.613333333333316,expansao
0.54,340,183.60000000000002,10.0,25.0,0.0,0.6,14.0,336,CP II F 40,7 dias úmida / 56 dias ar 50% umidade,Laboratório,SP,Sudeste,14 dias,-20.0,185,-10.15,-9.85,9.85,retracao
0.54,340,183.60000000000002,10.0,25.0,0.0,0.6,28.0,672,CP II F 40,7 dias úmida / 56 dias ar 50% umidade,Laboratório,SP,Sudeste,28 dias,-110.0,185,-183.39833333333337,73.39833333333337,73.39833333333337,retracao
0.54,340,183.60000000000002,10.0,25.0,0.0,0.6,56.0,1344,CP II F 40,7 dias úmida / 56 dias ar 50% umidade,Laboratório,SP,Sudeste,56 dias,-220.0,185,-301.2983333333335,81.29833333333352,81.29833333333352,retracao
0.55,336,184.8,0.0,0.0,5.5,0.6,0.5,12,CP II E 40,7 dias úmida / 56 dias ar 50% umidade,Não informado,SP,Sudeste,12 h,0.0,186,0.0,0.0,0.0,estabilidade
0.55,336,184.8,0.0,0.0,5.5,0.6,1.0,24,CP II E 40,7 dias úmida / 56 dias ar 50% umidade,Não informado,SP,Sudeste,1 dia,-40.0,186,-48.01666666666668,8.01666666666668,8.01666666666668,retracao
0.55,336,184.8,0.0,0.0,5.5,0.6,3.0,72,CP II E 40,7 dias úmida / 56 dias ar 50% umidade,Não informado,SP,Sudeste,3 dias,-80.0,186,-94.77666666666666,14.776666666666657,14.776666666666657,retracao
0.55,336,184.8,0.0,0.0,5.5,0.6,7.0,168,CP II E 40,7 dias úmida / 56 dias ar 50% umidade,Não informado,SP,Sudeste,7 dias,-120.0,186,-143.62166666666667,23.62166666666667,23.62166666666667,retracao
0.55,336,184.8,0.0,0.0,5.5,0.6,14.0,336,CP II E 40,7 dias úmida / 56 dias ar 50% umidade,Não informado,SP,Sudeste,14 dias,-180.0,186,-202.63464285714284,22.634642857142836,22.634642857142836,retracao
0.55,336,184.8,0.0,0.0,5.5,0.6,28.0,672,CP II E 40,7 dias úmida / 56 dias ar 50% umidade,Não informado,SP,Sudeste,28 dias,-260.0,186,-295.3228571428571,35.32285714285712,35.32285714285712,retracao
0.55,336,184.8,0.0,0.0,5.5,0.6,56.0,1344,CP II E 40,7 dias úmida / 56 dias ar 50% umidade,Não informado,SP,Sudeste,56 dias,-380.0,186,-430.455,50.454999999999984,50.454999999999984,retracao
0.56,340,190.4,12.0,0.0,0.0,0.6,0.5,12,CP II E,7 dias úmida / 56 dias ar 50% umidade,Não informado,PA,Norte,12 h,0.0,187,0.0,0.0,0.0,estabilidade
0.56,340,190.4,12.0,0.0,0.0,0.6,1.0,24,CP II E,7 dias úmida / 56 dias ar 50% umidade,Não informado,PA,Norte,1 dia,30.0,187,73.52166666666666,-43.52166666666666,43.52166666666666,expansao
0.56,340,190.4,12.0,0.0,0.0,0.6,3.0,72,CP II E,7 dias úmida / 56 dias ar 50% umidade,Não informado,PA,Norte,3 dias,80.0,187,101.57333333333332,-21.573333333333323,21.573333333333323,expansao
0.56,340,190.4,12.0,0.0,0.0,0.6,7.0,168,CP II E,7 dias úmida / 56 dias ar 50% umidade,Não informado,PA,Norte,7 dias,120.0,187,130.7747619047619,-10.774761904761903,10.774761904761903,expansao
0.56,340,190.4,12.0,0.0,0.0,0.6,14.0,336,CP II E,7 dias úmida / 56 dias ar 50% umidade,Não informado,PA,Norte,14 dias,-30.0,187,-45.13333333333333,15.133333333333333,15.133333333333333,retracao
0.56,340,190.4,12.0,0.0,0.0,0.6,28.0,672,CP II E,7 dias úmida / 56 dias ar 50% umidade,Não informado,PA,Norte,28 dias,-120.0,187,-160.42166666666662,40.421666666666624,40.421666666666624,retracao
0.56,340,190.4,12.0,0.0,0.0,0.6,56.0,1344,CP II E,7 dias úmida / 56 dias ar 50% umidade,Não informado,PA,Norte,56 dias,-210.0,187,-298.40333333333336,88.40333333333336,88.40333333333336,retracao
0.62,311,192.82,10.0,25.0,0.0,0.0,0.5,12,CP II F 40,7 dias úmida / 56 dias ar 50% umidade,Laboratório,BA,Nordeste,12 h,0.0,188,1.3249999999999997,-1.3249999999999997,1.3249999999999997,expansao
0.62,311,192.82,10.0,25.0,0.0,0.0,1.0,24,CP II F 40,7 dias úmida / 56 dias ar 50% umidade,Laboratório,BA,Nordeste,1 dia,30.0,188,30.53666666666667,-0.5366666666666688,0.5366666666666688,expansao
0.62,311,192.82,10.0,25.0,0.0,0.0,3.0,72,CP II F 40,7 dias úmida / 56 dias ar 50% umidade,Laboratório,BA,Nordeste,3 dias,40.0,188,42.94333333333334,-2.9433333333333422,2.9433333333333422,expansao
0.62,311,192.82,10.0,25.0,0.0,0.0,7.0,168,CP II F 40,7 dias úmida / 56 dias ar 50% umidade,Laboratório,BA,Nordeste,7 dias,60.0,188,56.1616666666667,3.8383333333333027,3.8383333333333027,expansao
0.62,311,192.82,10.0,25.0,0.0,0.0,14.0,336,CP II F 40,7 dias úmida / 56 dias ar 50% umidade,Laboratório,BA,Nordeste,14 dias,-40.0,188,50.69333333333333,-90.69333333333333,90.69333333333333,expansao
0.62,311,192.82,10.0,25.0,0.0,0.0,28.0,672,CP II F 40,7 dias úmida / 56 dias ar 50% umidade,Laboratório,BA,Nordeste,28 dias,-90.0,188,-71.51666666666674,-18.483333333333263,18.483333333333263,retracao
0.62,311,192.82,10.0,25.0,0.0,0.0,56.0,1344,CP II F 40,7 dias úmida / 56 dias ar 50% umidade,Laboratório,BA,Nordeste,56 dias,-200.0,188,-226.03333333333333,26.03333333333333,26.03333333333333,retracao
0.51,424,216.24,0.0,0.0,0.0,0.0,0.5,12,CP V ARI,7 dias úmida / 56 dias ar 50% umidade,Não informado,RN,Nordeste,12 h,0.0,189,0.0,0.0,0.0,estabilidade
0.51,424,216.24,0.0,0.0,0.0,0.0,1.0,24,CP V ARI,7 dias úmida / 56 dias ar 50% umidade,Não informado,RN,Nordeste,1 dia,10.0,189,-67.71166666666667,77.71166666666667,77.71166666666667,retracao
0.51,424,216.24,0.0,0.0,0.0,0.0,3.0,72,CP V ARI,7 dias úmida / 56 dias ar 50% umidade,Não informado,RN,Nordeste,3 dias,40.0,189,-118.06833333333333,158.06833333333333,158.06833333333333,retracao
0.51,424,216.24,0.0,0.0,0.0,0.0,7.0,168,CP V ARI,7 dias úmida / 56 dias ar 50% umidade,Não informado,RN,Nordeste,7 dias,70.0,189,-194.23999999999995,264.23999999999995,264.23999999999995,retracao
0.51,424,216.24,0.0,0.0,0.0,0.0,14.0,336,CP V ARI,7 dias úmida / 56 dias ar 50% umidade,Não informado,RN,Nordeste,14 dias,-90.0,189,-283.57666666666677,193.57666666666677,193.57666666666677,retracao
0.51,424,216.24,0.0,0.0,0.0,0.0,28.0,672,CP V ARI,7 dias úmida / 56 dias ar 50% umidade,Não informado,RN,Nordeste,28 dias,-240.0,189,-364.07166666666666,124.07166666666666,124.07166666666666,retracao
0.51,424,216.24,0.0,0.0,0.0,0.0,56.0,1344,CP V ARI,7 dias úmida / 56 dias ar 50% umidade,Não informado,RN,Nordeste,56 dias,-380.0,189,-484.2783333333332,104.2783333333332,104.2783333333332,retracao
0.54,344,185.76000000000002,0.0,0.0,5.5,0.6,0.5,12,CP II E 40,7 dias úmida / 56 dias ar 50% umidade,Laboratório,SP,Sudeste,12 h,0.0,190,0.0,0.0,0.0,estabilidade
0.54,344,185.76000000000002,0.0,0.0,5.5,0.6,1.0,24,CP II E 40,7 dias úmida / 56 dias ar 50% umidade,Laboratório,SP,Sudeste,1 dia,-20.0,190,-27.42920634920634,7.429206349206339,7.429206349206339,retracao
0.54,344,185.76000000000002,0.0,0.0,5.5,0.6,3.0,72,CP II E 40,7 dias úmida / 56 dias ar 50% umidade,Laboratório,SP,Sudeste,3 dias,-60.0,190,-85.40277777777776,25.402777777777757,25.402777777777757,retracao
0.54,344,185.76000000000002,0.0,0.0,5.5,0.6,7.0,168,CP II E 40,7 dias úmida / 56 dias ar 50% umidade,Laboratório,SP,Sudeste,7 dias,-80.0,190,-152.21392857142865,72.21392857142865,72.21392857142865,retracao
0.54,344,185.76000000000002,0.0,0.0,5.5,0.6,14.0,336,CP II E 40,7 dias úmida / 56 dias ar 50% umidade,Laboratório,SP,Sudeste,14 dias,-160.0,190,-216.99519841269847,56.99519841269847,56.99519841269847,retracao
0.54,344,185.76000000000002,0.0,0.0,5.5,0.6,28.0,672,CP II E 40,7 dias úmida / 56 dias ar 50% umidade,Laboratório,SP,Sudeste,28 dias,-250.0,190,-253.39876984126985,3.3987698412698535,3.3987698412698535,retracao
0.54,344,185.76000000000002,0.0,0.0,5.5,0.6,56.0,1344,CP II E 40,7 dias úmida / 56 dias ar 50% umidade,Laboratório,SP,Sudeste,56 dias,-350.0,190,-368.1392460317461,18.139246031746097,18.139246031746097,retracao
0.55,332,182.60000000000002,25.0,,0.0,0.6,0.5,12,CP III RS,7 dias úmida / 56 dias ar 50% umidade,Não informado,RJ,Sudeste,12 h,0.0,191,157.50833333333335,-157.50833333333335,157.50833333333335,expansao
0.55,332,182.60000000000002,25.0,,0.0,0.6,1.0,24,CP III RS,7 dias úmida / 56 dias ar 50% umidade,Não informado,RJ,Sudeste,1 dia,20.0,191,214.33999999999992,-194.33999999999992,194.33999999999992,expansao
0.55,332,182.60000000000002,25.0,,0.0,0.6,3.0,72,CP III RS,7 dias úmida / 56 dias ar 50% umidade,Não informado,RJ,Sudeste,3 dias,60.0,191,410.54166666666674,-350.54166666666674,350.54166666666674,expansao
0.55,332,182.60000000000002,25.0,,0.0,0.6,7.0,168,CP III RS,7 dias úmida / 56 dias ar 50% umidade,Não informado,RJ,Sudeste,7 dias,90.0,191,453.175,-363.175,363.175,expansao
0.55,332,182.60000000000002,25.0,,0.0,0.6,14.0,336,CP III RS,7 dias úmida / 56 dias ar 50% umidade,Não informado,RJ,Sudeste,14 dias,-30.0,191,327.45999999999987,-357.45999999999987,357.45999999999987,expansao
0.55,332,182.60000000000002,25.0,,0.0,0.6,28.0,672,CP III RS,7 dias úmida / 56 dias ar 50% umidade,Não informado,RJ,Sudeste,28 dias,-110.0,191,184.45666666666668,-294.4566666666667,294.4566666666667,expansao
0.55,332,182.60000000000002,25.0,,0.0,0.6,56.0,1344,CP III RS,7 dias úmida / 56 dias ar 50% umidade,Não informado,RJ,Sudeste,56 dias,-250.0,191,-73.19999999999995,-176.80000000000007,176.80000000000007,retracao
0.55,332,182.60000000000002,25.0,0.0,0.0,0.6,0.5,12,CP III RS,7 dias úmida / 56 dias ar 50% umidade,Não informado,RJ,Sudeste,12 h,0.0,192,11.955,-11.955,11.955,expansao
0.55,332,182.60000000000002,25.0,0.0,0.0,0.6,1.0,24,CP III RS,7 dias úmida / 56 dias ar 50% umidade,Não informado,RJ,Sudeste,1 dia,220.0,192,51.18642857142855,168.81357142857144,168.81357142857144,expansao
0.55,332,182.60000000000002,25.0,0.0,0.0,0.6,3.0,72,CP III RS,7 dias úmida / 56 dias ar 50% umidade,Não informado,RJ,Sudeste,3 dias,420.0,192,109.33857142857143,310.6614285714286,310.6614285714286,expansao
0.55,332,182.60000000000002,25.0,0.0,0.0,0.6,7.0,168,CP III RS,7 dias úmida / 56 dias ar 50% umidade,Não informado,RJ,Sudeste,7 dias,620.0,192,162.9552380952381,457.0447619047619,457.0447619047619,expansao
0.55,332,182.60000000000002,25.0,0.0,0.0,0.6,14.0,336,CP III RS,7 dias úmida / 56 dias ar 50% umidade,Não informado,RJ,Sudeste,14 dias,440.0,192,133.15871212121215,306.84128787878785,306.84128787878785,expansao
0.55,332,182.60000000000002,25.0,0.0,0.0,0.6,28.0,672,CP III RS,7 dias úmida / 56 dias ar 50% umidade,Não informado,RJ,Sudeste,28 dias,270.0,192,144.95880952380952,125.04119047619048,125.04119047619048,expansao
0.55,332,182.60000000000002,25.0,0.0,0.0,0.6,56.0,1344,CP III RS,7 dias úmida / 56 dias ar 50% umidade,Não informado,RJ,Sudeste,56 dias,140.0,192,-57.10166666666666,197.10166666666666,197.10166666666666,retracao
0.55,332,182.60000000000002,30.0,,0.0,0.6,0.5,12,CP III RS,7 dias úmida / 56 dias ar 50% umidade,Não informado,RJ,Sudeste,12 h,0.0,193,154.8,-154.8,154.8,expansao
0.55,332,182.60000000000002,30.0,,0.0,0.6,1.0,24,CP III RS,7 dias úmida / 56 dias ar 50% umidade,Não informado,RJ,Sudeste,1 dia,160.0,193,405.5,-245.5,245.5,expansao
0.55,332,182.60000000000002,30.0,,0.0,0.6,3.0,72,CP III RS,7 dias úmida / 56 dias ar 50% umidade,Não informado,RJ,Sudeste,3 dias,380.0,193,492.6000000000003,-112.6000000000003,112.6000000000003,expansao
0.55,332,182.60000000000002,30.0,,0.0,0.6,7.0,168,CP III RS,7 dias úmida / 56 dias ar 50% umidade,Não informado,RJ,Sudeste,7 dias,760.0,193,538.7866666666667,221.21333333333325,221.21333333333325,expansao
0.55,332,182.60000000000002,30.0,,0.0,0.6,14.0,336,CP III RS,7 dias úmida / 56 dias ar 50% umidade,Não informado,RJ,Sudeste,14 dias,610.0,193,388.26666666666665,221.73333333333335,221.73333333333335,expansao
0.55,332,182.60000000000002,30.0,,0.0,0.6,28.0,672,CP III RS,7 dias úmida / 56 dias ar 50% umidade,Não informado,RJ,Sudeste,28 dias,370.0,193,135.56666666666658,234.43333333333342,234.43333333333342,expansao
0.55,332,182.60000000000002,30.0,,0.0,0.6,56.0,1344,CP III RS,7 dias úmida / 56 dias ar 50% umidade,Não informado,RJ,Sudeste,56 dias,70.0,193,-15.613333333333353,85.61333333333336,85.61333333333336,retracao
0.55,332,182.60000000000002,30.0,0.0,0.0,0.6,0.5,12,CP III RS,7 dias úmida / 56 dias ar 50% umidade,Não informado,RJ,Sudeste,12 h,0.0,194,164.805,-164.805,164.805,expansao
0.55,332,182.60000000000002,30.0,0.0,0.0,0.6,1.0,24,CP III RS,7 dias úmida / 56 dias ar 50% umidade,Não informado,RJ,Sudeste,1 dia,220.0,194,218.76999999999992,1.230000000000075,1.230000000000075,expansao
0.55,332,182.60000000000002,30.0,0.0,0.0,0.6,3.0,72,CP III RS,7 dias úmida / 56 dias ar 50% umidade,Não informado,RJ,Sudeste,3 dias,700.0,194,417.47166666666664,282.52833333333336,282.52833333333336,expansao
0.55,332,182.60000000000002,30.0,0.0,0.0,0.6,7.0,168,CP III RS,7 dias úmida / 56 dias ar 50% umidade,Não informado,RJ,Sudeste,7 dias,910.0,194,461.38833333333343,448.61166666666657,448.61166666666657,expansao
0.55,332,182.60000000000002,30.0,0.0,0.0,0.6,14.0,336,CP III RS,7 dias úmida / 56 dias ar 50% umidade,Não informado,RJ,Sudeste,14 dias,720.0,194,337.84999999999985,382.15000000000015,382.15000000000015,expansao
0.55,332,182.60000000000002,30.0,0.0,0.0,0.6,28.0,672,CP III RS,7 dias úmida / 56 dias ar 50% umidade,Não informado,RJ,Sudeste,28 dias,430.0,194,184.45666666666668,245.54333333333332,245.54333333333332,expansao
0.55,332,182.60000000000002,30.0,0.0,0.0,0.6,56.0,1344,CP III RS,7 dias úmida / 56 dias ar 50% umidade,Não informado,RJ,Sudeste,56 dias,120.0,194,-73.19999999999995,193.19999999999993,193.19999999999993,retracao
0.456,390,177.84,0.0,25.0,5.65,0.0,0.5,12,CP II Z 32,7 dias úmida / 56 dias ar 50% umidade,Laboratório,RS,Sul,12 h,0.0,195,0.0,0.0,0.0,estabilidade
0.456,390,177.84,0.0,25.0,5.65,0.0,1.0,24,CP II Z 32,7 dias úmida / 56 dias ar 50% umidade,Laboratório,RS,Sul,1 dia,0.0,195,40.0,-40.0,40.0,expansao
0.456,390,177.84,0.0,25.0,5.65,0.0,3.0,72,CP II Z 32,7 dias úmida / 56 dias ar 50% umidade,Laboratório,RS,Sul,3 dias,130.0,195,34.24999999999998,95.75000000000003,95.75000000000003,expansao
0.456,390,177.84,0.0,25.0,5.65,0.0,7.0,168,CP II Z 32,7 dias úmida / 56 dias ar 50% umidade,Laboratório,RS,Sul,7 dias,140.0,195,5.75,134.25,134.25,expansao
0.456,390,177.84,0.0,25.0,5.65,0.0,14.0,336,CP II Z 32,7 dias úmida / 56 dias ar 50% umidade,Laboratório,RS,Sul,14 dias,-30.0,195,-129.23333333333332,99.23333333333332,99.23333333333332,retracao
0.456,390,177.84,0.0,25.0,5.65,0.0,28.0,672,CP II Z 32,7 dias úmida / 56 dias ar 50% umidade,Laboratório,RS,Sul,28 dias,-100.0,195,-250.32833333333332,150.32833333333332,150.32833333333332,retracao
0.456,390,177.84,0.0,25.0,5.65,0.0,56.0,1344,CP II Z 32,7 dias úmida / 56 dias ar 50% umidade,Laboratório,RS,Sul,56 dias,-230.0,195,-324.4666666666668,94.46666666666681,94.46666666666681,retracao
0.62,311,192.82,10.0,25.0,0.0,0.0,0.5,12,CP II F 40,7 dias úmida / 56 dias ar 50% umidade,Não informado,BA,Nordeste,12 h,0.0,196,-0.09,0.09,0.09,retracao
0.62,311,192.82,10.0,25.0,0.0,0.0,1.0,24,CP II F 40,7 dias úmida / 56 dias ar 50% umidade,Não informado,BA,Nordeste,1 dia,30.0,196,32.17880952380951,-2.1788095238095124,2.1788095238095124,expansao
0.62,311,192.82,10.0,25.0,0.0,0.0,3.0,72,CP II F 40,7 dias úmida / 56 dias ar 50% umidade,Não informado,BA,Nordeste,3 dias,40.0,196,68.25333333333334,-28.253333333333345,28.253333333333345,expansao
0.62,311,192.82,10.0,25.0,0.0,0.0,7.0,168,CP II F 40,7 dias úmida / 56 dias ar 50% umidade,Não informado,BA,Nordeste,7 dias,60.0,196,82.52666666666669,-22.526666666666685,22.526666666666685,expansao
0.62,311,192.82,10.0,25.0,0.0,0.0,14.0,336,CP II F 40,7 dias úmida / 56 dias ar 50% umidade,Não informado,BA,Nordeste,14 dias,-40.0,196,27.718809523809522,-67.71880952380953,67.71880952380953,expansao
0.62,311,192.82,10.0,25.0,0.0,0.0,28.0,672,CP II F 40,7 dias úmida / 56 dias ar 50% umidade,Não informado,BA,Nordeste,28 dias,-90.0,196,-98.27,8.269999999999996,8.269999999999996,retracao
0.62,311,192.82,10.0,25.0,0.0,0.0,56.0,1344,CP II F 40,7 dias úmida / 56 dias ar 50% umidade,Não informado,BA,Nordeste,56 dias,-200.0,196,-261.3547619047618,61.3547619047618,61.3547619047618,retracao
0.454,390,177.06,0.0,25.0,5.65,0.0,0.5,12,CP II Z 32,7 dias úmida / 56 dias ar 50% umidade,Laboratório,RS,Sul,12 h,0.0,197,0.0,0.0,0.0,estabilidade
0.454,390,177.06,0.0,25.0,5.65,0.0,1.0,24,CP II Z 32,7 dias úmida / 56 dias ar 50% umidade,Laboratório,RS,Sul,1 dia,0.0,197,64.78333333333326,-64.78333333333326,64.78333333333326,expansao
0.454,390,177.06,0.0,25.0,5.65,0.0,3.0,72,CP II Z 32,7 dias úmida / 56 dias ar 50% umidade,Laboratório,RS,Sul,3 dias,70.0,197,78.925,-8.924999999999997,8.924999999999997,expansao
0.454,390,177.06,0.0,25.0,5.65,0.0,7.0,168,CP II Z 32,7 dias úmida / 56 dias ar 50% umidade,Laboratório,RS,Sul,7 dias,80.0,197,59.06666666666667,20.93333333333333,20.93333333333333,expansao
0.454,390,177.06,0.0,25.0,5.65,0.0,14.0,336,CP II Z 32,7 dias úmida / 56 dias ar 50% umidade,Laboratório,RS,Sul,14 dias,-80.0,197,-90.69999999999999,10.699999999999989,10.699999999999989,retracao
0.454,390,177.06,0.0,25.0,5.65,0.0,28.0,672,CP II Z 32,7 dias úmida / 56 dias ar 50% umidade,Laboratório,RS,Sul,28 dias,-150.0,197,-207.32833333333332,57.32833333333332,57.32833333333332,retracao
0.454,390,177.06,0.0,25.0,5.65,0.0,56.0,1344,CP II Z 32,7 dias úmida / 56 dias ar 50% umidade,Laboratório,RS,Sul,56 dias,-220.0,197,-318.8183333333334,98.81833333333338,98.81833333333338,retracao
0.456,390,177.84,10.0,25.0,5.65,0.0,0.5,12,CP II Z 32,7 dias úmida / 56 dias ar 50% umidade,Laboratório,RS,Sul,12 h,0.0,198,0.16666666666666674,-0.16666666666666674,0.16666666666666674,expansao
0.456,390,177.84,10.0,25.0,5.65,0.0,1.0,24,CP II Z 32,7 dias úmida / 56 dias ar 50% umidade,Laboratório,RS,Sul,1 dia,0.0,198,4.875000000000001,-4.875000000000001,4.875000000000001,expansao
0.456,390,177.84,10.0,25.0,5.65,0.0,3.0,72,CP II Z 32,7 dias úmida / 56 dias ar 50% umidade,Laboratório,RS,Sul,3 dias,160.0,198,211.39166666666668,-51.39166666666668,51.39166666666668,expansao
0.456,390,177.84,10.0,25.0,5.65,0.0,7.0,168,CP II Z 32,7 dias úmida / 56 dias ar 50% umidade,Laboratório,RS,Sul,7 dias,180.0,198,217.02666666666676,-37.026666666666756,37.026666666666756,expansao
0.456,390,177.84,10.0,25.0,5.65,0.0,14.0,336,CP II Z 32,7 dias úmida / 56 dias ar 50% umidade,Laboratório,RS,Sul,14 dias,40.0,198,51.32833333333331,-11.328333333333312,11.328333333333312,expansao
0.456,390,177.84,10.0,25.0,5.65,0.0,28.0,672,CP II Z 32,7 dias úmida / 56 dias ar 50% umidade,Laboratório,RS,Sul,28 dias,-60.0,198,-81.76500000000001,21.765000000000015,21.765000000000015,retracao
0.456,390,177.84,10.0,25.0,5.65,0.0,56.0,1344,CP II Z 32,7 dias úmida / 56 dias ar 50% umidade,Laboratório,RS,Sul,56 dias,-130.0,198,-126.67999999999996,-3.320000000000036,3.320000000000036,retracao
0.54,355,191.70000000000002,0.0,25.0,0.0,0.6,0.5,12,CP II F 32,7 dias úmida / 56 dias ar 50% umidade,Laboratório,SC,Sul,12 h,0.0,199,0.0,0.0,0.0,estabilidade
0.54,355,191.70000000000002,0.0,25.0,0.0,0.6,1.0,24,CP II F 32,7 dias úmida / 56 dias ar 50% umidade,Laboratório,SC,Sul,1 dia,130.0,199,-35.67166666666666,165.67166666666665,165.67166666666665,retracao
0.54,355,191.70000000000002,0.0,25.0,0.0,0.6,3.0,72,CP II F 32,7 dias úmida / 56 dias ar 50% umidade,Laboratório,SC,Sul,3 dias,80.0,199,-77.75833333333333,157.75833333333333,157.75833333333333,retracao
0.54,355,191.70000000000002,0.0,25.0,0.0,0.6,7.0,168,CP II F 32,7 dias úmida / 56 dias ar 50% umidade,Laboratório,SC,Sul,7 dias,30.0,199,-64.94166666666666,94.94166666666666,94.94166666666666,retracao
0.54,355,191.70000000000002,0.0,25.0,0.0,0.6,14.0,336,CP II F 32,7 dias úmida / 56 dias ar 50% umidade,Laboratório,SC,Sul,14 dias,-40.0,199,-141.92000000000002,101.92000000000002,101.92000000000002,retracao
0.54,355,191.70000000000002,0.0,25.0,0.0,0.6,28.0,672,CP II F 32,7 dias úmida / 56 dias ar 50% umidade,Laboratório,SC,Sul,28 dias,-150.0,199,-231.71333333333337,81.71333333333337,81.71333333333337,retracao
0.54,355,191.70000000000002,0.0,25.0,0.0,0.6,56.0,1344,CP II F 32,7 dias úmida / 56 dias ar 50% umidade,Laboratório,SC,Sul,56 dias,-200.0,199,-340.2366666666665,140.2366666666665,140.2366666666665,retracao
0.456,390,177.84,12.5,25.0,5.65,0.0,0.5,12,CP II Z 32,7 dias úmida / 56 dias ar 50% umidade,Laboratório,RS,Sul,12 h,0.0,200,1.8616666666666675,-1.8616666666666675,1.8616666666666675,expansao
0.456,390,177.84,12.5,25.0,5.65,0.0,1.0,24,CP II Z 32,7 dias úmida / 56 dias ar 50% umidade,Laboratório,RS,Sul,1 dia,0.0,200,43.87833333333333,-43.87833333333333,43.87833333333333,expansao
0.456,390,177.84,12.5,25.0,5.65,0.0,3.0,72,CP II Z 32,7 dias úmida / 56 dias ar 50% umidade,Laboratório,RS,Sul,3 dias,200.0,200,106.26000000000002,93.73999999999998,93.73999999999998,expansao
0.456,390,177.84,12.5,25.0,5.65,0.0,7.0,168,CP II Z 32,7 dias úmida / 56 dias ar 50% umidade,Laboratório,RS,Sul,7 dias,230.0,200,136.32,93.68,93.68,expansao
0.456,390,177.84,12.5,25.0,5.65,0.0,14.0,336,CP II Z 32,7 dias úmida / 56 dias ar 50% umidade,Laboratório,RS,Sul,14 dias,100.0,200,51.52166666666666,48.47833333333334,48.47833333333334,expansao
0.456,390,177.84,12.5,25.0,5.65,0.0,28.0,672,CP II Z 32,7 dias úmida / 56 dias ar 50% umidade,Laboratório,RS,Sul,28 dias,-20.0,200,-94.635,74.635,74.635,retracao
0.456,390,177.84,12.5,25.0,5.65,0.0,56.0,1344,CP II Z 32,7 dias úmida / 56 dias ar 50% umidade,Laboratório,RS,Sul,56 dias,-80.0,200,-219.42666666666656,139.42666666666656,139.42666666666656,retracao
0.6,339,203.4,0.0,25.0,0.0,0.6,0.5,12,CP II E 40,7 dias úmida / 56 dias ar 50% umidade,Laboratório,SP,Sudeste,12 h,0.0,201,0.0,0.0,0.0,estabilidade
0.6,339,203.4,0.0,25.0,0.0,0.6,1.0,24,CP II E 40,7 dias úmida / 56 dias ar 50% umidade,Laboratório,SP,Sudeste,1 dia,90.0,201,-42.8890476190476,132.8890476190476,132.8890476190476,retracao
0.6,339,203.4,0.0,25.0,0.0,0.6,3.0,72,CP II E 40,7 dias úmida / 56 dias ar 50% umidade,Laboratório,SP,Sudeste,3 dias,150.0,201,-79.87825396825394,229.87825396825394,229.87825396825394,retracao
0.6,339,203.4,0.0,25.0,0.0,0.6,7.0,168,CP II E 40,7 dias úmida / 56 dias ar 50% umidade,Laboratório,SP,Sudeste,7 dias,210.0,201,-149.32797619047625,359.32797619047625,359.32797619047625,retracao
0.6,339,203.4,0.0,25.0,0.0,0.6,14.0,336,CP II E 40,7 dias úmida / 56 dias ar 50% umidade,Laboratório,SP,Sudeste,14 dias,40.0,201,-234.95333333333332,274.9533333333333,274.9533333333333,retracao
0.6,339,203.4,0.0,25.0,0.0,0.6,28.0,672,CP II E 40,7 dias úmida / 56 dias ar 50% umidade,Laboratório,SP,Sudeste,28 dias,-90.0,201,-336.88928571428573,246.88928571428573,246.88928571428573,retracao
0.6,339,203.4,0.0,25.0,0.0,0.6,56.0,1344,CP II E 40,7 dias úmida / 56 dias ar 50% umidade,Laboratório,SP,Sudeste,56 dias,-140.0,201,-434.3502380952382,294.3502380952382,294.3502380952382,retracao
0.5,380,190.0,8.0,0.0,5.0,0.6,0.5,12,CP V ARI,7 dias úmida / 56 dias ar 50% umidade,Laboratório,DF,Centro Oeste,12 h,0.0,202,-0.05833333333333334,0.05833333333333334,0.05833333333333334,retracao
0.5,380,190.0,8.0,0.0,5.0,0.6,1.0,24,CP V ARI,7 dias úmida / 56 dias ar 50% umidade,Laboratório,DF,Centro Oeste,1 dia,10.0,202,41.834999999999994,-31.834999999999994,31.834999999999994,expansao
0.5,380,190.0,8.0,0.0,5.0,0.6,3.0,72,CP V ARI,7 dias úmida / 56 dias ar 50% umidade,Laboratório,DF,Centro Oeste,3 dias,30.0,202,65.22666666666667,-35.226666666666674,35.226666666666674,expansao
0.5,380,190.0,8.0,0.0,5.0,0.6,7.0,168,CP V ARI,7 dias úmida / 56 dias ar 50% umidade,Laboratório,DF,Centro Oeste,7 dias,70.0,202,81.91111111111114,-11.91111111111114,11.91111111111114,expansao
0.5,380,190.0,8.0,0.0,5.0,0.6,14.0,336,CP V ARI,7 dias úmida / 56 dias ar 50% umidade,Laboratório,DF,Centro Oeste,14 dias,-80.0,202,-62.0452380952381,-17.954761904761902,17.954761904761902,retracao
0.5,380,190.0,8.0,0.0,5.0,0.6,28.0,672,CP V ARI,7 dias úmida / 56 dias ar 50% umidade,Laboratório,DF,Centro Oeste,28 dias,-230.0,202,-175.06499999999997,-54.93500000000003,54.93500000000003,retracao
0.5,380,190.0,8.0,0.0,5.0,0.6,56.0,1344,CP V ARI,7 dias úmida / 56 dias ar 50% umidade,Laboratório,DF,Centro Oeste,56 dias,-350.0,202,-305.8483333333333,-44.1516666666667,44.1516666666667,retracao
0.482,390,187.98,15.0,25.0,5.65,0.0,0.5,12,CP II Z 32,7 dias úmida / 56 dias ar 50% umidade,Laboratório,RS,Sul,12 h,0.0,203,0.953333333333333,-0.953333333333333,0.953333333333333,expansao
0.482,390,187.98,15.0,25.0,5.65,0.0,1.0,24,CP II Z 32,7 dias úmida / 56 dias ar 50% umidade,Laboratório,RS,Sul,1 dia,0.0,203,46.9102380952381,-46.9102380952381,46.9102380952381,expansao
0.482,390,187.98,15.0,25.0,5.65,0.0,3.0,72,CP II Z 32,7 dias úmida / 56 dias ar 50% umidade,Laboratório,RS,Sul,3 dias,230.0,203,88.10333333333332,141.89666666666668,141.89666666666668,expansao
0.482,390,187.98,15.0,25.0,5.65,0.0,7.0,168,CP II Z 32,7 dias úmida / 56 dias ar 50% umidade,Laboratório,RS,Sul,7 dias,260.0,203,111.93166666666667,148.06833333333333,148.06833333333333,expansao
0.482,390,187.98,15.0,25.0,5.65,0.0,14.0,336,CP II Z 32,7 dias úmida / 56 dias ar 50% umidade,Laboratório,RS,Sul,14 dias,150.0,203,46.58666666666666,103.41333333333334,103.41333333333334,expansao
0.482,390,187.98,15.0,25.0,5.65,0.0,28.0,672,CP II Z 32,7 dias úmida / 56 dias ar 50% umidade,Laboratório,RS,Sul,28 dias,40.0,203,-149.59083333333334,189.59083333333334,189.59083333333334,retracao
0.482,390,187.98,15.0,25.0,5.65,0.0,56.0,1344,CP II Z 32,7 dias úmida / 56 dias ar 50% umidade,Laboratório,RS,Sul,56 dias,-20.0,203,-227.08023809523803,207.08023809523803,207.08023809523803,retracao
0.54,355,191.70000000000002,12.5,25.0,0.0,0.6,0.5,12,CP II F 32,7 dias úmida / 56 dias ar 50% umidade,Laboratório,SC,Sul,12 h,0.0,204,21.585,-21.585,21.585,expansao
0.54,355,191.70000000000002,12.5,25.0,0.0,0.6,1.0,24,CP II F 32,7 dias úmida / 56 dias ar 50% umidade,Laboratório,SC,Sul,1 dia,340.0,204,253.4866666666667,86.51333333333329,86.51333333333329,expansao
0.54,355,191.70000000000002,12.5,25.0,0.0,0.6,3.0,72,CP II F 32,7 dias úmida / 56 dias ar 50% umidade,Laboratório,SC,Sul,3 dias,310.0,204,294.8183333333334,15.181666666666615,15.181666666666615,expansao
0.54,355,191.70000000000002,12.5,25.0,0.0,0.6,7.0,168,CP II F 32,7 dias úmida / 56 dias ar 50% umidade,Laboratório,SC,Sul,7 dias,310.0,204,299.44166666666666,10.558333333333337,10.558333333333337,expansao
0.54,355,191.70000000000002,12.5,25.0,0.0,0.6,14.0,336,CP II F 32,7 dias úmida / 56 dias ar 50% umidade,Laboratório,SC,Sul,14 dias,250.0,204,82.05333333333333,167.94666666666666,167.94666666666666,expansao
0.54,355,191.70000000000002,12.5,25.0,0.0,0.6,28.0,672,CP II F 32,7 dias úmida / 56 dias ar 50% umidade,Laboratório,SC,Sul,28 dias,140.0,204,-86.94666666666667,226.94666666666666,226.94666666666666,retracao
0.54,355,191.70000000000002,12.5,25.0,0.0,0.6,56.0,1344,CP II F 32,7 dias úmida / 56 dias ar 50% umidade,Laboratório,SC,Sul,56 dias,110.0,204,-119.69,229.69,229.69,retracao
0.54,355,191.70000000000002,15.0,25.0,0.0,0.6,0.5,12,CP II F 32,7 dias úmida / 56 dias ar 50% umidade,Laboratório,SC,Sul,12 h,0.0,205,0.0,0.0,0.0,estabilidade
0.54,355,191.70000000000002,15.0,25.0,0.0,0.6,1.0,24,CP II F 32,7 dias úmida / 56 dias ar 50% umidade,Laboratório,SC,Sul,1 dia,410.0,205,219.20666666666654,190.79333333333346,190.79333333333346,expansao
0.54,355,191.70000000000002,15.0,25.0,0.0,0.6,3.0,72,CP II F 32,7 dias úmida / 56 dias ar 50% umidade,Laboratório,SC,Sul,3 dias,400.0,205,214.9061111111111,185.0938888888889,185.0938888888889,expansao
0.54,355,191.70000000000002,15.0,25.0,0.0,0.6,7.0,168,CP II F 32,7 dias úmida / 56 dias ar 50% umidade,Laboratório,SC,Sul,7 dias,400.0,205,218.8114285714285,181.1885714285715,181.1885714285715,expansao
0.54,355,191.70000000000002,15.0,25.0,0.0,0.6,14.0,336,CP II F 32,7 dias úmida / 56 dias ar 50% umidade,Laboratório,SC,Sul,14 dias,370.0,205,67.16333333333336,302.83666666666664,302.83666666666664,expansao
0.54,355,191.70000000000002,15.0,25.0,0.0,0.6,28.0,672,CP II F 32,7 dias úmida / 56 dias ar 50% umidade,Laboratório,SC,Sul,28 dias,230.0,205,-44.95833333333336,274.95833333333337,274.95833333333337,retracao
0.54,355,191.70000000000002,15.0,25.0,0.0,0.6,56.0,1344,CP II F 32,7 dias úmida / 56 dias ar 50% umidade,Laboratório,SC,Sul,56 dias,210.0,205,-186.63666666666668,396.63666666666666,396.63666666666666,retracao
0.49,345,169.04999999999998,10.0,0.0,0.0,0.0,0.5,12,CP V ARI RS,7 dias úmida / 56 dias ar 50% umidade,Laboratório,SP,Sudeste,12 h,20.0,206,2.598333333333335,17.401666666666664,17.401666666666664,expansao
0.49,345,169.04999999999998,10.0,0.0,0.0,0.0,1.0,24,CP V ARI RS,7 dias úmida / 56 dias ar 50% umidade,Laboratório,SP,Sudeste,1 dia,0.0,206,18.099999999999994,-18.099999999999994,18.099999999999994,expansao
0.49,345,169.04999999999998,10.0,0.0,0.0,0.0,3.0,72,CP V ARI RS,7 dias úmida / 56 dias ar 50% umidade,Laboratório,SP,Sudeste,3 dias,100.0,206,49.59333333333334,50.40666666666666,50.40666666666666,expansao
0.49,345,169.04999999999998,10.0,0.0,0.0,0.0,7.0,168,CP V ARI RS,7 dias úmida / 56 dias ar 50% umidade,Laboratório,SP,Sudeste,7 dias,30.0,206,51.13333333333334,-21.13333333333334,21.13333333333334,expansao
0.49,345,169.04999999999998,10.0,0.0,0.0,0.0,14.0,336,CP V ARI RS,7 dias úmida / 56 dias ar 50% umidade,Laboratório,SP,Sudeste,14 dias,-150.0,206,-101.6535714285714,-48.3464285714286,48.3464285714286,retracao
